{
  "resourceType" : "CodeSystem",
  "id" : "CSNivelComplejidadEstablecimiento",
  "text" : {
    "status" : "generated",
    "div" : "<div xmlns=\"http://www.w3.org/1999/xhtml\"><p>This case-sensitive code system <code>https://interoperabilidad.minsal.cl/fhir/ig/mfr/CodeSystem/CSNivelComplejidadEstablecimiento</code> defines the following codes:</p><table class=\"codes\"><tr><td style=\"white-space:nowrap\"><b>Code</b></td><td><b>Display</b></td></tr><tr><td style=\"white-space:nowrap\">1<a name=\"CSNivelComplejidadEstablecimiento-1\"> </a></td><td>Baja Complejidad</td></tr><tr><td style=\"white-space:nowrap\">2<a name=\"CSNivelComplejidadEstablecimiento-2\"> </a></td><td>Mediana Complejidad</td></tr><tr><td style=\"white-space:nowrap\">3<a name=\"CSNivelComplejidadEstablecimiento-3\"> </a></td><td>Alta Complejidad</td></tr><tr><td style=\"white-space:nowrap\">95<a name=\"CSNivelComplejidadEstablecimiento-95\"> </a></td><td>No Aplica</td></tr></table></div>"
  },
  "url" : "https://interoperabilidad.minsal.cl/fhir/ig/mfr/CodeSystem/CSNivelComplejidadEstablecimiento",
  "version" : "0.1.4",
  "name" : "CSNivelComplejidadEstablecimiento",
  "title" : "Nivel Complejidad Establecimiento",
  "status" : "active",
  "experimental" : false,
  "date" : "2023-01-15",
  "publisher" : "Unidad de Interoperabilidad - MINSAL",
  "contact" : [{
    "name" : "Unidad de Interoperabilidad - MINSAL",
    "telecom" : [{
      "system" : "url",
      "value" : "https://interoperabilidad.minsal.cl"
    }]
  }],
  "description" : "Nivel Complejidad Establecimiento",
  "jurisdiction" : [{
    "coding" : [{
      "system" : "urn:iso:std:iso:3166",
      "code" : "CL",
      "display" : "Chile"
    }]
  }],
  "caseSensitive" : true,
  "content" : "complete",
  "count" : 4,
  "concept" : [{
    "code" : "1",
    "display" : "Baja Complejidad"
  },
  {
    "code" : "2",
    "display" : "Mediana Complejidad"
  },
  {
    "code" : "3",
    "display" : "Alta Complejidad"
  },
  {
    "code" : "95",
    "display" : "No Aplica"
  }]
}