{
  "resourceType" : "CodeSystem",
  "id" : "CSPertenenciaSNSS",
  "text" : {
    "status" : "generated",
    "div" : "<div xmlns=\"http://www.w3.org/1999/xhtml\"><p>This case-sensitive code system <code>https://interoperabilidad.minsal.cl/fhir/ig/mfr/CodeSystem/CSPertenenciaSNSS</code> defines the following codes:</p><table class=\"codes\"><tr><td style=\"white-space:nowrap\"><b>Code</b></td><td><b>Display</b></td></tr><tr><td style=\"white-space:nowrap\">1<a name=\"CSPertenenciaSNSS-1\"> </a></td><td>Perteneciente</td></tr><tr><td style=\"white-space:nowrap\">2<a name=\"CSPertenenciaSNSS-2\"> </a></td><td>No Perteneciente</td></tr><tr><td style=\"white-space:nowrap\">95<a name=\"CSPertenenciaSNSS-95\"> </a></td><td>No Aplica</td></tr></table></div>"
  },
  "url" : "https://interoperabilidad.minsal.cl/fhir/ig/mfr/CodeSystem/CSPertenenciaSNSS",
  "version" : "0.1.4",
  "name" : "CSPertenenciaSNSS",
  "title" : "PertenenciaSNSS",
  "status" : "active",
  "experimental" : false,
  "date" : "2023-01-15",
  "publisher" : "Unidad de Interoperabilidad - MINSAL",
  "contact" : [{
    "name" : "Unidad de Interoperabilidad - MINSAL",
    "telecom" : [{
      "system" : "url",
      "value" : "https://interoperabilidad.minsal.cl"
    }]
  }],
  "description" : "PertenenciaSNSS",
  "jurisdiction" : [{
    "coding" : [{
      "system" : "urn:iso:std:iso:3166",
      "code" : "CL",
      "display" : "Chile"
    }]
  }],
  "caseSensitive" : true,
  "content" : "complete",
  "count" : 3,
  "concept" : [{
    "code" : "1",
    "display" : "Perteneciente"
  },
  {
    "code" : "2",
    "display" : "No Perteneciente"
  },
  {
    "code" : "95",
    "display" : "No Aplica"
  }]
}