<?xml version="1.0" encoding="UTF-8"?>

<CodeSystem xmlns="http://hl7.org/fhir">
  <id value="CSTipoDeAnestesiaCL"/>
  <text>
    <status value="generated"/><div xmlns="http://www.w3.org/1999/xhtml"><p>This case-sensitive code system <code>https://interoperabilidad.minsal.cl/fhir/ig/eis/CodeSystem/CSTipoDeAnestesiaCL</code> defines the following codes:</p><table class="codes"><tr><td style="white-space:nowrap"><b>Code</b></td><td><b>Display</b></td></tr><tr><td style="white-space:nowrap">1<a name="CSTipoDeAnestesiaCL-1"> </a></td><td>General</td></tr><tr><td style="white-space:nowrap">2<a name="CSTipoDeAnestesiaCL-2"> </a></td><td>Troncular o Regional</td></tr><tr><td style="white-space:nowrap">3<a name="CSTipoDeAnestesiaCL-3"> </a></td><td>Epidural</td></tr><tr><td style="white-space:nowrap">4<a name="CSTipoDeAnestesiaCL-4"> </a></td><td>Local</td></tr><tr><td style="white-space:nowrap">5<a name="CSTipoDeAnestesiaCL-5"> </a></td><td>Sedación</td></tr></table></div>
  </text>
  <url value="https://interoperabilidad.minsal.cl/fhir/ig/eis/CodeSystem/CSTipoDeAnestesiaCL"/>
  <version value="0.1.0"/>
  <name value="CSTipoDeAnestesiaCL"/>
  <title value="Corresponde al tipo o clasificación de calle."/>
  <status value="active"/>
  <experimental value="false"/>
  <date value="2022-01-18T00:00:00-03:00"/>
  <publisher value="Unidad de Interoperabilidad - MINSAL"/>
  <contact>
    <name value="Unidad de Interoperabilidad - MINSAL"/>
    <telecom>
      <system value="url"/>
      <value value="https://interoperabilidad.minsal.cl"/>
    </telecom>
  </contact>
  <description value="Corresponde al tipo o clasificación de calle."/>
  <jurisdiction>
    <coding>
      <system value="urn:iso:std:iso:3166"/>
      <code value="CL"/>
      <display value="Chile"/>
    </coding>
  </jurisdiction>
  <caseSensitive value="true"/>
  <content value="complete"/>
  <count value="5"/>
  <concept>
    <code value="1"/>
    <display value="General"/>
  </concept>
  <concept>
    <code value="2"/>
    <display value="Troncular o Regional"/>
  </concept>
  <concept>
    <code value="3"/>
    <display value="Epidural"/>
  </concept>
  <concept>
    <code value="4"/>
    <display value="Local"/>
  </concept>
  <concept>
    <code value="5"/>
    <display value="Sedación"/>
  </concept>
</CodeSystem>