<?xml version="1.0" encoding="UTF-8"?><ValueSet xmlns="http://hl7.org/fhir"><id value="VSGrupoMarcas"/><text><status value="generated"/><div xmlns="http://www.w3.org/1999/xhtml"><ul><li>Include all codes defined in <a href="CodeSystem-CSGrupoMarcas.html"><code>https://interoperabilidad.minsal.cl/fhir/ig/mpi/CodeSystem/CSGrupoMarcas</code></a></li></ul></div></text><url value="https://interoperabilidad.minsal.cl/fhir/ig/mpi/ValueSet/VSGrupoMarcas"/><version value="0.2.0"/><name value="VSGrupoMarcas"/><title value="GrupoMarcas"/><status value="active"/><experimental value="false"/><date value="2023-01-15"/><publisher value="Unidad de Interoperabilidad - MINSAL"/><contact><name value="Unidad de Interoperabilidad - MINSAL"/><telecom><system value="url"/><value value="https://interoperabilidad.minsal.cl"/></telecom></contact><description value="GrupoMarcas"/><jurisdiction><coding><system value="urn:iso:std:iso:3166"/><code value="CL"/><display value="Chile"/></coding></jurisdiction><compose><include><system value="https://interoperabilidad.minsal.cl/fhir/ig/mpi/CodeSystem/CSGrupoMarcas"/></include></compose></ValueSet>