<?xml version="1.0" encoding="UTF-8"?><ValueSet xmlns="http://hl7.org/fhir"><id value="VSValoracionDesempeno"/><text><status value="generated"/><div xmlns="http://www.w3.org/1999/xhtml"><ul><li>Include all codes defined in <a href="CodeSystem-CSValoracionDesempeno.html"><code>http://minsal.cl/fhir/ig/mpi/CodeSystem/CSValoracionDesempeno</code></a></li></ul></div></text><url value="http://minsal.cl/fhir/ig/mpi/ValueSet/VSValoracionDesempeno"/><version value="0.1.4"/><name value="VSValoracionDesempeno"/><title value="Valoracion Desempeno"/><status value="active"/><experimental value="false"/><date value="2023-01-15"/><publisher value="MINSAL"/><contact><name value="MINSAL"/><telecom><system value="url"/><value value="http://minsal.cl"/></telecom></contact><description value="Valoracion Desempeno"/><jurisdiction><coding><system value="urn:iso:std:iso:3166"/><code value="CL"/><display value="Chile"/></coding></jurisdiction><compose><include><system value="http://minsal.cl/fhir/ig/mpi/CodeSystem/CSValoracionDesempeno"/></include></compose></ValueSet>