{
  "resourceType" : "CodeSystem",
  "id" : "CSNivelComplejidad",
  "text" : {
    "status" : "generated",
    "div" : "<div xmlns=\"http://www.w3.org/1999/xhtml\"><p>This case-sensitive code system <code>https://interoperabilidad.minsal.cl/fhir/ig/eis/CodeSystem/CSNivelComplejidad</code> defines the following codes:</p><table class=\"codes\"><tr><td style=\"white-space:nowrap\"><b>Code</b></td><td><b>Display</b></td></tr><tr><td style=\"white-space:nowrap\">BC<a name=\"CSNivelComplejidad-BC\"> </a></td><td>Baja Complejidad</td></tr><tr><td style=\"white-space:nowrap\">MC<a name=\"CSNivelComplejidad-MC\"> </a></td><td>Mediana Complejidad</td></tr><tr><td style=\"white-space:nowrap\">AC<a name=\"CSNivelComplejidad-AC\"> </a></td><td>Alta Complejidad</td></tr></table></div>"
  },
  "url" : "https://interoperabilidad.minsal.cl/fhir/ig/eis/CodeSystem/CSNivelComplejidad",
  "version" : "0.1.0",
  "name" : "CSNivelComplejidad",
  "title" : "Nivel Complejidad Establecimiento de Salud",
  "status" : "active",
  "experimental" : false,
  "date" : "2022-01-18T00:00:00-03:00",
  "publisher" : "Unidad de Interoperabilidad - MINSAL",
  "contact" : [{
    "name" : "Unidad de Interoperabilidad - MINSAL",
    "telecom" : [{
      "system" : "url",
      "value" : "https://interoperabilidad.minsal.cl"
    }]
  }],
  "description" : "Códigos de Nivel Complejidad Establecimiento de Salud",
  "jurisdiction" : [{
    "coding" : [{
      "system" : "urn:iso:std:iso:3166",
      "code" : "CL",
      "display" : "Chile"
    }]
  }],
  "caseSensitive" : true,
  "content" : "complete",
  "count" : 3,
  "concept" : [{
    "code" : "BC",
    "display" : "Baja Complejidad"
  },
  {
    "code" : "MC",
    "display" : "Mediana Complejidad"
  },
  {
    "code" : "AC",
    "display" : "Alta Complejidad"
  }]
}