<?xml version="1.0" encoding="UTF-8"?><ValueSet xmlns="http://hl7.org/fhir"><id value="VSEspecialidades"/><text><status value="generated"/><div xmlns="http://www.w3.org/1999/xhtml"><p>This value set includes codes based on the following rules:</p><ul><li>Include all codes defined in <a href="CodeSystem-CSEspecialidadMed.html"><code>https://interoperabilidad.minsal.cl/fhir/ig/tei/CodeSystem/CSEspecialidadMed</code></a></li><li>Include all codes defined in <a href="CodeSystem-CSEspecialidadOdont.html"><code>https://interoperabilidad.minsal.cl/fhir/ig/tei/CodeSystem/CSEspecialidadOdont</code></a></li><li>Include all codes defined in <a href="CodeSystem-CSEspecialidadFarma.html"><code>https://interoperabilidad.minsal.cl/fhir/ig/tei/CodeSystem/CSEspecialidadFarma</code></a></li><li>Include all codes defined in <a href="CodeSystem-CSEspecialidadBioqca.html"><code>https://interoperabilidad.minsal.cl/fhir/ig/tei/CodeSystem/CSEspecialidadBioqca</code></a></li></ul></div></text><url value="https://interoperabilidad.minsal.cl/fhir/ig/tei/ValueSet/VSEspecialidades"/><version value="0.1.5"/><name value="VSEspecialidades"/><title value="Especialidades"/><status value="active"/><experimental value="false"/><date value="2023-01-15"/><publisher value="Unidad de Interoperabilidad - MINSAL"/><contact><name value="Unidad de Interoperabilidad - MINSAL"/><telecom><system value="url"/><value value="https://interoperabilidad.minsal.cl"/></telecom></contact><description value="Especialidades"/><jurisdiction><coding><system value="urn:iso:std:iso:3166"/><code value="CL"/><display value="Chile"/></coding></jurisdiction><compose><include><system value="https://interoperabilidad.minsal.cl/fhir/ig/tei/CodeSystem/CSEspecialidadMed"/></include><include><system value="https://interoperabilidad.minsal.cl/fhir/ig/tei/CodeSystem/CSEspecialidadOdont"/></include><include><system value="https://interoperabilidad.minsal.cl/fhir/ig/tei/CodeSystem/CSEspecialidadFarma"/></include><include><system value="https://interoperabilidad.minsal.cl/fhir/ig/tei/CodeSystem/CSEspecialidadBioqca"/></include></compose></ValueSet>