<?xml version="1.0" encoding="UTF-8"?><ValueSet xmlns="http://hl7.org/fhir"><id value="VSMotivoCierreInterconsulta"/><text><status value="generated"/><div xmlns="http://www.w3.org/1999/xhtml"><ul><li>Include all codes defined in <a href="CodeSystem-CSMotivoCierreInterconsulta.html"><code>https://interoperabilidad.minsal.cl/fhir/ig/tei/CodeSystem/CSMotivoCierreInterconsulta</code></a></li></ul></div></text><url value="https://interoperabilidad.minsal.cl/fhir/ig/tei/ValueSet/VSMotivoCierreInterconsulta"/><version value="0.1.5"/><name value="VSMotivoCierreInterconsulta"/><title value="Motivo Cierre Interconsulta"/><status value="active"/><experimental value="false"/><date value="2023-01-15"/><publisher value="Unidad de Interoperabilidad - MINSAL"/><contact><name value="Unidad de Interoperabilidad - MINSAL"/><telecom><system value="url"/><value value="https://interoperabilidad.minsal.cl"/></telecom></contact><description value="Motivo Cierre Interconsulta"/><jurisdiction><coding><system value="urn:iso:std:iso:3166"/><code value="CL"/><display value="Chile"/></coding></jurisdiction><compose><include><system value="https://interoperabilidad.minsal.cl/fhir/ig/tei/CodeSystem/CSMotivoCierreInterconsulta"/></include></compose></ValueSet>