<?xml version="1.0" encoding="UTF-8"?><CodeSystem xmlns="http://hl7.org/fhir"><id value="CSPrevisionCodigo"/><text><status value="generated"/><div xmlns="http://www.w3.org/1999/xhtml"><p>This case-sensitive code system <code>https://interoperabilidad.minsal.cl/fhir/ig/tei/CodeSystem/CSPrevisionCodigo</code> defines the following codes:</p><table class="codes"><tr><td style="white-space:nowrap"><b>Code</b></td><td><b>Display</b></td></tr><tr><td style="white-space:nowrap">1<a name="CSPrevisionCodigo-1"> </a></td><td>FONASA Fondo Nacional de Salud.</td></tr><tr><td style="white-space:nowrap">2<a name="CSPrevisionCodigo-2"> </a></td><td>ISAPRE  Instituciones de Salud Previsional.</td></tr><tr><td style="white-space:nowrap">3<a name="CSPrevisionCodigo-3"> </a></td><td>CAPREDENA Caja de Previsión de la Defensa Nacional.</td></tr><tr><td style="white-space:nowrap">4<a name="CSPrevisionCodigo-4"> </a></td><td>DIPRECA Dirección de Previsión de Carabineros, PDI y Gendarmería</td></tr><tr><td style="white-space:nowrap">5<a name="CSPrevisionCodigo-5"> </a></td><td>SISA Sistema de Salud de las Fuerzas Armadas (Ejército, Armada y Fuerza Aérea).</td></tr><tr><td style="white-space:nowrap">96<a name="CSPrevisionCodigo-96"> </a></td><td>NINGUNA</td></tr><tr><td style="white-space:nowrap">99<a name="CSPrevisionCodigo-99"> </a></td><td>DESCONOCIDO</td></tr></table></div></text><url value="https://interoperabilidad.minsal.cl/fhir/ig/tei/CodeSystem/CSPrevisionCodigo"/><version value="0.1.6"/><name value="CSPrevisionCodigo"/><title value="PrevisionCodigo"/><status value="active"/><experimental value="false"/><date value="2023-01-15"/><publisher value="Unidad de Interoperabilidad - MINSAL"/><contact><name value="Unidad de Interoperabilidad - MINSAL"/><telecom><system value="url"/><value value="https://interoperabilidad.minsal.cl"/></telecom></contact><description value="PrevisionCodigo"/><jurisdiction><coding><system value="urn:iso:std:iso:3166"/><code value="CL"/><display value="Chile"/></coding></jurisdiction><caseSensitive value="true"/><content value="complete"/><count value="7"/><concept><code value="1"/><display value="FONASA Fondo Nacional de Salud."/></concept><concept><code value="2"/><display value="ISAPRE  Instituciones de Salud Previsional."/></concept><concept><code value="3"/><display value="CAPREDENA Caja de Previsión de la Defensa Nacional."/></concept><concept><code value="4"/><display value="DIPRECA Dirección de Previsión de Carabineros, PDI y Gendarmería"/></concept><concept><code value="5"/><display value="SISA Sistema de Salud de las Fuerzas Armadas (Ejército, Armada y Fuerza Aérea)."/></concept><concept><code value="96"/><display value="NINGUNA"/></concept><concept><code value="99"/><display value="DESCONOCIDO"/></concept></CodeSystem>