{
  "resourceType" : "PractitionerRole",
  "id" : "EjemploPractitionerRoleAgendarMH",
  "meta" : {
    "profile" : ["https://interoperabilidad.minsal.cl/fhir/ig/tei/StructureDefinition/PractitionerRoleLE"]
  },
  "text" : {
    "status" : "generated",
    "div" : "<div xmlns=\"http://www.w3.org/1999/xhtml\"><p><b>Generated Narrative: PractitionerRole</b><a name=\"EjemploPractitionerRoleAgendarMH\"> </a></p><div style=\"display: inline-block; background-color: #d9e0e7; padding: 6px; margin: 4px; border: 1px solid #8da1b4; border-radius: 5px; line-height: 60%\"><p style=\"margin-bottom: 0px\">Resource PractitionerRole &quot;EjemploPractitionerRoleAgendarMH&quot; </p><p style=\"margin-bottom: 0px\">Profile: <a href=\"StructureDefinition-PractitionerRoleLE.html\">PractitionerRole LE</a></p></div><p><b>practitioner</b>: <a href=\"http://acme.com/ehr/fhir/Practitioner/PractitionerAgendarAgendador\">http://acme.com/ehr/fhir/Practitioner/PractitionerAgendarAgendador</a></p><p><b>organization</b>: <a href=\"Bundle-EjemploBundleAgendar.html#http-//acme.com/ehr/fhir/Organization/agendar\">http://acme.com/ehr/fhir/Organization/agendar</a></p><p><b>code</b>: Agendador <span style=\"background: LightGoldenRodYellow; margin: 4px; border: 1px solid khaki\"> (<a href=\"CodeSystem-CSPractitionerTipoRolLE.html\">Rol de médicos</a>#agendador)</span></p></div>"
  },
  "practitioner" : {
    "reference" : "http://acme.com/ehr/fhir/Practitioner/PractitionerAgendarAgendador"
  },
  "organization" : {
    "reference" : "http://acme.com/ehr/fhir/Organization/agendar"
  },
  "code" : [{
    "coding" : [{
      "system" : "https://interoperabilidad.minsal.cl/fhir/ig/tei/CodeSystem/CSPractitionerTipoRolLE",
      "code" : "agendador"
    }]
  }]
}