URL,Version,Status,OIDs,Name,Title,Description,Used
http://hl7.org/fhir/identifier-use,4.0.1,active,"2.16.840.1.113883.4.642.4.58",IdentifierUse,IdentifierUse,"Identifies the purpose for this identifier, if known .","ValueSet/identifier-use"
https://interoperabilidad.minsal.cl/fhir/ig/eis/CodeSystem/LeyesAtencionSaludCS,0.2.0,active,"2.16.840.1.113883.2.22.16.1",LeyesAtencionSaludCS,Leyes Relacionadas a la Atención en Salud,"Leyes que otorgan beneficio de salud por causas específicas y se relacionan con el seguro de salud general de la persona ya sea FONASA o ISAPRE.","ValueSet/LeyesAtencionSaludVS"
https://interoperabilidad.minsal.cl/fhir/ig/eis/CodeSystem/eis-CondiciondelaActividadLaboral-CS,0.2.0,active,"2.16.840.1.113883.2.22.16.2",CondiciondelaActividadLaboralCS,Condicion de la Actividad Laboral,"La condición de la actividad corresponde a la relación que mantiene la persona con el trabajo al momento del registro, y se vincula con su ciclo de vida laboral, permitiendo identificar su situación de actividad económica. ","ValueSet/eis-CondiciondelaActividadLaboral-VS"
https://interoperabilidad.minsal.cl/fhir/ig/eis/CodeSystem/eis-EspecialidadesySubespecialidadesMedicas-CS,0.2.0,active,"2.16.840.1.113883.2.22.16.3",EspecialidadesySubespecialidadesMedicasCS,Especialidades y Subespecialidades Medicas,"La certificación de especialidades y subespecialidades médicas corresponden al proceso mediante el cual se reconoce oficialmente que un prestador individual de salud posee y domina un conjunto de conocimientos, competencias y experiencias específicas, relevantes para el ejercicio profesional en un ámbito determinado de la atención de salud.","ValueSet/eis-EspecialidadesySubespecialidadesMedicas-VS"
https://interoperabilidad.minsal.cl/fhir/ig/eis/CodeSystem/eis-EstadoCivil-CS,0.2.0,active,"2.16.840.1.113883.2.22.16.4",EstadoCivilCS,Estado Civil,"El estado civil es la situación de un individuo jurídica de una persona dentro de la sociedad, determinada principalmente por sus relaciones de familia, que la habilita para ejercer determinados derechos y contraer obligaciones de carácter civil.","ValueSet/eis-EstadoCivil-VS"
https://interoperabilidad.minsal.cl/fhir/ig/eis/CodeSystem/eis-GruposdeOcupaciones-CS,0.2.0,active,"2.16.840.1.113883.2.22.16.5",GruposdeOcupacionesCS,Grupos de Ocupaciones,"La ocupación corresponde al conjunto de tareas y funciones asociadas al empleo que la persona desempeña o ha desempeñado. Una persona puede estar vinculada a una ocupación a través de su empleo principal, un empleo secundario o un empleo desempeñado anteriormente.","ValueSet/eis-GruposdeOcupaciones-VS"
https://interoperabilidad.minsal.cl/fhir/ig/eis/CodeSystem/eis-ModalidaddeAtencionFONASA-CS,0.2.0,active,"2.16.840.1.113883.2.22.16.6",ModalidaddeAtencionFONASACS,Modalidad de Atención FONASA,"La modalidad de atención FONASA corresponde a la forma en que  una persona afiliada voluntariamente al Fondo Nacional de Salud (FONASA) accede a las prestaciones de salud, permitiéndole contar con los servicios y la protección financiera otorgada por el Seguro Público de Salud","ValueSet/eis-ModalidaddeAtencionFONASA-VS"
https://interoperabilidad.minsal.cl/fhir/ig/eis/CodeSystem/eis-NiveldeDiscapacidad-CS,0.2.0,active,"2.16.840.1.113883.2.22.16.7",NiveldeDiscapacidadCS,Nivel de Discapacidad,"Las personas en situación de discapacidad son aquellas que, en relación con condiciones de salud de carácter físico, psíquico, intelectual, sensorial u otras, y al interactuar con diversas barreras contextuales, actitudinales y ambientales, presentan restricciones en su participación plena y efectiva en la sociedad, en igualdad de condiciones con las demás personas.","ValueSet/eis-NiveldeDiscapacidad-VS"
https://interoperabilidad.minsal.cl/fhir/ig/eis/CodeSystem/eis-NiveldeInstruccion-CS,0.2.0,active,"2.16.840.1.113883.2.22.16.8",NiveldeInstruccionCS,Nivel de Instrucción,"Código del último nivel aprobado","ValueSet/eis-NiveldeInstruccion-CS"
https://interoperabilidad.minsal.cl/fhir/ig/eis/CodeSystem/eis-OcupacionesDesagregadas-CS,0.2.0,active,"2.16.840.1.113883.2.22.16.9",OcupacionesDesagregadasCS,Ocupaciones Desagregadas,"Código asociados a el detalle de las ocupaciones de un paciente","ValueSet/eis-OcupacionesDesagregadas-VS"
https://interoperabilidad.minsal.cl/fhir/ig/eis/CodeSystem/eis-OrigendeDiscapacidad-CS,0.2.0,active,"2.16.840.1.113883.2.22.16.10",OrigendeDiscapacidadCS,Origen de Discapacidad,"El origen de la discapacidad corresponde al evento, condición o circunstancia a partir de la cual se genera una situación de discapacidad en la persona, considerando la interacción entre sus condiciones de salud y las barreras contextuales, actitudinales y ambientales.","ValueSet/eis-OrigendeDiscapacidad-VS"
https://interoperabilidad.minsal.cl/fhir/ig/eis/CodeSystem/eis-PrevisiondeSalud-CS,0.2.0,active,"2.16.840.1.113883.2.22.16.11",PrevisiondeSaludCS,Previsión de Salud,"La previsión corresponde a la variable que identifica el sistema de aseguramiento de salud vigente al que se encuentra adscrita la persona, el cual define la cobertura para acciones de promoción, prevención, tratamiento y control de las enfermedades.","ValueSet/eis-regiones-vs,ValueSet/eis-PrevisiondeSalud-VS"
https://interoperabilidad.minsal.cl/fhir/ig/eis/CodeSystem/eis-PuebloAfrodescendienteChileno-CS,0.2.0,active,"2.16.840.1.113883.2.22.16.12",PuebloAfrodescendienteChilenoCS,Pueblo Afrodescendiente Chileno,"Se entiende por pueblo afrodescendiente chileno al grupo humano que, teniendo nacionalidad chilena conforme a la Constitución Política de la República, comparte una historia, cultura, tradiciones y costumbres comunes, unidas por la conciencia de identidad y reconocimiento colectivo.","ValueSet/eis-PuebloAfrodescendienteChileno-VS"
https://interoperabilidad.minsal.cl/fhir/ig/eis/CodeSystem/eis-PueblosOriginarios-CS,0.2.0,active,"2.16.840.1.113883.2.22.16.13",PueblosOriginariosCS,Pueblos Indígenas u Originarios,"Los Pueblos Indígenas u Originarios en Chile corresponden a los descendientes de agrupaciones humanas que habitaban el territorio nacional en tiempos precolombinos, y que conservan manifestaciones culturales, sociales y étnicas propias, o parte de ellas, teniendo para estos pueblos la tierra un rol fundamental en su existencia y desarrollo cultural.","ValueSet/eis-PueblosOriginarios-VS"
https://interoperabilidad.minsal.cl/fhir/ig/eis/CodeSystem/eis-SexoBiologico-CS,0.2.0,active,"2.16.840.1.113883.2.22.16.14",SexoBiologicoCS,Sexo Biológico,"El sexo biológico corresponde a la determinación realizada mediante la aplicación de criterios biológicos y anatómicos, utilizados para clasificar a las personas como hombre o mujer al momento del nacimiento.","ValueSet/SexoBiologicoVS"
https://interoperabilidad.minsal.cl/fhir/ig/eis/CodeSystem/eis-SexoRegistral-CS,0.2.0,active,"2.16.840.1.113883.2.22.16.15",SexoRegistralCS,Sexo Registral,"o Reúne los códigos y valores relacionados con el sexo registral explicitado por el SRCeI","ValueSet/SexoRegistralVS"
https://interoperabilidad.minsal.cl/fhir/ig/eis/CodeSystem/eis-comunas-cs,0.2.0,active,"2.16.840.1.113883.2.22.16.16",ComunasCS,Comunas,"Código de comunas","ValueSet/eis-comunas-vs"
https://interoperabilidad.minsal.cl/fhir/ig/eis/CodeSystem/eis-consultaclinica-cs,0.2.0,active,"2.16.840.1.113883.2.22.16.17",ConsultaClinicaCS,Consulta clínica,"Consulta clínica","ValueSet/eis-consultaclinica-vs"
https://interoperabilidad.minsal.cl/fhir/ig/eis/CodeSystem/eis-especialidades-bioquimicas-cs,0.2.0,active,"2.16.840.1.113883.2.22.16.18",EspecialidadesBioquimicasCS,Especialidades y Subespecialidades Farmacéuticas o Químico Farmacéuticas,"Corresponde al conjunto de códigos y valores asociados a las especialidades y subespecialidades bioquímicas, que permiten identificar el ámbito específico de desempeño profesional del prestador individual del área de la bioquímica en el sistema de salud. ","ValueSet/eis-especialidades-bioquimicas-vs"
https://interoperabilidad.minsal.cl/fhir/ig/eis/CodeSystem/eis-especialidades-enfermeria-cs,0.2.0,active,"2.16.840.1.113883.2.22.16.19",EspecialidadesEnfermeriaCS,Especialidades y Subespecialidades de Enfermería,"Corresponde al conjunto de códigos y valores asociados a las especialidades y subespecialidades de enfermería, que permiten identificar el ámbito específico de desempeño profesional del prestador individual del área de enfermería en el sistema de salud.","ValueSet/eis-especialidades-enfermeria-vs"
https://interoperabilidad.minsal.cl/fhir/ig/eis/CodeSystem/eis-especialidades-farmaceuticas-cs,0.2.0,active,"2.16.840.1.113883.2.22.16.20",EspecialidadesFarmaceuticasCS,Especialidades y Subespecialidades Farmacéuticas o Químico Farmacéuticas,"Corresponde al conjunto de códigos y valores asociados a las especialidades y subespecialidades farmacéuticas o químico-farmacéuticas, que permiten identificar y registrar el ámbito específico de desempeño profesional del prestador individual del área farmacéutica.","ValueSet/eis-especialidades-farmaceuticas-vs"
https://interoperabilidad.minsal.cl/fhir/ig/eis/CodeSystem/eis-especialidades-odontologicas-cs,0.2.0,active,"2.16.840.1.113883.2.22.16.21",EspecialidadesOdontologicasCS,Especialidades y Subespecialidades Odontológicas,"La certificación de especialidades y subespecialidades odontológicas corresponde al proceso mediante el cual se reconoce oficialmente que un prestador individual del área odontológica posee los conocimientos, competencias y experiencias específicas requeridas para el ejercicio profesional en un ámbito determinado de la atención odontológica.","ValueSet/eis-especialidades-odontologicas-vs"
https://interoperabilidad.minsal.cl/fhir/ig/eis/CodeSystem/eis-establecimientos-nivel-complejidad-cs,0.2.0,active,"2.16.840.1.113883.2.22.16.22",EstablecimientosNivelComplejidadCS,Establecimientos según Nivel de Complejidad,"El nivel de complejidad de los establecimientos que integran la Red Asistencial del Sistema Nacional de Servicios de Salud se determina conforme a lo establecido en el Reglamento Orgánico de los Servicios de Salud, considerando su infraestructura, capacidad resolutiva y tipo de prestaciones que otorgan.","ValueSet/eis-establecimientos-nivel-complejidad-vs"
https://interoperabilidad.minsal.cl/fhir/ig/eis/CodeSystem/eis-establecimientoscodigodeis-CS,0.2.0,active,"2.16.840.1.113883.2.22.16.23",EstablecimientosCodigoDeisCS,Codigo DEIS,"Código único el cual permite reconocer de forma inequívoca a cada prestador institucional.","ValueSet/eis-establecimientoscodigodeis-VS"
https://interoperabilidad.minsal.cl/fhir/ig/eis/CodeSystem/eis-identidadgenero-cs,0.2.0,active,"2.16.840.1.113883.2.22.16.24",IdentidadGeneroCS,Identidad de Género,"De acuerdo con la Ley 21.120, la identidad de género se entiende como la convicción personal e interna de ser hombre, mujer u otra identidad de género, tal como la persona se percibe a sí misma. Esta puede o no corresponder con el sexo y nombre de pila consignadas en la inscripción de nacimiento.","ValueSet/eis-identidad-genero-vs"
https://interoperabilidad.minsal.cl/fhir/ig/eis/CodeSystem/eis-modalidad-atencion-cs,0.2.0,active,"2.16.840.1.113883.2.22.16.25",ModalidadAtencionCS,Modalidad de atención,"Modalidad de atención","ValueSet/eis-modalidad-atencion-vs"
https://interoperabilidad.minsal.cl/fhir/ig/eis/CodeSystem/eis-paises-cs,0.2.0,active,"2.16.840.1.113883.2.22.16.29",PaisesCS,Códigos de Países,"Códigos de Países","ValueSet/eis-pais-nacimiento-vs,ValueSet/eis-paises-vs,ValueSet/eis-nacionalidad-vs,ValueSet/eis-pais-emision-vs"
https://interoperabilidad.minsal.cl/fhir/ig/eis/CodeSystem/eis-pertenencia-sistema-nacional-servicios-salud-cs,0.2.0,active,"2.16.840.1.113883.2.22.16.30",PertenenciaSistemaNacionalServiciosSaludCS,Pertenencia al Sistema Nacional de Servicios de Salud,"Los establecimientos públicos pertenecen a un Servicio de Salud y, por ello, se conside-ran parte del Sistema Nacional de Servicios de Salud. Los establecimientos privados y los de las Fuerzas Armadas, de Orden y Seguridad tienen una jurisdicción distinta y, por tanto, quedan fuera de dicho sistema.","ValueSet/eis-pertenencia-sistema-nacional-servicios-salud-vs"
https://interoperabilidad.minsal.cl/fhir/ig/eis/CodeSystem/eis-provincias-cs,0.2.0,active,"2.16.840.1.113883.2.22.16.31",ProvinciasCS,Provincias,"Provincias","ValueSet/eis-provincias-vs"
https://interoperabilidad.minsal.cl/fhir/ig/eis/CodeSystem/eis-religion-cs,0.2.0,active,"2.16.840.1.113883.2.22.16.33",ReligionCS,Religiones y Cultos,"La religión o credo corresponde a un sistema de creencias y prácticas, de carácter individual o colectivo, relacionadas con lo que la persona considera sagrado o divino, y que se vinculan a su dimensión espiritual, existencial y cultural.","ValueSet/eis-religion-vs"
https://interoperabilidad.minsal.cl/fhir/ig/eis/CodeSystem/eis-seremi-cs,0.2.0,active,"2.16.840.1.113883.2.22.16.34",SeremiCS,Seremi,"Corresponde a los códigos y valores asociados a cada Secretaría Regional Ministerial (SEREMI), utilizados en los sistemas de información en salud. La codificación de la SEREMI es coincidente con el código de la región, el cual prevalece para efectos de registro e interoperabilidad.","ValueSet/eis-seremi-vs"
https://interoperabilidad.minsal.cl/fhir/ig/eis/CodeSystem/eis-servicios-salud-cs,0.2.0,active,"2.16.840.1.113883.2.22.16.35",ServiciosdeSaludCS,Servicios de Salud,"Corresponde a los códigos y valores asociados a los servicios de salud del país, utilizados para la identificación territorial y administrativa de la red asistencial en los sistemas de información en salud.","ValueSet/eis-servicios-salud-vs"
https://interoperabilidad.minsal.cl/fhir/ig/eis/CodeSystem/eis-tipo-especifico-prestador-cs,0.2.0,active,"2.16.840.1.113883.2.22.16.36",TipoEspecificoPrestadorCS,Tipo específico de prestador,"Tipo específico de prestador","ValueSet/eis-tipo-especifico-prestador-vs"
https://interoperabilidad.minsal.cl/fhir/ig/eis/CodeSystem/eis-tipo-identificador-cs,0.2.0,active,"2.16.840.1.113883.2.22.16.37",TipoIdentificadorCS,Tipo de Identificador,"Define el tipo de documento de identificación del usuario, paciente o prestador de salud individual","ValueSet/eis-tipo-identificador-vs"
https://interoperabilidad.minsal.cl/fhir/ig/eis/CodeSystem/eis-tipo-prestador-cs,0.2.0,active,"2.16.840.1.113883.2.22.16.38",TipoPrestadorCS,Tipo de Prestador,"Tipo de Prestador","ValueSet/eis-tipo-prestador-vs"
https://interoperabilidad.minsal.cl/fhir/ig/eis/CodeSystem/eis-tipo-proceso-asistencial-CS,0.2.0,active,"2.16.840.1.113883.2.22.16.39",TipoProcesoAsistencialCS,Tipo de proceso asistencial,"Tipo de proceso asistencial","ValueSet/eis-tipo-proceso-asistencial-VS"
https://interoperabilidad.minsal.cl/fhir/ig/eis/CodeSystem/eis-tipo-via-cs,0.2.0,active,"2.16.840.1.113883.2.22.16.40",TipoViaCS,Tipo de Vía,"Corresponde al tipo o clasificación de calle.","ValueSet/eis-tipo-via-vs"
https://interoperabilidad.minsal.cl/fhir/ig/eis/CodeSystem/eis-titulo-profesional-cs,0.2.0,active,"2.16.840.1.113883.2.22.16.41",TituloProfesionalCS,Título Profesional,"El título profesional corresponde al documento oficial que acredita que una persona ha completado un programa formal de estudios y ha aprobado las evaluaciones, pruebas o exámenes requeridos para el ejercicio de una determinada profesión, certificando las competencias generales, científicas y técnicas necesarias para su adecuado desempeño profesional.","ValueSet/eis-titulo-profesional-vs"
https://interoperabilidad.minsal.cl/fhir/ig/eis/CodeSystem/eis-tramos-fonasa-cs,0.2.0,active,"2.16.840.1.113883.2.22.16.42",TramosFONASACS,Tramos FONASA,"Los tramos FONASA corresponden a la clasificación que realiza el Fondo Nacional de Salud (FONASA) en función del nivel de ingreso mensual que percibe la persona, la cual determina el acceso a beneficios, copagos y modalidades de atención dentro del Seguro Público de Salud. ","ValueSet/eis-tramos-fonasa-vs"
