{
  "resourceType" : "CodeSystem",
  "id" : "CSTipoDeQuirofanoCL",
  "text" : {
    "status" : "generated",
    "div" : "<div xmlns=\"http://www.w3.org/1999/xhtml\"><p>This case-sensitive code system <code>https://interoperabilidad.minsal.cl/fhir/ig/eis/CodeSystem/CSTipoDeQuirofanoCL</code> defines the following codes:</p><table class=\"codes\"><tr><td style=\"white-space:nowrap\"><b>Code</b></td><td><b>Display</b></td></tr><tr><td style=\"white-space:nowrap\">1<a name=\"CSTipoDeQuirofanoCL-1\"> </a></td><td>Electivo</td></tr><tr><td style=\"white-space:nowrap\">2<a name=\"CSTipoDeQuirofanoCL-2\"> </a></td><td>Urgencia</td></tr><tr><td style=\"white-space:nowrap\">3<a name=\"CSTipoDeQuirofanoCL-3\"> </a></td><td>Obstétrico</td></tr><tr><td style=\"white-space:nowrap\">4<a name=\"CSTipoDeQuirofanoCL-4\"> </a></td><td>Indiferenciado</td></tr></table></div>"
  },
  "url" : "https://interoperabilidad.minsal.cl/fhir/ig/eis/CodeSystem/CSTipoDeQuirofanoCL",
  "version" : "0.1.0",
  "name" : "CSTipoDeQuirofanoCL",
  "title" : "Corresponde al tipo o clasificación de calle.",
  "status" : "active",
  "experimental" : false,
  "date" : "2022-01-18T00:00:00-03:00",
  "publisher" : "Unidad de Interoperabilidad - MINSAL",
  "contact" : [{
    "name" : "Unidad de Interoperabilidad - MINSAL",
    "telecom" : [{
      "system" : "url",
      "value" : "https://interoperabilidad.minsal.cl"
    }]
  }],
  "description" : "Corresponde al tipo o clasificación de calle.",
  "jurisdiction" : [{
    "coding" : [{
      "system" : "urn:iso:std:iso:3166",
      "code" : "CL",
      "display" : "Chile"
    }]
  }],
  "caseSensitive" : true,
  "content" : "complete",
  "count" : 4,
  "concept" : [{
    "code" : "1",
    "display" : "Electivo"
  },
  {
    "code" : "2",
    "display" : "Urgencia"
  },
  {
    "code" : "3",
    "display" : "Obstétrico"
  },
  {
    "code" : "4",
    "display" : "Indiferenciado"
  }]
}