{"resourceType":"CodeSystem","id":"CSOrigenDiscapacidad","text":{"status":"generated","div":"<div xmlns=\"http://www.w3.org/1999/xhtml\"><p>This case-sensitive code system <code>https://interoperabilidad.minsal.cl/fhir/ig/mpi/CodeSystem/CSOrigenDiscapacidad</code> defines the following codes:</p><table class=\"codes\"><tr><td style=\"white-space:nowrap\"><b>Code</b></td><td><b>Display</b></td></tr><tr><td style=\"white-space:nowrap\">01<a name=\"CSOrigenDiscapacidad-01\"> </a></td><td>Origen Físico</td></tr><tr><td style=\"white-space:nowrap\">02<a name=\"CSOrigenDiscapacidad-02\"> </a></td><td>Origen sensorial visual</td></tr><tr><td style=\"white-space:nowrap\">04<a name=\"CSOrigenDiscapacidad-04\"> </a></td><td>Origen sensorial auditivo</td></tr><tr><td style=\"white-space:nowrap\">05<a name=\"CSOrigenDiscapacidad-05\"> </a></td><td>Origen mental síquico</td></tr><tr><td style=\"white-space:nowrap\">06<a name=\"CSOrigenDiscapacidad-06\"> </a></td><td>Origen mental intelectual</td></tr><tr><td style=\"white-space:nowrap\">07<a name=\"CSOrigenDiscapacidad-07\"> </a></td><td>Origen múltiple</td></tr></table></div>"},"url":"https://interoperabilidad.minsal.cl/fhir/ig/mpi/CodeSystem/CSOrigenDiscapacidad","version":"0.2.0","name":"CSOrigenDiscapacidad","title":"OrigenDiscapacidad","status":"active","experimental":false,"date":"2023-01-15","publisher":"Unidad de Interoperabilidad - MINSAL","contact":[{"name":"Unidad de Interoperabilidad - MINSAL","telecom":[{"system":"url","value":"https://interoperabilidad.minsal.cl"}]}],"description":"OrigenDiscapacidad","jurisdiction":[{"coding":[{"system":"urn:iso:std:iso:3166","code":"CL","display":"Chile"}]}],"caseSensitive":true,"content":"complete","count":6,"concept":[{"code":"01","display":"Origen Físico"},{"code":"02","display":"Origen sensorial visual"},{"code":"04","display":"Origen sensorial auditivo"},{"code":"05","display":"Origen mental síquico"},{"code":"06","display":"Origen mental intelectual"},{"code":"07","display":"Origen múltiple"}]}