<?xml version="1.0" encoding="UTF-8"?><CodeSystem xmlns="http://hl7.org/fhir"><id value="CSorigenInterconsulta"/><language value="es-CL"/><text><status value="generated"/><div xmlns="http://www.w3.org/1999/xhtml" xml:lang="es-CL" lang="es-CL"><p class="res-header-id"><b>Generated Narrative: CodeSystem CSorigenInterconsulta</b></p><a name="CSorigenInterconsulta"> </a><a name="hcCSorigenInterconsulta"> </a><a name="CSorigenInterconsulta-es-CL"> </a><div style="display: inline-block; background-color: #d9e0e7; padding: 6px; margin: 4px; border: 1px solid #8da1b4; border-radius: 5px; line-height: 60%"><p style="margin-bottom: 0px">Language: es-CL</p></div><p>This case-sensitive code system <code>https://interoperabilidad.minsal.cl/fhir/ig/tei/CodeSystem/CSorigenInterconsulta</code> defines the following codes:</p><table class="codes"><tr><td style="white-space:nowrap"><b>Code</b></td><td><b>Display</b></td><td><b>Definition</b></td></tr><tr><td style="white-space:nowrap">1<a name="CSorigenInterconsulta-1"> </a></td><td>APS</td><td>APS</td></tr><tr><td style="white-space:nowrap">2<a name="CSorigenInterconsulta-2"> </a></td><td>Urgencia</td><td>Urgencia</td></tr><tr><td style="white-space:nowrap">3<a name="CSorigenInterconsulta-3"> </a></td><td>Derivación</td><td>Derivación</td></tr></table></div></text><url value="https://interoperabilidad.minsal.cl/fhir/ig/tei/CodeSystem/CSorigenInterconsulta"/><version value="0.2.1"/><name value="CSorigenInterconsulta"/><title value="Origen Interconsulta"/><status value="active"/><experimental value="false"/><date value="2023-01-15"/><publisher value="Unidad de Interoperabilidad - MINSAL"/><contact><name value="Unidad de Interoperabilidad - MINSAL"/><telecom><system value="url"/><value value="https://interoperabilidad.minsal.cl"/></telecom></contact><description value="Origen Interconsulta"/><jurisdiction><coding><system value="urn:iso:std:iso:3166"/><code value="CL"/><display value="Chile"/></coding></jurisdiction><caseSensitive value="true"/><content value="complete"/><count value="3"/><concept><code value="1"/><display value="APS"/><definition value="APS"/><designation><language value="es-CL"/><use><system value="http://terminology.hl7.org/CodeSystem/designation-usage"/><code value="display"/></use><value value="APS"/></designation></concept><concept><code value="2"/><display value="Urgencia"/><definition value="Urgencia"/><designation><language value="es-CL"/><use><system value="http://terminology.hl7.org/CodeSystem/designation-usage"/><code value="display"/></use><value value="Urgencia"/></designation></concept><concept><code value="3"/><display value="Derivación"/><definition value="Derivación"/><designation><language value="es-CL"/><use><system value="http://terminology.hl7.org/CodeSystem/designation-usage"/><code value="display"/></use><value value="Derivación"/></designation></concept></CodeSystem>