<?xml version="1.0" encoding="UTF-8"?><CodeSystem xmlns="http://hl7.org/fhir"><id value="CSEspecialidadMed"/><text><status value="generated"/><div xmlns="http://www.w3.org/1999/xhtml"><p class="res-header-id"><b>Generated Narrative: CodeSystem CSEspecialidadMed</b></p><a name="CSEspecialidadMed"> </a><a name="hcCSEspecialidadMed"> </a><a name="CSEspecialidadMed-es-CL"> </a><p>This case-sensitive code system <code>https://interoperabilidad.minsal.cl/fhir/ig/tei/CodeSystem/CSEspecialidadMed</code> defines the following codes:</p><table class="codes"><tr><td style="white-space:nowrap"><b>Code</b></td><td><b>Display</b></td></tr><tr><td style="white-space:nowrap">1<a name="CSEspecialidadMed-1"> </a></td><td>ANATOMÍA PATOLÓGICA</td></tr><tr><td style="white-space:nowrap">2<a name="CSEspecialidadMed-2"> </a></td><td>ANESTESIOLOGÍA</td></tr><tr><td style="white-space:nowrap">3<a name="CSEspecialidadMed-3"> </a></td><td>CARDIOLOGÍA</td></tr><tr><td style="white-space:nowrap">4<a name="CSEspecialidadMed-4"> </a></td><td>CIRUGÍA GENERAL</td></tr><tr><td style="white-space:nowrap">5<a name="CSEspecialidadMed-5"> </a></td><td>CIRUGÍA DE CABEZA, CUELLO Y MAXILOFACIAL</td></tr><tr><td style="white-space:nowrap">6<a name="CSEspecialidadMed-6"> </a></td><td>CIRUGÍA CARDIOVASCULAR</td></tr><tr><td style="white-space:nowrap">7<a name="CSEspecialidadMed-7"> </a></td><td>CIRUGÍA DE TÓRAX</td></tr><tr><td style="white-space:nowrap">8<a name="CSEspecialidadMed-8"> </a></td><td>CIRUGÍA PLÁSTICA Y REPARADORA</td></tr><tr><td style="white-space:nowrap">9<a name="CSEspecialidadMed-9"> </a></td><td>CIRUGÍA PEDIÁTRICA</td></tr><tr><td style="white-space:nowrap">10<a name="CSEspecialidadMed-10"> </a></td><td>CIRUGÍA VASCULAR PERIFÉRICA</td></tr><tr><td style="white-space:nowrap">11<a name="CSEspecialidadMed-11"> </a></td><td>COLOPROCTOLOGÍA</td></tr><tr><td style="white-space:nowrap">12<a name="CSEspecialidadMed-12"> </a></td><td>DERMATOLOGÍA</td></tr><tr><td style="white-space:nowrap">13<a name="CSEspecialidadMed-13"> </a></td><td>DIABETOLOGÍA</td></tr><tr><td style="white-space:nowrap">14<a name="CSEspecialidadMed-14"> </a></td><td>ENDOCRINOLOGÍA ADULTO</td></tr><tr><td style="white-space:nowrap">15<a name="CSEspecialidadMed-15"> </a></td><td>ENDOCRINOLOGÍA PEDIÁTRICA</td></tr><tr><td style="white-space:nowrap">16<a name="CSEspecialidadMed-16"> </a></td><td>ENFERMEDADES RESPIRATORIAS DEL ADULTO (BRONCOPULMONAR)</td></tr><tr><td style="white-space:nowrap">17<a name="CSEspecialidadMed-17"> </a></td><td>ENFERMEDADES RESPIRATORIAS PEDIÁTRICAS (BRONCOPULMONAR PEDIATRICO)</td></tr><tr><td style="white-space:nowrap">18<a name="CSEspecialidadMed-18"> </a></td><td>GASTROENTEROLOGÍA ADULTO</td></tr><tr><td style="white-space:nowrap">19<a name="CSEspecialidadMed-19"> </a></td><td>GASTROENTEROLOGÍA PEDIÁTRICA</td></tr><tr><td style="white-space:nowrap">20<a name="CSEspecialidadMed-20"> </a></td><td>GENÉTICA CLÍNICA</td></tr><tr><td style="white-space:nowrap">21<a name="CSEspecialidadMed-21"> </a></td><td>GERIATRÍA</td></tr><tr><td style="white-space:nowrap">22<a name="CSEspecialidadMed-22"> </a></td><td>GINECOLOGÍA PEDIÁTRICA Y DE LA ADOLESCENCIA</td></tr><tr><td style="white-space:nowrap">23<a name="CSEspecialidadMed-23"> </a></td><td>HEMATOLOGÍA</td></tr><tr><td style="white-space:nowrap">24<a name="CSEspecialidadMed-24"> </a></td><td>IMAGENOLOGÍA</td></tr><tr><td style="white-space:nowrap">25<a name="CSEspecialidadMed-25"> </a></td><td>INFECTOLOGÍA</td></tr><tr><td style="white-space:nowrap">26<a name="CSEspecialidadMed-26"> </a></td><td>INMUNOLOGÍA</td></tr><tr><td style="white-space:nowrap">27<a name="CSEspecialidadMed-27"> </a></td><td>LABORATORIO CLÍNICO</td></tr><tr><td style="white-space:nowrap">28<a name="CSEspecialidadMed-28"> </a></td><td>MEDICINA FAMILIAR</td></tr><tr><td style="white-space:nowrap">29<a name="CSEspecialidadMed-29"> </a></td><td>MEDICINA FÍSICA Y REHABILITACIÓN (FISIATRIA ADULTO)</td></tr><tr><td style="white-space:nowrap">30<a name="CSEspecialidadMed-30"> </a></td><td>MEDICINA INTERNA</td></tr><tr><td style="white-space:nowrap">31<a name="CSEspecialidadMed-31"> </a></td><td>MEDICINA INTENSIVA ADULTO</td></tr><tr><td style="white-space:nowrap">32<a name="CSEspecialidadMed-32"> </a></td><td>MEDICINA INTENSIVA PEDIÁTRICA</td></tr><tr><td style="white-space:nowrap">33<a name="CSEspecialidadMed-33"> </a></td><td>MEDICINA LEGAL</td></tr><tr><td style="white-space:nowrap">34<a name="CSEspecialidadMed-34"> </a></td><td>MEDICINA MATERNO INFANTIL</td></tr><tr><td style="white-space:nowrap">35<a name="CSEspecialidadMed-35"> </a></td><td>MEDICINA NUCLEAR</td></tr><tr><td style="white-space:nowrap">36<a name="CSEspecialidadMed-36"> </a></td><td>MEDICINA DE URGENCIA</td></tr><tr><td style="white-space:nowrap">37<a name="CSEspecialidadMed-37"> </a></td><td>NEFROLOGÍA ADULTO</td></tr><tr><td style="white-space:nowrap">38<a name="CSEspecialidadMed-38"> </a></td><td>NEFROLOGÍA PEDIÁTRICO</td></tr><tr><td style="white-space:nowrap">39<a name="CSEspecialidadMed-39"> </a></td><td>NEONATOLOGÍA</td></tr><tr><td style="white-space:nowrap">40<a name="CSEspecialidadMed-40"> </a></td><td>NEUROCIRUGÍA</td></tr><tr><td style="white-space:nowrap">41<a name="CSEspecialidadMed-41"> </a></td><td>NEUROLOGÍA ADULTO</td></tr><tr><td style="white-space:nowrap">42<a name="CSEspecialidadMed-42"> </a></td><td>NEUROLOGÍA PEDIÁTRICA</td></tr><tr><td style="white-space:nowrap">43<a name="CSEspecialidadMed-43"> </a></td><td>OBSTETRICIA Y GINECOLOGÍA</td></tr><tr><td style="white-space:nowrap">44<a name="CSEspecialidadMed-44"> </a></td><td>OFTALMOLOGÍA</td></tr><tr><td style="white-space:nowrap">45<a name="CSEspecialidadMed-45"> </a></td><td>ONCOLOGÍA MÉDICA</td></tr><tr><td style="white-space:nowrap">46<a name="CSEspecialidadMed-46"> </a></td><td>OTORRINOLARINGOLOGÍA</td></tr><tr><td style="white-space:nowrap">47<a name="CSEspecialidadMed-47"> </a></td><td>PEDIATRÍA</td></tr><tr><td style="white-space:nowrap">48<a name="CSEspecialidadMed-48"> </a></td><td>PSIQUIATRÍA ADULTO</td></tr><tr><td style="white-space:nowrap">49<a name="CSEspecialidadMed-49"> </a></td><td>PSIQUIATRÍA PEDIÁTRICA Y DE LA ADOLESCENCIA</td></tr><tr><td style="white-space:nowrap">50<a name="CSEspecialidadMed-50"> </a></td><td>RADIOTERAPIA ONCOLÓGICA</td></tr><tr><td style="white-space:nowrap">51<a name="CSEspecialidadMed-51"> </a></td><td>REUMATOLOGÍA</td></tr><tr><td style="white-space:nowrap">52<a name="CSEspecialidadMed-52"> </a></td><td>SALUD PÚBLICA</td></tr><tr><td style="white-space:nowrap">53<a name="CSEspecialidadMed-53"> </a></td><td>TRAUMATOLOGÍA Y ORTOPEDIA</td></tr><tr><td style="white-space:nowrap">54<a name="CSEspecialidadMed-54"> </a></td><td>UROLOGÍA</td></tr><tr><td style="white-space:nowrap">55<a name="CSEspecialidadMed-55"> </a></td><td>CARDIOLOGÍA PEDIÁTRICA</td></tr><tr><td style="white-space:nowrap">56<a name="CSEspecialidadMed-56"> </a></td><td>CIRUGÍA DIGESTIVA</td></tr><tr><td style="white-space:nowrap">57<a name="CSEspecialidadMed-57"> </a></td><td>CIRUGÍA PLASTICA Y REPARADORA PEDIÁTRICA</td></tr><tr><td style="white-space:nowrap">58<a name="CSEspecialidadMed-58"> </a></td><td>GINECOLOGÍA</td></tr><tr><td style="white-space:nowrap">59<a name="CSEspecialidadMed-59"> </a></td><td>HEMATO-ONCOLOGÍA PEDIÁTRICA</td></tr><tr><td style="white-space:nowrap">60<a name="CSEspecialidadMed-60"> </a></td><td>INFECTOLOGÍA PEDIATRICA</td></tr><tr><td style="white-space:nowrap">61<a name="CSEspecialidadMed-61"> </a></td><td>MEDICINA FAMILIAR DEL NIÑO</td></tr><tr><td style="white-space:nowrap">62<a name="CSEspecialidadMed-62"> </a></td><td>MEDICINA FISICA Y REHABILITACIÓN PEDIÁTRICA (FISIATRIA PEDIATRICA)</td></tr><tr><td style="white-space:nowrap">63<a name="CSEspecialidadMed-63"> </a></td><td>NUTRIÓLOGO</td></tr><tr><td style="white-space:nowrap">64<a name="CSEspecialidadMed-64"> </a></td><td>NUTRIÓLOGO PEDIÁTRICO</td></tr><tr><td style="white-space:nowrap">65<a name="CSEspecialidadMed-65"> </a></td><td>REUMATOLOGÍA PEDIÁTRICA</td></tr><tr><td style="white-space:nowrap">66<a name="CSEspecialidadMed-66"> </a></td><td>OBSTETRICIA</td></tr><tr><td style="white-space:nowrap">67<a name="CSEspecialidadMed-67"> </a></td><td>TRAUMATOLOGÍA Y ORTOPEDIA PEDIÁTRICA</td></tr><tr><td style="white-space:nowrap">68<a name="CSEspecialidadMed-68"> </a></td><td>UROLOGÍA PEDIÁTRICA</td></tr></table></div></text><url value="https://interoperabilidad.minsal.cl/fhir/ig/tei/CodeSystem/CSEspecialidadMed"/><version value="0.2.1"/><name value="CSEspecialidadMed"/><title value="EspecialidadMed"/><status value="active"/><experimental value="false"/><date value="2023-01-15"/><publisher value="Unidad de Interoperabilidad - MINSAL"/><contact><name value="Unidad de Interoperabilidad - MINSAL"/><telecom><system value="url"/><value value="https://interoperabilidad.minsal.cl"/></telecom></contact><description value="EspecialidadMed"/><jurisdiction><coding><system value="urn:iso:std:iso:3166"/><code value="CL"/><display value="Chile"/></coding></jurisdiction><caseSensitive value="true"/><content value="complete"/><count value="68"/><concept><code value="1"/><display value="ANATOMÍA PATOLÓGICA"/></concept><concept><code value="2"/><display value="ANESTESIOLOGÍA"/></concept><concept><code value="3"/><display value="CARDIOLOGÍA"/></concept><concept><code value="4"/><display value="CIRUGÍA GENERAL"/></concept><concept><code value="5"/><display value="CIRUGÍA DE CABEZA, CUELLO Y MAXILOFACIAL"/></concept><concept><code value="6"/><display value="CIRUGÍA CARDIOVASCULAR"/></concept><concept><code value="7"/><display value="CIRUGÍA DE TÓRAX"/></concept><concept><code value="8"/><display value="CIRUGÍA PLÁSTICA Y REPARADORA"/></concept><concept><code value="9"/><display value="CIRUGÍA PEDIÁTRICA"/></concept><concept><code value="10"/><display value="CIRUGÍA VASCULAR PERIFÉRICA"/></concept><concept><code value="11"/><display value="COLOPROCTOLOGÍA"/></concept><concept><code value="12"/><display value="DERMATOLOGÍA"/></concept><concept><code value="13"/><display value="DIABETOLOGÍA"/></concept><concept><code value="14"/><display value="ENDOCRINOLOGÍA ADULTO"/></concept><concept><code value="15"/><display value="ENDOCRINOLOGÍA PEDIÁTRICA"/></concept><concept><code value="16"/><display value="ENFERMEDADES RESPIRATORIAS DEL ADULTO (BRONCOPULMONAR)"/></concept><concept><code value="17"/><display value="ENFERMEDADES RESPIRATORIAS PEDIÁTRICAS (BRONCOPULMONAR PEDIATRICO)"/></concept><concept><code value="18"/><display value="GASTROENTEROLOGÍA ADULTO"/></concept><concept><code value="19"/><display value="GASTROENTEROLOGÍA PEDIÁTRICA"/></concept><concept><code value="20"/><display value="GENÉTICA CLÍNICA"/></concept><concept><code value="21"/><display value="GERIATRÍA"/></concept><concept><code value="22"/><display value="GINECOLOGÍA PEDIÁTRICA Y DE LA ADOLESCENCIA"/></concept><concept><code value="23"/><display value="HEMATOLOGÍA"/></concept><concept><code value="24"/><display value="IMAGENOLOGÍA"/></concept><concept><code value="25"/><display value="INFECTOLOGÍA"/></concept><concept><code value="26"/><display value="INMUNOLOGÍA"/></concept><concept><code value="27"/><display value="LABORATORIO CLÍNICO"/></concept><concept><code value="28"/><display value="MEDICINA FAMILIAR"/></concept><concept><code value="29"/><display value="MEDICINA FÍSICA Y REHABILITACIÓN (FISIATRIA ADULTO)"/></concept><concept><code value="30"/><display value="MEDICINA INTERNA"/></concept><concept><code value="31"/><display value="MEDICINA INTENSIVA ADULTO"/></concept><concept><code value="32"/><display value="MEDICINA INTENSIVA PEDIÁTRICA"/></concept><concept><code value="33"/><display value="MEDICINA LEGAL"/></concept><concept><code value="34"/><display value="MEDICINA MATERNO INFANTIL"/></concept><concept><code value="35"/><display value="MEDICINA NUCLEAR"/></concept><concept><code value="36"/><display value="MEDICINA DE URGENCIA"/></concept><concept><code value="37"/><display value="NEFROLOGÍA ADULTO"/></concept><concept><code value="38"/><display value="NEFROLOGÍA PEDIÁTRICO"/></concept><concept><code value="39"/><display value="NEONATOLOGÍA"/></concept><concept><code value="40"/><display value="NEUROCIRUGÍA"/></concept><concept><code value="41"/><display value="NEUROLOGÍA ADULTO"/></concept><concept><code value="42"/><display value="NEUROLOGÍA PEDIÁTRICA"/></concept><concept><code value="43"/><display value="OBSTETRICIA Y GINECOLOGÍA"/></concept><concept><code value="44"/><display value="OFTALMOLOGÍA"/></concept><concept><code value="45"/><display value="ONCOLOGÍA MÉDICA"/></concept><concept><code value="46"/><display value="OTORRINOLARINGOLOGÍA"/></concept><concept><code value="47"/><display value="PEDIATRÍA"/></concept><concept><code value="48"/><display value="PSIQUIATRÍA ADULTO"/></concept><concept><code value="49"/><display value="PSIQUIATRÍA PEDIÁTRICA Y DE LA ADOLESCENCIA"/></concept><concept><code value="50"/><display value="RADIOTERAPIA ONCOLÓGICA"/></concept><concept><code value="51"/><display value="REUMATOLOGÍA"/></concept><concept><code value="52"/><display value="SALUD PÚBLICA"/></concept><concept><code value="53"/><display value="TRAUMATOLOGÍA Y ORTOPEDIA"/></concept><concept><code value="54"/><display value="UROLOGÍA"/></concept><concept><code value="55"/><display value="CARDIOLOGÍA PEDIÁTRICA"/></concept><concept><code value="56"/><display value="CIRUGÍA DIGESTIVA"/></concept><concept><code value="57"/><display value="CIRUGÍA PLASTICA Y REPARADORA PEDIÁTRICA"/></concept><concept><code value="58"/><display value="GINECOLOGÍA"/></concept><concept><code value="59"/><display value="HEMATO-ONCOLOGÍA PEDIÁTRICA"/></concept><concept><code value="60"/><display value="INFECTOLOGÍA PEDIATRICA"/></concept><concept><code value="61"/><display value="MEDICINA FAMILIAR DEL NIÑO"/></concept><concept><code value="62"/><display value="MEDICINA FISICA Y REHABILITACIÓN PEDIÁTRICA (FISIATRIA PEDIATRICA)"/></concept><concept><code value="63"/><display value="NUTRIÓLOGO"/></concept><concept><code value="64"/><display value="NUTRIÓLOGO PEDIÁTRICO"/></concept><concept><code value="65"/><display value="REUMATOLOGÍA PEDIÁTRICA"/></concept><concept><code value="66"/><display value="OBSTETRICIA"/></concept><concept><code value="67"/><display value="TRAUMATOLOGÍA Y ORTOPEDIA PEDIÁTRICA"/></concept><concept><code value="68"/><display value="UROLOGÍA PEDIÁTRICA"/></concept></CodeSystem>