<?xml version="1.0" encoding="UTF-8"?><ValueSet xmlns="http://hl7.org/fhir"><id value="VSIdentificadorPrestador"/><text><status value="generated"/><div xmlns="http://www.w3.org/1999/xhtml"><p class="res-header-id"><b>Generated Narrative: ValueSet VSIdentificadorPrestador</b></p><a name="VSIdentificadorPrestador"> </a><a name="hcVSIdentificadorPrestador"> </a><a name="VSIdentificadorPrestador-es-CL"> </a><p>This value set includes codes based on the following rules:</p><ul><li>Include codes from<a href="https://hl7chile.cl/fhir/ig/clcore/1.9.1/CodeSystem-CSTipoIdentificador.html"><code>https://hl7chile.cl/fhir/ig/clcore/CodeSystem/CSTipoIdentificador</code></a> where concept  is-a <a href="https://hl7chile.cl/fhir/ig/clcore/1.9.1/CodeSystem-CSTipoIdentificador.html#CSTipoIdentificador-01">01</a></li><li>Include codes from<a href="https://hl7chile.cl/fhir/ig/clcore/1.9.1/CodeSystem-CSTipoIdentificador.html"><code>https://hl7chile.cl/fhir/ig/clcore/CodeSystem/CSTipoIdentificador</code></a> where concept  is-a <a href="https://hl7chile.cl/fhir/ig/clcore/1.9.1/CodeSystem-CSTipoIdentificador.html#CSTipoIdentificador-13">13</a></li></ul></div></text><url value="https://interoperabilidad.minsal.cl/fhir/ig/tei/ValueSet/VSIdentificadorPrestador"/><version value="0.2.1"/><name value="VSIdentificadorPrestador"/><title value="IdentificadorPrestador"/><status value="active"/><experimental value="false"/><date value="2023-01-15"/><publisher value="Unidad de Interoperabilidad - MINSAL"/><contact><name value="Unidad de Interoperabilidad - MINSAL"/><telecom><system value="url"/><value value="https://interoperabilidad.minsal.cl"/></telecom></contact><description value="IdentificadorPrestador"/><jurisdiction><coding><system value="urn:iso:std:iso:3166"/><code value="CL"/><display value="Chile"/></coding></jurisdiction><compose><include><system value="https://hl7chile.cl/fhir/ig/clcore/CodeSystem/CSTipoIdentificador"/><filter><property value="concept"/><op value="is-a"/><value value="01"/></filter></include><include><system value="https://hl7chile.cl/fhir/ig/clcore/CodeSystem/CSTipoIdentificador"/><filter><property value="concept"/><op value="is-a"/><value value="13"/></filter></include></compose></ValueSet>