<?xml version="1.0" encoding="UTF-8"?>

<Appointment xmlns="http://hl7.org/fhir">
  <id value="EjemploAppointmentAgendarCancelar"/>
  <meta>
    <profile value="https://interoperabilidad.minsal.cl/fhir/ig/tei/StructureDefinition/AppointmentAgendarLE"/>
  </meta>
  <text>
    <status value="extensions"/><div xmlns="http://www.w3.org/1999/xhtml"><p><b>Generated Narrative: Appointment</b><a name="EjemploAppointmentAgendarCancelar"> </a></p><div style="display: inline-block; background-color: #d9e0e7; padding: 6px; margin: 4px; border: 1px solid #8da1b4; border-radius: 5px; line-height: 60%"><p style="margin-bottom: 0px">Resource Appointment &quot;EjemploAppointmentAgendarCancelar&quot; </p><p style="margin-bottom: 0px">Profile: <a href="StructureDefinition-AppointmentAgendarLE.html">AppointmentAgendarLE</a></p></div><blockquote><p><b>Contactado</b></p><blockquote><p><b>url</b></p><code>MotivoNoContactabilidad</code></blockquote><p><b>value</b>: Otro <span style="background: LightGoldenRodYellow; margin: 4px; border: 1px solid khaki"> (<a href="CodeSystem-CSMotivoNoContactabilidad.html">Motivo No Contactabilidad</a>#1)</span></p><blockquote><p><b>url</b></p><a href="StructureDefinition-Contactado.html">Contactado</a></blockquote><p><b>value</b>: true</p></blockquote><p><b>identifier</b>: id: 21</p><p><b>status</b>: cancelled</p><p><b>cancelationReason</b>: pat <span style="background: LightGoldenRodYellow; margin: 4px; border: 1px solid khaki"> (<a href="http://terminology.hl7.org/5.3.0/CodeSystem-appointment-cancellation-reason.html">Appointment cancellation reason</a>#pat)</span></p><p><b>start</b>: Jan 22, 2023, 6:00:00 AM</p><p><b>end</b>: Jan 22, 2023, 6:30:00 AM</p><p><b>basedOn</b>: <a href="Bundle-EjemploBundleAgendar.html#http-//acme.com/ehr/fhir/ServiceRequest/agendar">http://acme.com/ehr/fhir/ServiceRequest/agendar</a></p><blockquote><p><b>participant</b></p><p><b>actor</b>: <a href="Bundle-EjemploBundleAtender.html#http-//acme.com/ehr/fhir/Patient/EjemploPatient">http://acme.com/ehr/fhir/Patient/EjemploPatient</a></p><p><b>status</b>: accepted</p></blockquote><blockquote><p><b>participant</b></p><p><b>actor</b>: <a href="http://acme.com/ehr/fhir/PractitionerRoleLE/agendarAtendedor">http://acme.com/ehr/fhir/PractitionerRoleLE/agendarAtendedor</a></p><p><b>status</b>: accepted</p></blockquote></div>
  </text>
  <extension url="https://interoperabilidad.minsal.cl/fhir/ig/tei/StructureDefinition/Contactado">
    <extension url="MotivoNoContactabilidad">
      <valueCodeableConcept>
        <coding>
          <system value="https://interoperabilidad.minsal.cl/fhir/ig/tei/CodeSystem/CSMotivoNoContactabilidad"/>
          <code value="1"/>
        </coding>
        <text value="Otro"/>
      </valueCodeableConcept>
    </extension>
    <extension url="Contactado">
      <valueBoolean value="true"/>
    </extension>
  </extension>
  <identifier>
    <value value="21"/>
  </identifier>
  <status value="cancelled"/>
  <cancelationReason>
    <coding>
      <system value="http://terminology.hl7.org/CodeSystem/appointment-cancellation-reason"/>
      <code value="pat"/>
    </coding>
  </cancelationReason>
  <start value="2023-01-22T09:00:00Z"/>
  <end value="2023-01-22T09:30:00Z"/>
  <basedOn>
    <reference value="http://acme.com/ehr/fhir/ServiceRequest/agendar"/>
  </basedOn>
  <participant>
    <actor>
      <reference value="http://acme.com/ehr/fhir/Patient/EjemploPatient"/>
      <type value="Patient"/>
    </actor>
    <status value="accepted"/>
  </participant>
  <participant>
    <actor>
      <reference value="http://acme.com/ehr/fhir/PractitionerRoleLE/agendarAtendedor"/>
      <type value="PractitionerRole"/>
    </actor>
    <status value="accepted"/>
  </participant>
</Appointment>