<?xml version="1.0" encoding="UTF-8"?>

<Practitioner xmlns="http://hl7.org/fhir">
  <id value="EjemploPractitionerReferenciadorMHREFERENCIADA"/>
  <meta>
    <profile value="https://interoperabilidad.minsal.cl/fhir/ig/tei/StructureDefinition/PractitionerLE"/>
  </meta>
  <text>
    <status value="generated"/><div xmlns="http://www.w3.org/1999/xhtml"><p><b>Generated Narrative: Practitioner</b><a name="EjemploPractitionerReferenciadorMHREFERENCIADA"> </a></p><div style="display: inline-block; background-color: #d9e0e7; padding: 6px; margin: 4px; border: 1px solid #8da1b4; border-radius: 5px; line-height: 60%"><p style="margin-bottom: 0px">Resource Practitioner &quot;EjemploPractitionerReferenciadorMHREFERENCIADA&quot; </p><p style="margin-bottom: 0px">Profile: <a href="StructureDefinition-PractitionerLE.html">Practitioner LE</a></p></div><p><b>identifier</b>: RUN: 2134 (use: OFFICIAL), id: 2134 (use: SECONDARY)</p><p><b>name</b>: Luis Perez (OFFICIAL)</p><h3>Qualifications</h3><table class="grid"><tr><td style="display: none">-</td><td><b>Identifier</b></td><td><b>Code</b></td></tr><tr><td style="display: none">*</td><td>id: tit</td><td>MÉDICO CIRUJANO <span style="background: LightGoldenRodYellow; margin: 4px; border: 1px solid khaki"> (<a href="CodeSystem-CSTituloProfesional.html">TituloProfesional</a>#1)</span></td></tr></table></div>
  </text>
  <identifier>
    <extension url="https://interoperabilidad.minsal.cl/fhir/ig/tei/StructureDefinition/DigitoVerificador">
      <valueString value="K"/>
    </extension>
    <use value="official"/>
    <type>
      <coding>
        <system value="http://terminology.cens.cl/CodeSystem/listaespera"/>
        <code value="RUN"/>
      </coding>
    </type>
    <system value="http://registrocivil/RUN"/>
    <value value="2134"/>
  </identifier>
  <identifier>
    <use value="secondary"/>
    <system value="http://rnpi.superdesalud.gob.cl"/>
    <value value="2134"/>
  </identifier>
  <name>
    <use value="official"/>
    <family value="Perez">
      <extension url="https://hl7chile.cl/fhir/ig/clcore/StructureDefinition/SegundoApellido">
        <valueString value="Sierra"/>
      </extension>
    </family>
    <given value="Luis"/>
  </name>
  <qualification>
    <identifier>
      <value value="tit"/>
    </identifier>
    <code>
      <coding>
        <system value="https://interoperabilidad.minsal.cl/fhir/ig/tei/CodeSystem/CSTituloProfesional"/>
        <code value="1"/>
      </coding>
    </code>
  </qualification>
</Practitioner>