<?xml version="1.0" encoding="UTF-8"?><CodeSystem xmlns="http://hl7.org/fhir"><id value="CSEspecialidadBioquim"/><text><status value="generated"/><div xmlns="http://www.w3.org/1999/xhtml"><p>This case-sensitive code system <code>https://interoperabilidad.minsal.cl/fhir/ig/snre/CodeSystem/CSEspecialidadBioquim</code> defines the following codes:</p><table class="codes"><tr><td style="white-space:nowrap"><b>Code</b></td><td><b>Display</b></td></tr><tr><td style="white-space:nowrap">1<a name="CSEspecialidadBioquim-1"> </a></td><td>Laboratorio Clínico</td></tr><tr><td style="white-space:nowrap">2<a name="CSEspecialidadBioquim-2"> </a></td><td>Laboratorio Forense</td></tr><tr><td style="white-space:nowrap">3<a name="CSEspecialidadBioquim-3"> </a></td><td>Salud Pública</td></tr></table></div></text><url value="https://interoperabilidad.minsal.cl/fhir/ig/snre/CodeSystem/CSEspecialidadBioquim"/><version value="0.2.0"/><name value="CSEspecialidadBioquim"/><title value="Especialidad y Subespecialidad Bioquímica"/><status value="active"/><experimental value="true"/><date value="2022-01-18T00:00:00-03:00"/><publisher value="Unidad de Interoperabilidad - MINSAL"/><contact><name value="Unidad de Interoperabilidad - MINSAL"/><telecom><system value="url"/><value value="https://interoperabilidad.minsal.cl"/></telecom></contact><description value="Códigos de Especialidad y Subespecialidad Bioquímica."/><jurisdiction><coding><system value="urn:iso:std:iso:3166"/><code value="CL"/><display value="Chile"/></coding></jurisdiction><caseSensitive value="true"/><content value="complete"/><count value="3"/><concept><code value="1"/><display value="Laboratorio Clínico"/></concept><concept><code value="2"/><display value="Laboratorio Forense"/></concept><concept><code value="3"/><display value="Salud Pública"/></concept></CodeSystem>