<?xml version="1.0" encoding="UTF-8"?>

<CodeSystem xmlns="http://hl7.org/fhir">
  <id value="CSIdentidadDeGenero"/>
  <text>
    <status value="generated"/><div xmlns="http://www.w3.org/1999/xhtml"><p>This case-sensitive code system <code>https://interoperabilidad.minsal.cl/fhir/ig/mpi/CodeSystem/CSIdentidadDeGenero</code> defines the following codes:</p><table class="codes"><tr><td style="white-space:nowrap"><b>Code</b></td><td><b>Display</b></td></tr><tr><td style="white-space:nowrap">01<a name="CSIdentidadDeGenero-01"> </a></td><td>Masculino</td></tr><tr><td style="white-space:nowrap">02<a name="CSIdentidadDeGenero-02"> </a></td><td>Femenino</td></tr><tr><td style="white-space:nowrap">03<a name="CSIdentidadDeGenero-03"> </a></td><td>Transgénero masculino</td></tr><tr><td style="white-space:nowrap">04<a name="CSIdentidadDeGenero-04"> </a></td><td>Transgénero femenino</td></tr><tr><td style="white-space:nowrap">05<a name="CSIdentidadDeGenero-05"> </a></td><td>No binarie</td></tr><tr><td style="white-space:nowrap">06<a name="CSIdentidadDeGenero-06"> </a></td><td>otra</td></tr><tr><td style="white-space:nowrap">07<a name="CSIdentidadDeGenero-07"> </a></td><td>No revelado</td></tr></table></div>
  </text>
  <url value="https://interoperabilidad.minsal.cl/fhir/ig/mpi/CodeSystem/CSIdentidadDeGenero"/>
  <version value="0.2.0"/>
  <name value="CSIdentidadDeGenero"/>
  <title value="IdentidadDeGenero"/>
  <status value="active"/>
  <experimental value="false"/>
  <date value="2023-01-15"/>
  <publisher value="Unidad de Interoperabilidad - MINSAL"/>
  <contact>
    <name value="Unidad de Interoperabilidad - MINSAL"/>
    <telecom>
      <system value="url"/>
      <value value="https://interoperabilidad.minsal.cl"/>
    </telecom>
  </contact>
  <description value="IdentidadDeGenero"/>
  <jurisdiction>
    <coding>
      <system value="urn:iso:std:iso:3166"/>
      <code value="CL"/>
      <display value="Chile"/>
    </coding>
  </jurisdiction>
  <caseSensitive value="true"/>
  <content value="complete"/>
  <count value="7"/>
  <concept>
    <code value="01"/>
    <display value="Masculino"/>
  </concept>
  <concept>
    <code value="02"/>
    <display value="Femenino"/>
  </concept>
  <concept>
    <code value="03"/>
    <display value="Transgénero masculino"/>
  </concept>
  <concept>
    <code value="04"/>
    <display value="Transgénero femenino"/>
  </concept>
  <concept>
    <code value="05"/>
    <display value="No binarie"/>
  </concept>
  <concept>
    <code value="06"/>
    <display value="otra"/>
  </concept>
  <concept>
    <code value="07"/>
    <display value="No revelado"/>
  </concept>
</CodeSystem>