{"resourceType":"CodeSystem","id":"CSConsecuenciaAtencionCodigo","language":"es-CL","text":{"status":"generated","div":"<div xmlns=\"http://www.w3.org/1999/xhtml\" xml:lang=\"es-CL\" lang=\"es-CL\"><p class=\"res-header-id\"><b>Generated Narrative: SistemaDeCodigos CSConsecuenciaAtencionCodigo</b></p><a name=\"CSConsecuenciaAtencionCodigo\"> </a><a name=\"hcCSConsecuenciaAtencionCodigo\"> </a><div style=\"display: inline-block; background-color: #d9e0e7; padding: 6px; margin: 4px; border: 1px solid #8da1b4; border-radius: 5px; line-height: 60%\"><p style=\"margin-bottom: 0px\">Language: es-CL</p></div><p>This case-sensitive code system <code>https://interoperabilidad.minsal.cl/fhir/ig/tei/CodeSystem/CSConsecuenciaAtencionCodigo</code> defines the following codes:</p><table class=\"codes\"><tr><td style=\"white-space:nowrap\"><b>Code</b></td><td><b>Display</b></td><td><b>Definition</b></td></tr><tr><td style=\"white-space:nowrap\">1<a name=\"CSConsecuenciaAtencionCodigo-1\"> </a></td><td>Control</td><td>Control</td></tr><tr><td style=\"white-space:nowrap\">2<a name=\"CSConsecuenciaAtencionCodigo-2\"> </a></td><td>Alta</td><td>Alta</td></tr><tr><td style=\"white-space:nowrap\">3<a name=\"CSConsecuenciaAtencionCodigo-3\"> </a></td><td>Derivación</td><td>Derivación</td></tr></table></div>"},"url":"https://interoperabilidad.minsal.cl/fhir/ig/tei/CodeSystem/CSConsecuenciaAtencionCodigo","version":"0.2.1","name":"CSConsecuenciaAtencionCodigo","title":"Consecuencia Atención Codigo","status":"active","experimental":false,"date":"2023-01-15","publisher":"Unidad de Interoperabilidad - MINSAL","contact":[{"name":"Unidad de Interoperabilidad - MINSAL","telecom":[{"system":"url","value":"https://interoperabilidad.minsal.cl"}]}],"description":"Consecuencia Atención Codigo","jurisdiction":[{"coding":[{"system":"urn:iso:std:iso:3166","code":"CL","display":"Chile"}]}],"caseSensitive":true,"content":"complete","count":3,"concept":[{"code":"1","display":"Control","definition":"Control"},{"code":"2","display":"Alta","definition":"Alta"},{"code":"3","display":"Derivación","definition":"Derivación"}]}