{"resourceType":"ValueSet","id":"VSServicioRequerido","text":{"status":"generated","div":"<div xmlns=\"http://www.w3.org/1999/xhtml\"><p class=\"res-header-id\"><b>Generated Narrative: ConjuntoValores / ConjuntoDeValores VSServicioRequerido</b></p><a name=\"VSServicioRequerido\"> </a><a name=\"hcVSServicioRequerido\"> </a><ul><li>Include these codes as defined in <a href=\"http://www.snomed.org/\"><code>http://snomed.info/sct</code></a><table class=\"none\"><tr><td style=\"white-space:nowrap\"><b>Code</b></td><td><b>Display</b></td></tr><tr><td><a href=\"http://snomed.info/id/103696004\">103696004</a></td><td>derivación del paciente a un especialista (procedimiento)</td></tr></table></li></ul></div>"},"url":"https://interoperabilidad.minsal.cl/fhir/ig/tei/ValueSet/VSServicioRequerido","version":"0.2.1","name":"VSServicioRequerido","title":"Servicio Requerido","status":"active","experimental":false,"date":"2023-01-15","publisher":"Unidad de Interoperabilidad - MINSAL","contact":[{"name":"Unidad de Interoperabilidad - MINSAL","telecom":[{"system":"url","value":"https://interoperabilidad.minsal.cl"}]}],"description":"Servicio Requerido","jurisdiction":[{"coding":[{"system":"urn:iso:std:iso:3166","code":"CL","display":"Chile"}]}],"copyright":"This value set includes content from SNOMED CT, which is copyright © 2002+ International Health Terminology Standards Development Organisation (IHTSDO), and distributed by agreement between IHTSDO and HL7. Implementer use of SNOMED CT is not covered by this agreement\nThe SNOMED International IPS Terminology is distributed by International Health Terminology Standards Development Organisation, trading as SNOMED International, and is subject the terms of the Creative Commons Attribution 4.0 International Public License. For more information, see SNOMED IPS Terminology\nThe HL7 International IPS implementation guides incorporate SNOMED CT®, used by permission of the International Health Terminology Standards Development Organisation, trading as SNOMED International. SNOMED CT was originally created by the College of American Pathologists. SNOMED CT is a registered trademark of the International Health Terminology Standards Development Organisation, all rights reserved. Implementers of SNOMED CT should review usage terms or directly contact SNOMED International: info@snomed.org","compose":{"include":[{"system":"http://snomed.info/sct","concept":[{"code":"103696004","display":"derivación del paciente a un especialista (procedimiento)"}]}]}}