{"resourceType":"ValueSet","id":"VSMotivoNoPertinenciaCodigo","text":{"status":"generated","div":"<div xmlns=\"http://www.w3.org/1999/xhtml\"><p class=\"res-header-id\"><b>Generated Narrative: ValueSet VSMotivoNoPertinenciaCodigo</b></p><a name=\"VSMotivoNoPertinenciaCodigo\"> </a><a name=\"hcVSMotivoNoPertinenciaCodigo\"> </a><a name=\"VSMotivoNoPertinenciaCodigo-es-CL\"> </a><ul><li>Include all codes defined in <a href=\"CodeSystem-CSMotivoNoPertinenciaCodigo.html\"><code>https://interoperabilidad.minsal.cl/fhir/ig/tei/CodeSystem/CSMotivoNoPertinenciaCodigo</code></a></li></ul></div>"},"url":"https://interoperabilidad.minsal.cl/fhir/ig/tei/ValueSet/VSMotivoNoPertinenciaCodigo","version":"0.2.1","name":"VSMotivoNoPertinenciaCodigo","title":"Motivo No Pertinencia Codigo","status":"active","experimental":false,"date":"2023-01-15","publisher":"Unidad de Interoperabilidad - MINSAL","contact":[{"name":"Unidad de Interoperabilidad - MINSAL","telecom":[{"system":"url","value":"https://interoperabilidad.minsal.cl"}]}],"description":"Motivo No Pertinencia Codigo","jurisdiction":[{"coding":[{"system":"urn:iso:std:iso:3166","code":"CL","display":"Chile"}]}],"compose":{"include":[{"system":"https://interoperabilidad.minsal.cl/fhir/ig/tei/CodeSystem/CSMotivoNoPertinenciaCodigo"}]}}