{"resourceType":"ValueSet","id":"VSEspecialidadOdonto","text":{"status":"generated","div":"<div xmlns=\"http://www.w3.org/1999/xhtml\"><ul><li>Include all codes defined in <a href=\"CodeSystem-CSEspecialidadOdonto.html\"><code>https://interoperabilidad.minsal.cl/fhir/ig/hpd/CodeSystem/CSEspecialidadOdonto</code></a></li></ul></div>"},"url":"https://interoperabilidad.minsal.cl/fhir/ig/hpd/ValueSet/VSEspecialidadOdonto","version":"0.2.0","name":"VSEspecialidadOdonto","title":"Especialidad y Subespecialidad Odontológica","status":"active","experimental":true,"date":"2022-01-18T00:00:00-03:00","publisher":"Unidad de Interoperabilidad - MINSAL","contact":[{"name":"Unidad de Interoperabilidad - MINSAL","telecom":[{"system":"url","value":"https://interoperabilidad.minsal.cl"}]}],"description":"Códigos de Especialidad y Subespecialidad Odontológica.","jurisdiction":[{"coding":[{"system":"urn:iso:std:iso:3166","code":"CL","display":"Chile"}]}],"compose":{"include":[{"system":"https://interoperabilidad.minsal.cl/fhir/ig/hpd/CodeSystem/CSEspecialidadOdonto"}]}}