<?xml version="1.0" encoding="UTF-8"?>

<CodeSystem xmlns="http://hl7.org/fhir">
  <id value="indicacion-traslado-otro-centro"/>
  <text>
    <status value="generated"/><div xmlns="http://www.w3.org/1999/xhtml"><p class="res-header-id"><b>Generated Narrative: CodeSystem indicacion-traslado-otro-centro</b></p><a name="indicacion-traslado-otro-centro"> </a><a name="hcindicacion-traslado-otro-centro"> </a><a name="indicacion-traslado-otro-centro-es-CL"> </a><p>This case-sensitive code system <code>https://interoperabilidad.minsal.cl/fhir/ig/urgencia/CodeSystem/indicacion-traslado-otro-centro</code> defines the following codes:</p><table class="codes"><tr><td style="white-space:nowrap"><b>Code</b></td><td><b>Display</b></td></tr><tr><td style="white-space:nowrap">1<a name="indicacion-traslado-otro-centro-1"> </a></td><td>Traslado a otro centro asistencial o establecimiento sanitario (Perteneciente al SNSS)</td></tr><tr><td style="white-space:nowrap">2<a name="indicacion-traslado-otro-centro-2"> </a></td><td>Traslado a otro centro asistencial o establecimiento de particulares (No perteneciente al SNSS, establecimiento privado)</td></tr></table></div>
  </text>
  <url value="https://interoperabilidad.minsal.cl/fhir/ig/urgencia/CodeSystem/indicacion-traslado-otro-centro"/>
  <version value="0.1.1"/>
  <name value="CSIndicacionTrasladoOtroCentro"/>
  <title value="Indicación Traslado Otro Centro"/>
  <status value="active"/>
  <experimental value="false"/>
  <date value="2024-12-17T10:22:12-03:00"/>
  <publisher value="Unidad de Interoperabilidad - MINSAL"/>
  <contact>
    <name value="Unidad de Interoperabilidad - MINSAL"/>
    <telecom>
      <system value="url"/>
      <value value="https://interoperabilidad.minsal.cl"/>
    </telecom>
  </contact>
  <contact>
    <name value="Roberto Araneda"/>
    <telecom>
      <system value="email"/>
      <value value="roberto.araneda@chiledata.cl"/>
      <use value="work"/>
    </telecom>
  </contact>
  <contact>
    <name value="John Díaz"/>
    <telecom>
      <system value="email"/>
      <value value="john.diaz@chiledata.cl"/>
      <use value="work"/>
    </telecom>
  </contact>
  <description value="Códigos correspondientes a la derivación  o traslado del usuario a otro centro asistencial de salud, el cual puede ser o no perteneciente al Servicio Nacional de Salud."/>
  <jurisdiction>
    <coding>
      <system value="urn:iso:std:iso:3166"/>
      <code value="CL"/>
      <display value="Chile"/>
    </coding>
  </jurisdiction>
  <caseSensitive value="true"/>
  <content value="complete"/>
  <count value="2"/>
  <concept>
    <code value="1"/>
    <display value="Traslado a otro centro asistencial o establecimiento sanitario (Perteneciente al SNSS)"/>
  </concept>
  <concept>
    <code value="2"/>
    <display value="Traslado a otro centro asistencial o establecimiento de particulares (No perteneciente al SNSS, establecimiento privado)"/>
  </concept>
</CodeSystem>