<?xml version="1.0" encoding="UTF-8"?>

<CodeSystem xmlns="http://hl7.org/fhir">
  <id value="relacion-acompanante"/>
  <text>
    <status value="generated"/><div xmlns="http://www.w3.org/1999/xhtml"><p class="res-header-id"><b>Generated Narrative: CodeSystem relacion-acompanante</b></p><a name="relacion-acompanante"> </a><a name="hcrelacion-acompanante"> </a><a name="relacion-acompanante-en-US"> </a><p>This case-insensitive code system <code>http://proceso-urgencia.minsal.cl/CodeSystem/relacion-acompanante</code> defines the following codes:</p><table class="codes"><tr><td style="white-space:nowrap"><b>Code</b></td><td><b>Display</b></td></tr><tr><td style="white-space:nowrap">1<a name="relacion-acompanante-1"> </a></td><td>Compañero de trabajo</td></tr><tr><td style="white-space:nowrap">2<a name="relacion-acompanante-2"> </a></td><td>Pareja o cónyuge</td></tr><tr><td style="white-space:nowrap">3<a name="relacion-acompanante-3"> </a></td><td>Familiar</td></tr><tr><td style="white-space:nowrap">4<a name="relacion-acompanante-4"> </a></td><td>Tutor(a) o Cuidador(a)</td></tr><tr><td style="white-space:nowrap">5<a name="relacion-acompanante-5"> </a></td><td>Vecino(a)</td></tr><tr><td style="white-space:nowrap">98<a name="relacion-acompanante-98"> </a></td><td>No responde</td></tr></table></div>
  </text>
  <url value="http://proceso-urgencia.minsal.cl/CodeSystem/relacion-acompanante"/>
  <version value="0.1.0"/>
  <name value="CSRelacionAcompanante"/>
  <title value="CSRelacionAcompanante"/>
  <status value="draft"/>
  <experimental value="false"/>
  <date value="2024-08-29T09:57:29-04:00"/>
  <publisher value="ChileData"/>
  <contact>
    <name value="ChileData"/>
    <telecom>
      <system value="url"/>
      <value value="http://chiledata.cl"/>
    </telecom>
  </contact>
  <contact>
    <name value="Roberto Araneda"/>
    <telecom>
      <system value="email"/>
      <value value="roberto.araneda@chiledata.cl"/>
      <use value="work"/>
    </telecom>
  </contact>
  <contact>
    <name value="John Díaz"/>
    <telecom>
      <system value="email"/>
      <value value="john.diaz@chiledata.cl"/>
      <use value="work"/>
    </telecom>
  </contact>
  <description value="Códigos de relación de acompañante"/>
  <caseSensitive value="false"/>
  <content value="complete"/>
  <count value="6"/>
  <concept>
    <code value="1"/>
    <display value="Compañero de trabajo"/>
  </concept>
  <concept>
    <code value="2"/>
    <display value="Pareja o cónyuge"/>
  </concept>
  <concept>
    <code value="3"/>
    <display value="Familiar"/>
  </concept>
  <concept>
    <code value="4"/>
    <display value="Tutor(a) o Cuidador(a)"/>
  </concept>
  <concept>
    <code value="5"/>
    <display value="Vecino(a)"/>
  </concept>
  <concept>
    <code value="98"/>
    <display value="No responde"/>
  </concept>
</CodeSystem>