<?xml version="1.0" encoding="UTF-8"?>

<CodeSystem xmlns="http://hl7.org/fhir">
  <id value="CSEstadoCivil"/>
  <text>
    <status value="generated"/><div xmlns="http://www.w3.org/1999/xhtml"><p class="res-header-id"><b>Generated Narrative: CodeSystem CSEstadoCivil</b></p><a name="CSEstadoCivil"> </a><a name="hcCSEstadoCivil"> </a><a name="CSEstadoCivil-es-CL"> </a><p>This case-sensitive code system <code>https://interoperabilidad.minsal.cl/fhir/ig/urgencia/CodeSystem/CSEstadoCivil</code> defines the following codes:</p><table class="codes"><tr><td style="white-space:nowrap"><b>Code</b></td><td><b>Display</b></td></tr><tr><td style="white-space:nowrap">01<a name="CSEstadoCivil-01"> </a></td><td>Soltero(a)</td></tr><tr><td style="white-space:nowrap">02<a name="CSEstadoCivil-02"> </a></td><td>Casado(a)</td></tr><tr><td style="white-space:nowrap">03<a name="CSEstadoCivil-03"> </a></td><td>Viudo(a)</td></tr><tr><td style="white-space:nowrap">04<a name="CSEstadoCivil-04"> </a></td><td>Divorciado(a)</td></tr><tr><td style="white-space:nowrap">05<a name="CSEstadoCivil-05"> </a></td><td>Separado(a) judicialmente</td></tr><tr><td style="white-space:nowrap">06<a name="CSEstadoCivil-06"> </a></td><td>Conviviente civil</td></tr><tr><td style="white-space:nowrap">99<a name="CSEstadoCivil-99"> </a></td><td>Desconocido</td></tr></table></div>
  </text>
  <url value="https://interoperabilidad.minsal.cl/fhir/ig/urgencia/CodeSystem/CSEstadoCivil"/>
  <version value="0.1.0"/>
  <name value="CSEstadoCivil"/>
  <title value="EstadoCivil"/>
  <status value="active"/>
  <experimental value="false"/>
  <date value="2024-12-16T14:50:05-03:00"/>
  <publisher value="Unidad de Interoperabilidad - MINSAL"/>
  <contact>
    <name value="Unidad de Interoperabilidad - MINSAL"/>
    <telecom>
      <system value="url"/>
      <value value="https://interoperabilidad.minsal.cl"/>
    </telecom>
  </contact>
  <contact>
    <name value="Roberto Araneda"/>
    <telecom>
      <system value="email"/>
      <value value="roberto.araneda@chiledata.cl"/>
      <use value="work"/>
    </telecom>
  </contact>
  <contact>
    <name value="John Díaz"/>
    <telecom>
      <system value="email"/>
      <value value="john.diaz@chiledata.cl"/>
      <use value="work"/>
    </telecom>
  </contact>
  <description value="EstadoCivil"/>
  <jurisdiction>
    <coding>
      <system value="urn:iso:std:iso:3166"/>
      <code value="CL"/>
      <display value="Chile"/>
    </coding>
  </jurisdiction>
  <caseSensitive value="true"/>
  <content value="complete"/>
  <count value="7"/>
  <concept>
    <code value="01"/>
    <display value="Soltero(a)"/>
  </concept>
  <concept>
    <code value="02"/>
    <display value="Casado(a)"/>
  </concept>
  <concept>
    <code value="03"/>
    <display value="Viudo(a)"/>
  </concept>
  <concept>
    <code value="04"/>
    <display value="Divorciado(a)"/>
  </concept>
  <concept>
    <code value="05"/>
    <display value="Separado(a) judicialmente"/>
  </concept>
  <concept>
    <code value="06"/>
    <display value="Conviviente civil"/>
  </concept>
  <concept>
    <code value="99"/>
    <display value="Desconocido"/>
  </concept>
</CodeSystem>