<?xml version="1.0" encoding="UTF-8"?>

<CodeSystem xmlns="http://hl7.org/fhir">
  <id value="tipo-egreso"/>
  <text>
    <status value="generated"/><div xmlns="http://www.w3.org/1999/xhtml"><p class="res-header-id"><b>Generated Narrative: CodeSystem tipo-egreso</b></p><a name="tipo-egreso"> </a><a name="hctipo-egreso"> </a><a name="tipo-egreso-es-CL"> </a><p>This case-sensitive code system <code>https://interoperabilidad.minsal.cl/fhir/ig/urgencia/CodeSystem/tipo-egreso</code> defines the following codes:</p><table class="codes"><tr><td style="white-space:nowrap"><b>Code</b></td><td><b>Display</b></td></tr><tr><td style="white-space:nowrap">1<a name="tipo-egreso-1"> </a></td><td>Hospitalización</td></tr><tr><td style="white-space:nowrap">2<a name="tipo-egreso-2"> </a></td><td>Traslado a otra Unidad Hospitalaria</td></tr><tr><td style="white-space:nowrap">3<a name="tipo-egreso-3"> </a></td><td>Alta</td></tr><tr><td style="white-space:nowrap">4<a name="tipo-egreso-4"> </a></td><td>Derivación o traslado a otro centro</td></tr><tr><td style="white-space:nowrap">5<a name="tipo-egreso-5"> </a></td><td>Abandono</td></tr><tr><td style="white-space:nowrap">6<a name="tipo-egreso-6"> </a></td><td>Fallecido</td></tr></table></div>
  </text>
  <url value="https://interoperabilidad.minsal.cl/fhir/ig/urgencia/CodeSystem/tipo-egreso"/>
  <version value="0.1.1"/>
  <name value="CSTipoEgreso"/>
  <title value="Tipo Egreso"/>
  <status value="active"/>
  <experimental value="false"/>
  <date value="2024-12-17T10:22:12-03:00"/>
  <publisher value="Unidad de Interoperabilidad - MINSAL"/>
  <contact>
    <name value="Unidad de Interoperabilidad - MINSAL"/>
    <telecom>
      <system value="url"/>
      <value value="https://interoperabilidad.minsal.cl"/>
    </telecom>
  </contact>
  <contact>
    <name value="Roberto Araneda"/>
    <telecom>
      <system value="email"/>
      <value value="roberto.araneda@chiledata.cl"/>
      <use value="work"/>
    </telecom>
  </contact>
  <contact>
    <name value="John Díaz"/>
    <telecom>
      <system value="email"/>
      <value value="john.diaz@chiledata.cl"/>
      <use value="work"/>
    </telecom>
  </contact>
  <description value="Corresponde a códigos asociados a la decisión del médico u odontólogo del destino que debe seguir el usuario en virtud de su evaluación y situación clínica antes de cerrar el proceso de urgencia. "/>
  <jurisdiction>
    <coding>
      <system value="urn:iso:std:iso:3166"/>
      <code value="CL"/>
      <display value="Chile"/>
    </coding>
  </jurisdiction>
  <caseSensitive value="true"/>
  <content value="complete"/>
  <count value="6"/>
  <concept>
    <code value="1"/>
    <display value="Hospitalización"/>
  </concept>
  <concept>
    <code value="2"/>
    <display value="Traslado a otra Unidad Hospitalaria"/>
  </concept>
  <concept>
    <code value="3"/>
    <display value="Alta"/>
  </concept>
  <concept>
    <code value="4"/>
    <display value="Derivación o traslado a otro centro"/>
  </concept>
  <concept>
    <code value="5"/>
    <display value="Abandono"/>
  </concept>
  <concept>
    <code value="6"/>
    <display value="Fallecido"/>
  </concept>
</CodeSystem>