<?xml version="1.0" encoding="UTF-8"?>

<CodeSystem xmlns="http://hl7.org/fhir">
  <id value="LeyPrevisional"/>
  <text>
    <status value="generated"/><div xmlns="http://www.w3.org/1999/xhtml"><p class="res-header-id"><b>Generated Narrative: CodeSystem LeyPrevisional</b></p><a name="LeyPrevisional"> </a><a name="hcLeyPrevisional"> </a><a name="LeyPrevisional-es-CL"> </a><p>This case-sensitive code system <code>https://interoperabilidad.minsal.cl/fhir/ig/urgencia/CodeSystem/LeyPrevisional</code> defines the following codes:</p><table class="codes"><tr><td style="white-space:nowrap"><b>Code</b></td><td><b>Display</b></td></tr><tr><td style="white-space:nowrap">1<a name="LeyPrevisional-1"> </a></td><td>Ley Nº18.490:  Accidentes de Transporte</td></tr><tr><td style="white-space:nowrap">2<a name="LeyPrevisional-2"> </a></td><td>Ley Nº 16.744: Accidentes del Trabajo y Enfermedades Profesionales</td></tr><tr><td style="white-space:nowrap">3<a name="LeyPrevisional-3"> </a></td><td>Ley Nº 16.744: Accidente Escolar</td></tr><tr><td style="white-space:nowrap">4<a name="LeyPrevisional-4"> </a></td><td>Ley Nº 19.650/99 de Urgencia</td></tr><tr><td style="white-space:nowrap">5<a name="LeyPrevisional-5"> </a></td><td>Ley 19.992 PRAIS</td></tr><tr><td style="white-space:nowrap">6<a name="LeyPrevisional-6"> </a></td><td>Ley Nº 19.966 Régimen General de Garantías en Salud GES</td></tr><tr><td style="white-space:nowrap">7<a name="LeyPrevisional-7"> </a></td><td>Ley Nº20.850  Ricarte Soto</td></tr><tr><td style="white-space:nowrap">8<a name="LeyPrevisional-8"> </a></td><td>Ley N° 21.030 de Despenalización de la Interrupción Voluntaria del Embarazo en Tres Causales.</td></tr><tr><td style="white-space:nowrap">96<a name="LeyPrevisional-96"> </a></td><td>Ninguna</td></tr><tr><td style="white-space:nowrap">97<a name="LeyPrevisional-97"> </a></td><td>No Recuerda</td></tr></table></div>
  </text>
  <url value="https://interoperabilidad.minsal.cl/fhir/ig/urgencia/CodeSystem/LeyPrevisional"/>
  <version value="0.1.1"/>
  <name value="CSLeyPrevisional"/>
  <title value="Ley Previsional"/>
  <status value="active"/>
  <experimental value="false"/>
  <date value="2024-12-17T10:22:12-03:00"/>
  <publisher value="Unidad de Interoperabilidad - MINSAL"/>
  <contact>
    <name value="Unidad de Interoperabilidad - MINSAL"/>
    <telecom>
      <system value="url"/>
      <value value="https://interoperabilidad.minsal.cl"/>
    </telecom>
  </contact>
  <contact>
    <name value="Roberto Araneda"/>
    <telecom>
      <system value="email"/>
      <value value="roberto.araneda@chiledata.cl"/>
      <use value="work"/>
    </telecom>
  </contact>
  <contact>
    <name value="John Díaz"/>
    <telecom>
      <system value="email"/>
      <value value="john.diaz@chiledata.cl"/>
      <use value="work"/>
    </telecom>
  </contact>
  <description value="Códigos para la ley previsional"/>
  <jurisdiction>
    <coding>
      <system value="urn:iso:std:iso:3166"/>
      <code value="CL"/>
      <display value="Chile"/>
    </coding>
  </jurisdiction>
  <caseSensitive value="true"/>
  <content value="complete"/>
  <count value="10"/>
  <concept>
    <code value="1"/>
    <display value="Ley Nº18.490:  Accidentes de Transporte"/>
  </concept>
  <concept>
    <code value="2"/>
    <display value="Ley Nº 16.744: Accidentes del Trabajo y Enfermedades Profesionales"/>
  </concept>
  <concept>
    <code value="3"/>
    <display value="Ley Nº 16.744: Accidente Escolar"/>
  </concept>
  <concept>
    <code value="4"/>
    <display value="Ley Nº 19.650/99 de Urgencia"/>
  </concept>
  <concept>
    <code value="5"/>
    <display value="Ley 19.992 PRAIS"/>
  </concept>
  <concept>
    <code value="6"/>
    <display value="Ley Nº 19.966 Régimen General de Garantías en Salud GES"/>
  </concept>
  <concept>
    <code value="7"/>
    <display value="Ley Nº20.850  Ricarte Soto"/>
  </concept>
  <concept>
    <code value="8"/>
    <display value="Ley N° 21.030 de Despenalización de la Interrupción Voluntaria del Embarazo en Tres Causales."/>
  </concept>
  <concept>
    <code value="96"/>
    <display value="Ninguna"/>
  </concept>
  <concept>
    <code value="97"/>
    <display value="No Recuerda"/>
  </concept>
</CodeSystem>