<?xml version="1.0" encoding="UTF-8"?>

<CodeSystem xmlns="http://hl7.org/fhir">
  <id value="unidad-hospitalaria-destino"/>
  <text>
    <status value="generated"/><div xmlns="http://www.w3.org/1999/xhtml"><p class="res-header-id"><b>Generated Narrative: CodeSystem unidad-hospitalaria-destino</b></p><a name="unidad-hospitalaria-destino"> </a><a name="hcunidad-hospitalaria-destino"> </a><a name="unidad-hospitalaria-destino-es-CL"> </a><p>This case-insensitive code system <code>https://interoperabilidad.minsal.cl/fhir/ig/urgencia/CodeSystem/unidad-hospitalaria-destino</code> defines the following codes:</p><table class="codes"><tr><td style="white-space:nowrap"><b>Code</b></td><td><b>Display</b></td></tr><tr><td style="white-space:nowrap">401<a name="unidad-hospitalaria-destino-401"> </a></td><td>Área Médica Adulto Cuidados Básicos</td></tr><tr><td style="white-space:nowrap">402<a name="unidad-hospitalaria-destino-402"> </a></td><td>Área Médica Adulto Cuidados Medios</td></tr><tr><td style="white-space:nowrap">403<a name="unidad-hospitalaria-destino-403"> </a></td><td>Área Médico-Quirúrgico Cuidados Básicos</td></tr><tr><td style="white-space:nowrap">404<a name="unidad-hospitalaria-destino-404"> </a></td><td>Área Médico-Quirúrgico Cuidados Medios</td></tr><tr><td style="white-space:nowrap">405<a name="unidad-hospitalaria-destino-405"> </a></td><td>Área Cuidados Intensivos Adultos</td></tr><tr><td style="white-space:nowrap">406<a name="unidad-hospitalaria-destino-406"> </a></td><td>Área Cuidados Intermedios Adultos</td></tr><tr><td style="white-space:nowrap">407<a name="unidad-hospitalaria-destino-407"> </a></td><td>Área Médica Pediátrica Cuidados Básicos</td></tr><tr><td style="white-space:nowrap">408<a name="unidad-hospitalaria-destino-408"> </a></td><td>Área Médica Pediátrica Cuidados Medios</td></tr><tr><td style="white-space:nowrap">409<a name="unidad-hospitalaria-destino-409"> </a></td><td>Área Médico-Quirúrgico Pediátrica Cuidados Básicos</td></tr><tr><td style="white-space:nowrap">410<a name="unidad-hospitalaria-destino-410"> </a></td><td>Área Médico-Quirúrgico Pediátrica Cuidados Medios</td></tr><tr><td style="white-space:nowrap">411<a name="unidad-hospitalaria-destino-411"> </a></td><td>Área Cuidados Intensivos Pediátricos</td></tr><tr><td style="white-space:nowrap">412<a name="unidad-hospitalaria-destino-412"> </a></td><td>Área Cuidados Intermedios Pediátricos</td></tr><tr><td style="white-space:nowrap">413<a name="unidad-hospitalaria-destino-413"> </a></td><td>Área Neonatología Cuidados Básicos</td></tr><tr><td style="white-space:nowrap">414<a name="unidad-hospitalaria-destino-414"> </a></td><td>Área Neonatología Cuidados Intensivos</td></tr><tr><td style="white-space:nowrap">415<a name="unidad-hospitalaria-destino-415"> </a></td><td>Área Neonatología Cuidados Intermedios</td></tr><tr><td style="white-space:nowrap">416<a name="unidad-hospitalaria-destino-416"> </a></td><td>Área Obstetricia</td></tr><tr><td style="white-space:nowrap">330<a name="unidad-hospitalaria-destino-330"> </a></td><td>Área Pensionado</td></tr><tr><td style="white-space:nowrap">418<a name="unidad-hospitalaria-destino-418"> </a></td><td>Área Psiquiatría Adulto Corta estadía</td></tr><tr><td style="white-space:nowrap">419<a name="unidad-hospitalaria-destino-419"> </a></td><td>Área Psiquiatría Adulto Mediana estadía</td></tr><tr><td style="white-space:nowrap">420<a name="unidad-hospitalaria-destino-420"> </a></td><td>Área Psiquiatría Adulto Larga estadía</td></tr><tr><td style="white-space:nowrap">421<a name="unidad-hospitalaria-destino-421"> </a></td><td>Área Psiquiatría Infanto-adolescente corta estadía</td></tr><tr><td style="white-space:nowrap">422<a name="unidad-hospitalaria-destino-422"> </a></td><td>Área Psiquiatría Infanto-adolescente mediana estadía</td></tr><tr><td style="white-space:nowrap">423<a name="unidad-hospitalaria-destino-423"> </a></td><td>Área Psiquiatría Forense Adulto evaluación e inicio tto.</td></tr><tr><td style="white-space:nowrap">424<a name="unidad-hospitalaria-destino-424"> </a></td><td>Área Psiquiatría Forense Adulto tratamiento</td></tr><tr><td style="white-space:nowrap">425<a name="unidad-hospitalaria-destino-425"> </a></td><td>Área Psiquiatría Forense Infanto Adolescente evaluación e inicio tto.</td></tr><tr><td style="white-space:nowrap">426<a name="unidad-hospitalaria-destino-426"> </a></td><td>Área Psiquiatría Forense Infanto Adolescente tratamiento</td></tr><tr><td style="white-space:nowrap">427<a name="unidad-hospitalaria-destino-427"> </a></td><td>Área Sociosanitaria Adulto</td></tr><tr><td style="white-space:nowrap">428<a name="unidad-hospitalaria-destino-428"> </a></td><td>Área de Hospitalización de Cuidados Intensivos en Psiquiatría Adulto</td></tr><tr><td style="white-space:nowrap">429<a name="unidad-hospitalaria-destino-429"> </a></td><td>Área de Hospitalización de Cuidados Intensivos en Psiquiatría Infanto Adolescente</td></tr></table></div>
  </text>
  <url value="https://interoperabilidad.minsal.cl/fhir/ig/urgencia/CodeSystem/unidad-hospitalaria-destino"/>
  <version value="0.1.0"/>
  <name value="CSUnidadHospitalariaDestino"/>
  <title value="Unidad Hospitalaria Destino"/>
  <status value="draft"/>
  <experimental value="false"/>
  <date value="2024-12-13T10:10:51-03:00"/>
  <publisher value="Unidad de Interoperabilidad - MINSAL"/>
  <contact>
    <name value="Unidad de Interoperabilidad - MINSAL"/>
    <telecom>
      <system value="url"/>
      <value value="https://interoperabilidad.minsal.cl"/>
    </telecom>
  </contact>
  <contact>
    <name value="Roberto Araneda"/>
    <telecom>
      <system value="email"/>
      <value value="roberto.araneda@chiledata.cl"/>
      <use value="work"/>
    </telecom>
  </contact>
  <contact>
    <name value="John Díaz"/>
    <telecom>
      <system value="email"/>
      <value value="john.diaz@chiledata.cl"/>
      <use value="work"/>
    </telecom>
  </contact>
  <description value="Códigos asociados a Unidad Funcional de destino si es que el paciente requiere hospitalización en el mismo establecimiento."/>
  <jurisdiction>
    <coding>
      <system value="urn:iso:std:iso:3166"/>
      <code value="CL"/>
      <display value="Chile"/>
    </coding>
  </jurisdiction>
  <caseSensitive value="false"/>
  <content value="complete"/>
  <count value="29"/>
  <concept>
    <code value="401"/>
    <display value="Área Médica Adulto Cuidados Básicos"/>
  </concept>
  <concept>
    <code value="402"/>
    <display value="Área Médica Adulto Cuidados Medios"/>
  </concept>
  <concept>
    <code value="403"/>
    <display value="Área Médico-Quirúrgico Cuidados Básicos"/>
  </concept>
  <concept>
    <code value="404"/>
    <display value="Área Médico-Quirúrgico Cuidados Medios"/>
  </concept>
  <concept>
    <code value="405"/>
    <display value="Área Cuidados Intensivos Adultos"/>
  </concept>
  <concept>
    <code value="406"/>
    <display value="Área Cuidados Intermedios Adultos"/>
  </concept>
  <concept>
    <code value="407"/>
    <display value="Área Médica Pediátrica Cuidados Básicos"/>
  </concept>
  <concept>
    <code value="408"/>
    <display value="Área Médica Pediátrica Cuidados Medios"/>
  </concept>
  <concept>
    <code value="409"/>
    <display value="Área Médico-Quirúrgico Pediátrica Cuidados Básicos"/>
  </concept>
  <concept>
    <code value="410"/>
    <display value="Área Médico-Quirúrgico Pediátrica Cuidados Medios"/>
  </concept>
  <concept>
    <code value="411"/>
    <display value="Área Cuidados Intensivos Pediátricos"/>
  </concept>
  <concept>
    <code value="412"/>
    <display value="Área Cuidados Intermedios Pediátricos"/>
  </concept>
  <concept>
    <code value="413"/>
    <display value="Área Neonatología Cuidados Básicos"/>
  </concept>
  <concept>
    <code value="414"/>
    <display value="Área Neonatología Cuidados Intensivos"/>
  </concept>
  <concept>
    <code value="415"/>
    <display value="Área Neonatología Cuidados Intermedios"/>
  </concept>
  <concept>
    <code value="416"/>
    <display value="Área Obstetricia"/>
  </concept>
  <concept>
    <code value="330"/>
    <display value="Área Pensionado"/>
  </concept>
  <concept>
    <code value="418"/>
    <display value="Área Psiquiatría Adulto Corta estadía"/>
  </concept>
  <concept>
    <code value="419"/>
    <display value="Área Psiquiatría Adulto Mediana estadía"/>
  </concept>
  <concept>
    <code value="420"/>
    <display value="Área Psiquiatría Adulto Larga estadía"/>
  </concept>
  <concept>
    <code value="421"/>
    <display value="Área Psiquiatría Infanto-adolescente corta estadía"/>
  </concept>
  <concept>
    <code value="422"/>
    <display value="Área Psiquiatría Infanto-adolescente mediana estadía"/>
  </concept>
  <concept>
    <code value="423"/>
    <display value="Área Psiquiatría Forense Adulto evaluación e inicio tto."/>
  </concept>
  <concept>
    <code value="424"/>
    <display value="Área Psiquiatría Forense Adulto tratamiento"/>
  </concept>
  <concept>
    <code value="425"/>
    <display value="Área Psiquiatría Forense Infanto Adolescente evaluación e inicio tto."/>
  </concept>
  <concept>
    <code value="426"/>
    <display value="Área Psiquiatría Forense Infanto Adolescente tratamiento"/>
  </concept>
  <concept>
    <code value="427"/>
    <display value="Área Sociosanitaria Adulto"/>
  </concept>
  <concept>
    <code value="428"/>
    <display value="Área de Hospitalización de Cuidados Intensivos en Psiquiatría Adulto"/>
  </concept>
  <concept>
    <code value="429"/>
    <display value="Área de Hospitalización de Cuidados Intensivos en Psiquiatría Infanto Adolescente"/>
  </concept>
</CodeSystem>