<?xml version="1.0" encoding="UTF-8"?>

<CodeSystem xmlns="http://hl7.org/fhir">
  <id value="destino-traslado"/>
  <text>
    <status value="generated"/><div xmlns="http://www.w3.org/1999/xhtml"><p class="res-header-id"><b>Generated Narrative: CodeSystem destino-traslado</b></p><a name="destino-traslado"> </a><a name="hcdestino-traslado"> </a><a name="destino-traslado-es-CL"> </a><p>This case-insensitive code system <code>https://interoperabilidad.minsal.cl/fhir/ig/urgencia/CodeSystem/destino-traslado</code> defines the following codes:</p><table class="codes"><tr><td style="white-space:nowrap"><b>Code</b></td><td><b>Display</b></td></tr><tr><td style="white-space:nowrap">1<a name="destino-traslado-1"> </a></td><td>Alta</td></tr><tr><td style="white-space:nowrap">2<a name="destino-traslado-2"> </a></td><td>Derivación o traslado a otro centro</td></tr><tr><td style="white-space:nowrap">3<a name="destino-traslado-3"> </a></td><td>Abandono</td></tr><tr><td style="white-space:nowrap">4<a name="destino-traslado-4"> </a></td><td>Fallecido</td></tr></table></div>
  </text>
  <url value="https://interoperabilidad.minsal.cl/fhir/ig/urgencia/CodeSystem/destino-traslado"/>
  <version value="0.1.0"/>
  <name value="CSDestinoTraslado"/>
  <title value="Destino Traslado"/>
  <status value="draft"/>
  <experimental value="false"/>
  <date value="2024-12-13T10:10:51-03:00"/>
  <publisher value="Unidad de Interoperabilidad - MINSAL"/>
  <contact>
    <name value="Unidad de Interoperabilidad - MINSAL"/>
    <telecom>
      <system value="url"/>
      <value value="https://interoperabilidad.minsal.cl"/>
    </telecom>
  </contact>
  <contact>
    <name value="Roberto Araneda"/>
    <telecom>
      <system value="email"/>
      <value value="roberto.araneda@chiledata.cl"/>
      <use value="work"/>
    </telecom>
  </contact>
  <contact>
    <name value="John Díaz"/>
    <telecom>
      <system value="email"/>
      <value value="john.diaz@chiledata.cl"/>
      <use value="work"/>
    </telecom>
  </contact>
  <description value="Códigos asociados a destino de traslado del paciente desde urgencia."/>
  <jurisdiction>
    <coding>
      <system value="urn:iso:std:iso:3166"/>
      <code value="CL"/>
      <display value="Chile"/>
    </coding>
  </jurisdiction>
  <caseSensitive value="false"/>
  <content value="complete"/>
  <count value="4"/>
  <concept>
    <code value="1"/>
    <display value="Alta"/>
  </concept>
  <concept>
    <code value="2"/>
    <display value="Derivación o traslado a otro centro"/>
  </concept>
  <concept>
    <code value="3"/>
    <display value="Abandono"/>
  </concept>
  <concept>
    <code value="4"/>
    <display value="Fallecido"/>
  </concept>
</CodeSystem>