<?xml version="1.0" encoding="UTF-8"?>

<Encounter xmlns="http://hl7.org/fhir">
  <id value="4c9a3e03-a907-492e-b69c-710cb8c42347"/>
  <meta>
    <profile value="https://interoperabilidad.minsal.cl/fhir/ig/urgencia/StructureDefinition/EncounterUrg"/>
  </meta>
  <text>
    <status value="extensions"/><div xmlns="http://www.w3.org/1999/xhtml"><p class="res-header-id"><b>Generated Narrative: Encounter 4c9a3e03-a907-492e-b69c-710cb8c42347</b></p><a name="4c9a3e03-a907-492e-b69c-710cb8c42347"> </a><a name="hc4c9a3e03-a907-492e-b69c-710cb8c42347"> </a><a name="4c9a3e03-a907-492e-b69c-710cb8c42347-es-CL"> </a><p><b>Acompañante</b>: false</p><p><b>Ley Previsional</b>: <span title="Codes:{https://interoperabilidad.minsal.cl/fhir/ig/urgencia/CodeSystem/LeyPrevisional 2}">Ley Nº 16.744: Accidentes del Trabajo y Enfermedades Profesionales</span></p><p><b>identifier</b>: 126402-0025</p><p><b>status</b>: In Progress</p><blockquote><p><b>statusHistory</b></p><p><b>status</b>: Arrived</p><p><b>period</b>: 2024-10-25 13:18:00-0400 --&gt; (ongoing)</p></blockquote><blockquote><p><b>statusHistory</b></p><p><b>status</b>: Triaged</p><p><b>period</b>: 2024-10-25 13:30:00-0400 --&gt; (ongoing)</p></blockquote><blockquote><p><b>statusHistory</b></p><p><b>status</b>: In Progress</p><p><b>period</b>: 2024-10-25 14:12:00-0400 --&gt; (ongoing)</p></blockquote><p><b>class</b>: <a href="http://terminology.hl7.org/6.0.2/CodeSystem-v3-ActCode.html#v3-ActCode-EMER">ActCode EMER</a>: emergency</p><p><b>priority</b>: <span title="Codes:{https://interoperabilidad.minsal.cl/fhir/ig/urgencia/CodeSystem/categorizacion-ugo C3}">Atención Prioritaria</span></p><p><b>subject</b>: <a href="Patient-6ec6dc25-4b65-4165-a545-9b796f60b997.html">Maria Josefína Perez Gonzalez(official) Female, DoB: 1974-12-25 ( Rol Único Nacional: 90000000-6 (use: official, ))</a></p><blockquote><p><b>participant</b></p><p><b>type</b>: <span title="Codes:{http://terminology.hl7.org/CodeSystem/v3-ParticipationType ADM}">admitter</span></p><p><b>period</b>: 2024-10-25 13:18:00-0400 --&gt; (ongoing)</p><p><b>individual</b>: <a href="Practitioner-b9f6967f-51b5-49f4-8576-ce9f588523c2.html">Practitioner Mario Donoso </a></p></blockquote><blockquote><p><b>participant</b></p><p><b>type</b>: <span title="Codes:{http://terminology.hl7.org/CodeSystem/participant-type emergency}">Emergency</span></p><p><b>individual</b>: <a href="RelatedPerson-bb7f34f7-8f4e-42c8-aa84-1f64bf584a05.html">RelatedPerson Jose Luis Perez </a></p></blockquote><blockquote><p><b>participant</b></p><p><b>type</b>: <span title="Codes:{https://interoperabilidad.minsal.cl/fhir/ig/urgencia/CodeSystem/TipoParticipanteUrgencia triage}">Categorizador</span></p><p><b>period</b>: 2024-10-25 13:30:00-0400 --&gt; (ongoing)</p><p><b>individual</b>: <a href="Practitioner-d04739d3-ba47-4f0f-920f-bcd66b474963.html">Practitioner Juan Carlos Perez Gonzalez(official)</a></p></blockquote><blockquote><p><b>participant</b></p><p><b>type</b>: <span title="Codes:{http://terminology.hl7.org/CodeSystem/v3-ParticipationType ATND}">attender</span></p><p><b>period</b>: 2024-10-25 14:12:00-0400 --&gt; (ongoing)</p><p><b>individual</b>: <a href="Practitioner-190cd208-48b1-4920-a283-6bc37cbde13a.html">Practitioner Luis Gonzalez (official)</a></p></blockquote><p><b>period</b>: 2024-10-25 13:18:00-0400 --&gt; (ongoing)</p><p><b>reasonCode</b>: <span title="Codes:">Dolor abdominal</span></p><blockquote><p><b>hospitalization</b></p><p><b>Medio de Llegada</b>: <span title="Codes:{https://interoperabilidad.minsal.cl/fhir/ig/urgencia/CodeSystem/MedioDeLlegada 5}">Vehículo particular</span></p><p><b>Consulta por Accidente</b>: false</p><p><b>admitSource</b>: <span title="Codes:{https://interoperabilidad.minsal.cl/fhir/ig/urgencia/CodeSystem/Procedencia 9}">Domicilio</span></p><p><b>dischargeDisposition</b>: <span title="Codes:{https://interoperabilidad.minsal.cl/fhir/ig/urgencia/CodeSystem/tipo-egreso 5}">Abandono</span></p></blockquote><p><b>serviceProvider</b>: <a href="Organization-5491b8d5-e06c-4f89-beb7-75a1989cdc81.html">Organization Hospital Clínico Metropolitano La Florida Dra. Eloísa Díaz Insunza</a></p></div>
  </text>
  <extension url="https://interoperabilidad.minsal.cl/fhir/ig/urgencia/StructureDefinition/Acompanante">
    <valueBoolean value="false"/>
  </extension>
  <extension url="https://interoperabilidad.minsal.cl/fhir/ig/urgencia/StructureDefinition/LeyPrevisional">
    <valueCodeableConcept>
      <coding>
        <system value="https://interoperabilidad.minsal.cl/fhir/ig/urgencia/CodeSystem/LeyPrevisional"/>
        <code value="2"/>
      </coding>
    </valueCodeableConcept>
  </extension>
  <identifier>
    <value value="126402-0025"/>
  </identifier>
  <status value="in-progress"/>
  <statusHistory>
    <status value="arrived"/>
    <period>
      <start value="2024-10-25T13:18:00-04:00"/>
    </period>
  </statusHistory>
  <statusHistory>
    <status value="triaged"/>
    <period>
      <start value="2024-10-25T13:30:00-04:00"/>
    </period>
  </statusHistory>
  <statusHistory>
    <status value="in-progress"/>
    <period>
      <start value="2024-10-25T14:12:00-04:00"/>
    </period>
  </statusHistory>
  <class>
    <system value="http://terminology.hl7.org/CodeSystem/v3-ActCode"/>
    <code value="EMER"/>
  </class>
  <priority>
    <coding>
      <system value="https://interoperabilidad.minsal.cl/fhir/ig/urgencia/CodeSystem/categorizacion-ugo"/>
      <code value="C3"/>
      <display value="Atención Prioritaria"/>
    </coding>
  </priority>
  <subject>
    <reference value="Patient/6ec6dc25-4b65-4165-a545-9b796f60b997"/>
  </subject>
  <participant>
    <type>
      <coding>
        <system value="http://terminology.hl7.org/CodeSystem/v3-ParticipationType"/>
        <code value="ADM"/>
      </coding>
    </type>
    <period>
      <start value="2024-10-25T13:18:00-04:00"/>
    </period>
    <individual>
      <reference value="Practitioner/b9f6967f-51b5-49f4-8576-ce9f588523c2"/>
    </individual>
  </participant>
  <participant>
    <type>
      <coding>
        <system value="http://terminology.hl7.org/CodeSystem/participant-type"/>
        <version value="4.0.1"/>
        <code value="emergency"/>
      </coding>
    </type>
    <individual>
      <reference value="RelatedPerson/bb7f34f7-8f4e-42c8-aa84-1f64bf584a05"/>
    </individual>
  </participant>
  <participant>
    <type>
      <coding>
        <system value="https://interoperabilidad.minsal.cl/fhir/ig/urgencia/CodeSystem/TipoParticipanteUrgencia"/>
        <code value="triage"/>
      </coding>
    </type>
    <period>
      <start value="2024-10-25T13:30:00-04:00"/>
    </period>
    <individual>
      <reference value="Practitioner/d04739d3-ba47-4f0f-920f-bcd66b474963"/>
    </individual>
  </participant>
  <participant>
    <type>
      <coding>
        <system value="http://terminology.hl7.org/CodeSystem/v3-ParticipationType"/>
        <code value="ATND"/>
      </coding>
    </type>
    <period>
      <start value="2024-10-25T14:12:00-04:00"/>
    </period>
    <individual>
      <reference value="Practitioner/190cd208-48b1-4920-a283-6bc37cbde13a"/>
    </individual>
  </participant>
  <period>
    <start value="2024-10-25T13:18:00-04:00"/>
  </period>
  <reasonCode>
    <text value="Dolor abdominal"/>
  </reasonCode>
  <hospitalization>
    <extension url="https://interoperabilidad.minsal.cl/fhir/ig/urgencia/StructureDefinition/MedioDeLlegada">
      <valueCodeableConcept>
        <coding>
          <system value="https://interoperabilidad.minsal.cl/fhir/ig/urgencia/CodeSystem/MedioDeLlegada"/>
          <code value="5"/>
          <display value="Vehículo particular"/>
        </coding>
      </valueCodeableConcept>
    </extension>
    <extension url="https://interoperabilidad.minsal.cl/fhir/ig/urgencia/StructureDefinition/ConsultaPorAccidente">
      <valueBoolean value="false"/>
    </extension>
    <admitSource>
      <coding>
        <system value="https://interoperabilidad.minsal.cl/fhir/ig/urgencia/CodeSystem/Procedencia"/>
        <code value="9"/>
        <display value="Domicilio"/>
      </coding>
    </admitSource>
    <dischargeDisposition>
      <extension url="https://interoperabilidad.minsal.cl/fhir/ig/urgencia/StructureDefinition/Abandono">
        <valueCoding>
          <system value="https://interoperabilidad.minsal.cl/fhir/ig/urgencia/CodeSystem/abandono"/>
          <code value="2"/>
        </valueCoding>
      </extension>
      <coding>
        <system value="https://interoperabilidad.minsal.cl/fhir/ig/urgencia/CodeSystem/tipo-egreso"/>
        <code value="5"/>
        <display value="Abandono"/>
      </coding>
    </dischargeDisposition>
  </hospitalization>
  <serviceProvider>
    <reference value="Organization/5491b8d5-e06c-4f89-beb7-75a1989cdc81"/>
  </serviceProvider>
</Encounter>