<?xml version="1.0" encoding="UTF-8"?>

<ImplementationGuide xmlns="http://hl7.org/fhir">
  <id value="hl7.fhir.cl.minsal.urgencia"/>
  <text>
    <status value="generated"/><div xmlns="http://www.w3.org/1999/xhtml"><p class="res-header-id"><b>Generated Narrative: ImplementationGuide hl7.fhir.cl.minsal.urgencia</b></p><a name="hl7.fhir.cl.minsal.urgencia"> </a><a name="hchl7.fhir.cl.minsal.urgencia"> </a><a name="hl7.fhir.cl.minsal.urgencia-es-CL"> </a><h2>AtencindeUrgenciaInteroperable</h2><p>The official URL for this implementation guide is: </p><pre>https://interoperabilidad.minsal.cl/fhir/ig/urgencia/ImplementationGuide/hl7.fhir.cl.minsal.urgencia</pre><div><p>Guía de implementación para la interoperabilidad de la atención de urgencia en Chile.</p>
</div></div>
  </text>
  <url value="https://interoperabilidad.minsal.cl/fhir/ig/urgencia/ImplementationGuide/hl7.fhir.cl.minsal.urgencia"/>
  <version value="0.1.0"/>
  <name value="AtencindeUrgenciaInteroperable"/>
  <title value="Atención de Urgencia Interoperable"/>
  <status value="draft"/>
  <date value="2024-12-16T14:50:05-03:00"/>
  <publisher value="Unidad de Interoperabilidad - MINSAL"/>
  <contact>
    <name value="Unidad de Interoperabilidad - MINSAL"/>
    <telecom>
      <system value="url"/>
      <value value="https://interoperabilidad.minsal.cl"/>
    </telecom>
  </contact>
  <contact>
    <name value="Roberto Araneda"/>
    <telecom>
      <system value="email"/>
      <value value="roberto.araneda@chiledata.cl"/>
      <use value="work"/>
    </telecom>
  </contact>
  <contact>
    <name value="John Díaz"/>
    <telecom>
      <system value="email"/>
      <value value="john.diaz@chiledata.cl"/>
      <use value="work"/>
    </telecom>
  </contact>
  <description value="Guía de implementación para la interoperabilidad de la atención de urgencia en Chile."/>
  <jurisdiction>
    <coding>
      <system value="urn:iso:std:iso:3166"/>
      <code value="CL"/>
      <display value="Chile"/>
    </coding>
  </jurisdiction>
  <packageId value="hl7.fhir.cl.minsal.urgencia"/>
  <license value="CC0-1.0"/>
  <fhirVersion value="4.0.1"/>
  <dependsOn id="hl7tx">
    <extension url="http://hl7.org/fhir/tools/StructureDefinition/implementationguide-dependency-comment">
      <valueMarkdown value="Automatically added as a dependency - all IGs depend on HL7 Terminology"/>
    </extension>
    <uri value="http://terminology.hl7.org/ImplementationGuide/hl7.terminology"/>
    <packageId value="hl7.terminology.r4"/>
    <version value="6.1.0"/>
  </dependsOn>
  <dependsOn id="hl7ext">
    <extension url="http://hl7.org/fhir/tools/StructureDefinition/implementationguide-dependency-comment">
      <valueMarkdown value="Automatically added as a dependency - all IGs depend on the HL7 Extension Pack"/>
    </extension>
    <uri value="http://hl7.org/fhir/extensions/ImplementationGuide/hl7.fhir.uv.extensions"/>
    <packageId value="hl7.fhir.uv.extensions.r4"/>
    <version value="5.1.0"/>
  </dependsOn>
  <dependsOn id="hl7_fhir_cl_clcore">
    <uri value="https://hl7chile.cl/fhir/ig/clcore/ImplementationGuide/hl7.fhir.cl.clcore"/>
    <packageId value="hl7.fhir.cl.clcore"/>
    <version value="1.9.1"/>
  </dependsOn>
  <definition>
    <extension url="http://hl7.org/fhir/tools/StructureDefinition/ig-parameter">
      <extension url="code">
        <valueString value="copyrightyear"/>
      </extension>
      <extension url="value">
        <valueString value="2024+"/>
      </extension>
    </extension>
    <extension url="http://hl7.org/fhir/tools/StructureDefinition/ig-parameter">
      <extension url="code">
        <valueString value="releaselabel"/>
      </extension>
      <extension url="value">
        <valueString value="draft"/>
      </extension>
    </extension>
    <extension url="http://hl7.org/fhir/tools/StructureDefinition/ig-parameter">
      <extension url="code">
        <valueString value="autoload-resources"/>
      </extension>
      <extension url="value">
        <valueString value="true"/>
      </extension>
    </extension>
    <extension url="http://hl7.org/fhir/tools/StructureDefinition/ig-parameter">
      <extension url="code">
        <valueString value="path-liquid"/>
      </extension>
      <extension url="value">
        <valueString value="template/liquid"/>
      </extension>
    </extension>
    <extension url="http://hl7.org/fhir/tools/StructureDefinition/ig-parameter">
      <extension url="code">
        <valueString value="path-liquid"/>
      </extension>
      <extension url="value">
        <valueString value="input/liquid"/>
      </extension>
    </extension>
    <extension url="http://hl7.org/fhir/tools/StructureDefinition/ig-parameter">
      <extension url="code">
        <valueString value="path-qa"/>
      </extension>
      <extension url="value">
        <valueString value="temp/qa"/>
      </extension>
    </extension>
    <extension url="http://hl7.org/fhir/tools/StructureDefinition/ig-parameter">
      <extension url="code">
        <valueString value="path-temp"/>
      </extension>
      <extension url="value">
        <valueString value="temp/pages"/>
      </extension>
    </extension>
    <extension url="http://hl7.org/fhir/tools/StructureDefinition/ig-parameter">
      <extension url="code">
        <valueString value="path-output"/>
      </extension>
      <extension url="value">
        <valueString value="output"/>
      </extension>
    </extension>
    <extension url="http://hl7.org/fhir/tools/StructureDefinition/ig-parameter">
      <extension url="code">
        <valueString value="path-suppressed-warnings"/>
      </extension>
      <extension url="value">
        <valueString value="input/ignoreWarnings.txt"/>
      </extension>
    </extension>
    <extension url="http://hl7.org/fhir/tools/StructureDefinition/ig-parameter">
      <extension url="code">
        <valueString value="path-history"/>
      </extension>
      <extension url="value">
        <valueString value="https://interoperabilidad.minsal.cl/fhir/ig/urgencia/history.html"/>
      </extension>
    </extension>
    <extension url="http://hl7.org/fhir/tools/StructureDefinition/ig-parameter">
      <extension url="code">
        <valueString value="template-html"/>
      </extension>
      <extension url="value">
        <valueString value="template-page.html"/>
      </extension>
    </extension>
    <extension url="http://hl7.org/fhir/tools/StructureDefinition/ig-parameter">
      <extension url="code">
        <valueString value="template-md"/>
      </extension>
      <extension url="value">
        <valueString value="template-page-md.html"/>
      </extension>
    </extension>
    <extension url="http://hl7.org/fhir/tools/StructureDefinition/ig-parameter">
      <extension url="code">
        <valueString value="apply-contact"/>
      </extension>
      <extension url="value">
        <valueString value="true"/>
      </extension>
    </extension>
    <extension url="http://hl7.org/fhir/tools/StructureDefinition/ig-parameter">
      <extension url="code">
        <valueString value="apply-context"/>
      </extension>
      <extension url="value">
        <valueString value="true"/>
      </extension>
    </extension>
    <extension url="http://hl7.org/fhir/tools/StructureDefinition/ig-parameter">
      <extension url="code">
        <valueString value="apply-copyright"/>
      </extension>
      <extension url="value">
        <valueString value="true"/>
      </extension>
    </extension>
    <extension url="http://hl7.org/fhir/tools/StructureDefinition/ig-parameter">
      <extension url="code">
        <valueString value="apply-jurisdiction"/>
      </extension>
      <extension url="value">
        <valueString value="true"/>
      </extension>
    </extension>
    <extension url="http://hl7.org/fhir/tools/StructureDefinition/ig-parameter">
      <extension url="code">
        <valueString value="apply-license"/>
      </extension>
      <extension url="value">
        <valueString value="true"/>
      </extension>
    </extension>
    <extension url="http://hl7.org/fhir/tools/StructureDefinition/ig-parameter">
      <extension url="code">
        <valueString value="apply-publisher"/>
      </extension>
      <extension url="value">
        <valueString value="true"/>
      </extension>
    </extension>
    <extension url="http://hl7.org/fhir/tools/StructureDefinition/ig-parameter">
      <extension url="code">
        <valueString value="apply-version"/>
      </extension>
      <extension url="value">
        <valueString value="true"/>
      </extension>
    </extension>
    <extension url="http://hl7.org/fhir/tools/StructureDefinition/ig-parameter">
      <extension url="code">
        <valueString value="apply-wg"/>
      </extension>
      <extension url="value">
        <valueString value="true"/>
      </extension>
    </extension>
    <extension url="http://hl7.org/fhir/tools/StructureDefinition/ig-parameter">
      <extension url="code">
        <valueString value="active-tables"/>
      </extension>
      <extension url="value">
        <valueString value="true"/>
      </extension>
    </extension>
    <extension url="http://hl7.org/fhir/tools/StructureDefinition/ig-parameter">
      <extension url="code">
        <valueString value="fmm-definition"/>
      </extension>
      <extension url="value">
        <valueString value="http://hl7.org/fhir/versions.html#maturity"/>
      </extension>
    </extension>
    <extension url="http://hl7.org/fhir/tools/StructureDefinition/ig-parameter">
      <extension url="code">
        <valueString value="propagate-status"/>
      </extension>
      <extension url="value">
        <valueString value="true"/>
      </extension>
    </extension>
    <extension url="http://hl7.org/fhir/tools/StructureDefinition/ig-parameter">
      <extension url="code">
        <valueString value="excludelogbinaryformat"/>
      </extension>
      <extension url="value">
        <valueString value="true"/>
      </extension>
    </extension>
    <extension url="http://hl7.org/fhir/tools/StructureDefinition/ig-parameter">
      <extension url="code">
        <valueString value="tabbed-snapshots"/>
      </extension>
      <extension url="value">
        <valueString value="true"/>
      </extension>
    </extension>
    <extension url="http://hl7.org/fhir/tools/StructureDefinition/ig-internal-dependency">
      <valueCode value="hl7.fhir.uv.tools.r4#0.3.0"/>
    </extension>
    <extension url="http://hl7.org/fhir/tools/StructureDefinition/ig-parameter">
      <extension url="code">
        <valueCode value="copyrightyear"/>
      </extension>
      <extension url="value">
        <valueString value="2024+"/>
      </extension>
    </extension>
    <extension url="http://hl7.org/fhir/tools/StructureDefinition/ig-parameter">
      <extension url="code">
        <valueCode value="releaselabel"/>
      </extension>
      <extension url="value">
        <valueString value="draft"/>
      </extension>
    </extension>
    <extension url="http://hl7.org/fhir/tools/StructureDefinition/ig-parameter">
      <extension url="code">
        <valueCode value="autoload-resources"/>
      </extension>
      <extension url="value">
        <valueString value="true"/>
      </extension>
    </extension>
    <extension url="http://hl7.org/fhir/tools/StructureDefinition/ig-parameter">
      <extension url="code">
        <valueCode value="path-liquid"/>
      </extension>
      <extension url="value">
        <valueString value="template/liquid"/>
      </extension>
    </extension>
    <extension url="http://hl7.org/fhir/tools/StructureDefinition/ig-parameter">
      <extension url="code">
        <valueCode value="path-liquid"/>
      </extension>
      <extension url="value">
        <valueString value="input/liquid"/>
      </extension>
    </extension>
    <extension url="http://hl7.org/fhir/tools/StructureDefinition/ig-parameter">
      <extension url="code">
        <valueCode value="path-qa"/>
      </extension>
      <extension url="value">
        <valueString value="temp/qa"/>
      </extension>
    </extension>
    <extension url="http://hl7.org/fhir/tools/StructureDefinition/ig-parameter">
      <extension url="code">
        <valueCode value="path-temp"/>
      </extension>
      <extension url="value">
        <valueString value="temp/pages"/>
      </extension>
    </extension>
    <extension url="http://hl7.org/fhir/tools/StructureDefinition/ig-parameter">
      <extension url="code">
        <valueCode value="path-output"/>
      </extension>
      <extension url="value">
        <valueString value="output"/>
      </extension>
    </extension>
    <extension url="http://hl7.org/fhir/tools/StructureDefinition/ig-parameter">
      <extension url="code">
        <valueCode value="path-suppressed-warnings"/>
      </extension>
      <extension url="value">
        <valueString value="input/ignoreWarnings.txt"/>
      </extension>
    </extension>
    <extension url="http://hl7.org/fhir/tools/StructureDefinition/ig-parameter">
      <extension url="code">
        <valueCode value="path-history"/>
      </extension>
      <extension url="value">
        <valueString value="https://interoperabilidad.minsal.cl/fhir/ig/urgencia/history.html"/>
      </extension>
    </extension>
    <extension url="http://hl7.org/fhir/tools/StructureDefinition/ig-parameter">
      <extension url="code">
        <valueCode value="template-html"/>
      </extension>
      <extension url="value">
        <valueString value="template-page.html"/>
      </extension>
    </extension>
    <extension url="http://hl7.org/fhir/tools/StructureDefinition/ig-parameter">
      <extension url="code">
        <valueCode value="template-md"/>
      </extension>
      <extension url="value">
        <valueString value="template-page-md.html"/>
      </extension>
    </extension>
    <extension url="http://hl7.org/fhir/tools/StructureDefinition/ig-parameter">
      <extension url="code">
        <valueCode value="apply-contact"/>
      </extension>
      <extension url="value">
        <valueString value="true"/>
      </extension>
    </extension>
    <extension url="http://hl7.org/fhir/tools/StructureDefinition/ig-parameter">
      <extension url="code">
        <valueCode value="apply-context"/>
      </extension>
      <extension url="value">
        <valueString value="true"/>
      </extension>
    </extension>
    <extension url="http://hl7.org/fhir/tools/StructureDefinition/ig-parameter">
      <extension url="code">
        <valueCode value="apply-copyright"/>
      </extension>
      <extension url="value">
        <valueString value="true"/>
      </extension>
    </extension>
    <extension url="http://hl7.org/fhir/tools/StructureDefinition/ig-parameter">
      <extension url="code">
        <valueCode value="apply-jurisdiction"/>
      </extension>
      <extension url="value">
        <valueString value="true"/>
      </extension>
    </extension>
    <extension url="http://hl7.org/fhir/tools/StructureDefinition/ig-parameter">
      <extension url="code">
        <valueCode value="apply-license"/>
      </extension>
      <extension url="value">
        <valueString value="true"/>
      </extension>
    </extension>
    <extension url="http://hl7.org/fhir/tools/StructureDefinition/ig-parameter">
      <extension url="code">
        <valueCode value="apply-publisher"/>
      </extension>
      <extension url="value">
        <valueString value="true"/>
      </extension>
    </extension>
    <extension url="http://hl7.org/fhir/tools/StructureDefinition/ig-parameter">
      <extension url="code">
        <valueCode value="apply-version"/>
      </extension>
      <extension url="value">
        <valueString value="true"/>
      </extension>
    </extension>
    <extension url="http://hl7.org/fhir/tools/StructureDefinition/ig-parameter">
      <extension url="code">
        <valueCode value="apply-wg"/>
      </extension>
      <extension url="value">
        <valueString value="true"/>
      </extension>
    </extension>
    <extension url="http://hl7.org/fhir/tools/StructureDefinition/ig-parameter">
      <extension url="code">
        <valueCode value="active-tables"/>
      </extension>
      <extension url="value">
        <valueString value="true"/>
      </extension>
    </extension>
    <extension url="http://hl7.org/fhir/tools/StructureDefinition/ig-parameter">
      <extension url="code">
        <valueCode value="fmm-definition"/>
      </extension>
      <extension url="value">
        <valueString value="http://hl7.org/fhir/versions.html#maturity"/>
      </extension>
    </extension>
    <extension url="http://hl7.org/fhir/tools/StructureDefinition/ig-parameter">
      <extension url="code">
        <valueCode value="propagate-status"/>
      </extension>
      <extension url="value">
        <valueString value="true"/>
      </extension>
    </extension>
    <extension url="http://hl7.org/fhir/tools/StructureDefinition/ig-parameter">
      <extension url="code">
        <valueCode value="excludelogbinaryformat"/>
      </extension>
      <extension url="value">
        <valueString value="true"/>
      </extension>
    </extension>
    <extension url="http://hl7.org/fhir/tools/StructureDefinition/ig-parameter">
      <extension url="code">
        <valueCode value="tabbed-snapshots"/>
      </extension>
      <extension url="value">
        <valueString value="true"/>
      </extension>
    </extension>
    <resource>
      <extension url="http://hl7.org/fhir/tools/StructureDefinition/resource-information">
        <valueString value="StructureDefinition:extension"/>
      </extension>
      <reference>
        <reference value="StructureDefinition/Abandono"/>
      </reference>
      <name value="Abandono"/>
      <description value="Extension para regitrar el tipo de abandono que un paciente puede efectuar durante el proceso de urgencia."/>
      <exampleBoolean value="false"/>
    </resource>
    <resource>
      <extension url="http://hl7.org/fhir/tools/StructureDefinition/resource-information">
        <valueString value="ValueSet"/>
      </extension>
      <reference>
        <reference value="ValueSet/abandono"/>
      </reference>
      <name value="Abandono"/>
      <description value="Códigos asociados al tipo de abandono del paciente desde urgencia."/>
      <exampleBoolean value="false"/>
    </resource>
    <resource>
      <extension url="http://hl7.org/fhir/tools/StructureDefinition/resource-information">
        <valueString value="CodeSystem"/>
      </extension>
      <reference>
        <reference value="CodeSystem/abandono"/>
      </reference>
      <name value="Abandono"/>
      <description value="Códigos asociados al tipo de abandono del paciente desde urgencia."/>
      <exampleBoolean value="false"/>
    </resource>
    <resource>
      <extension url="http://hl7.org/fhir/tools/StructureDefinition/resource-information">
        <valueString value="StructureDefinition:extension"/>
      </extension>
      <reference>
        <reference value="StructureDefinition/Acompanante"/>
      </reference>
      <name value="Acompañante"/>
      <description value="Extensión empleada para indicar si el paciente tiene un acompañante en la atención de salud."/>
      <exampleBoolean value="false"/>
    </resource>
    <resource>
      <extension url="http://hl7.org/fhir/tools/StructureDefinition/resource-information">
        <valueString value="StructureDefinition:resource"/>
      </extension>
      <reference>
        <reference value="StructureDefinition/AcompananteUrg"/>
      </reference>
      <name value="Acompañante Urgencia"/>
      <description value="Información del acompañante del paciente que acude a una unidad de urgencias."/>
      <exampleBoolean value="false"/>
    </resource>
    <resource>
      <extension url="http://hl7.org/fhir/tools/StructureDefinition/resource-information">
        <valueString value="RelatedPerson"/>
      </extension>
      <reference>
        <reference value="RelatedPerson/bb7f34f7-8f4e-42c8-aa84-1f64bf584a05"/>
      </reference>
      <name value="Acompañante urgencia"/>
      <description value="Persona que acompaña a un paciente en una situación de urgencia"/>
      <exampleCanonical value="https://interoperabilidad.minsal.cl/fhir/ig/urgencia/StructureDefinition/AcompananteUrg"/>
    </resource>
    <resource>
      <extension url="http://hl7.org/fhir/tools/StructureDefinition/resource-information">
        <valueString value="AllergyIntolerance"/>
      </extension>
      <reference>
        <reference value="AllergyIntolerance/39d71be0-2eea-4672-ac70-73373a19e714"/>
      </reference>
      <name value="Alergia o Intolerancia"/>
      <description value="Ejemplo de una alergia o intolerancia de un paciente."/>
      <exampleCanonical value="https://interoperabilidad.minsal.cl/fhir/ig/urgencia/StructureDefinition/AlergiaIntolerancia"/>
    </resource>
    <resource>
      <extension url="http://hl7.org/fhir/tools/StructureDefinition/resource-information">
        <valueString value="StructureDefinition:resource"/>
      </extension>
      <reference>
        <reference value="StructureDefinition/AlergiaIntolerancia"/>
      </reference>
      <name value="Alergias e Intolerancia"/>
      <description value="Perfíl empleado para registrar alergias e intolerancias de un paciente."/>
      <exampleBoolean value="false"/>
    </resource>
    <resource>
      <extension url="http://hl7.org/fhir/tools/StructureDefinition/resource-information">
        <valueString value="Observation"/>
      </extension>
      <reference>
        <reference value="Observation/7ea8cb9a-fc10-44ad-8c52-de03c4517b30"/>
      </reference>
      <name value="Anamnesis de paciente con dolor abdominal"/>
      <description value="Ejemplo de observación de la anamnesis de un paciente con dolor abdominal"/>
      <exampleCanonical value="https://interoperabilidad.minsal.cl/fhir/ig/urgencia/StructureDefinition/ObservacionAnamnesis"/>
    </resource>
    <resource>
      <extension url="http://hl7.org/fhir/tools/StructureDefinition/resource-information">
        <valueString value="StructureDefinition:resource"/>
      </extension>
      <reference>
        <reference value="StructureDefinition/BundleAdmision"/>
      </reference>
      <name value="Bundle Admision"/>
      <description value="Recurso Bundle para la admisión de pacientes en un servicio de atención de urgencia"/>
      <exampleBoolean value="false"/>
    </resource>
    <resource>
      <extension url="http://hl7.org/fhir/tools/StructureDefinition/resource-information">
        <valueString value="Bundle"/>
      </extension>
      <reference>
        <reference value="Bundle/Ej1BundleAdmision"/>
      </reference>
      <name value="Bundle Admision"/>
      <description value="Ejemplo de recurso Bundle para la admisión de pacientes en un servicio de atención de urgencia"/>
      <exampleCanonical value="https://interoperabilidad.minsal.cl/fhir/ig/urgencia/StructureDefinition/BundleAdmision"/>
    </resource>
    <resource>
      <extension url="http://hl7.org/fhir/tools/StructureDefinition/resource-information">
        <valueString value="StructureDefinition:resource"/>
      </extension>
      <reference>
        <reference value="StructureDefinition/BundleAtencion"/>
      </reference>
      <name value="Bundle Atención"/>
      <description value="Recurso Bundle para la atención de pacientes en un servicio de atención de urgencia"/>
      <exampleBoolean value="false"/>
    </resource>
    <resource>
      <extension url="http://hl7.org/fhir/tools/StructureDefinition/resource-information">
        <valueString value="Bundle"/>
      </extension>
      <reference>
        <reference value="Bundle/EjBundleAtencion"/>
      </reference>
      <name value="Bundle Atención"/>
      <description value="Ejemplo de recurso Bundle para la atención de pacientes en un servicio de atención de urgencia"/>
      <exampleCanonical value="https://interoperabilidad.minsal.cl/fhir/ig/urgencia/StructureDefinition/BundleAtencion"/>
    </resource>
    <resource>
      <extension url="http://hl7.org/fhir/tools/StructureDefinition/resource-information">
        <valueString value="Bundle"/>
      </extension>
      <reference>
        <reference value="Bundle/Ej1BundleCategorizacion"/>
      </reference>
      <name value="Bundle Categoriazación"/>
      <description value="Ejemlo de recurso Bundle para la categorización de pacientes en un servicio de atención de urgencia"/>
      <exampleCanonical value="https://interoperabilidad.minsal.cl/fhir/ig/urgencia/StructureDefinition/BundleCategorizacion"/>
    </resource>
    <resource>
      <extension url="http://hl7.org/fhir/tools/StructureDefinition/resource-information">
        <valueString value="StructureDefinition:resource"/>
      </extension>
      <reference>
        <reference value="StructureDefinition/BundleCategorizacion"/>
      </reference>
      <name value="Bundle Categorizacion"/>
      <description value="Recurso Bundle para registrar la categorización de pacientes en un servicio de atención de urgencia"/>
      <exampleBoolean value="false"/>
    </resource>
    <resource>
      <extension url="http://hl7.org/fhir/tools/StructureDefinition/resource-information">
        <valueString value="StructureDefinition:resource"/>
      </extension>
      <reference>
        <reference value="StructureDefinition/BundleEgreso"/>
      </reference>
      <name value="Bundle Egreso"/>
      <description value="Recurso Bundle para el egreso de pacientes en un servicio de atención de urgencia"/>
      <exampleBoolean value="false"/>
    </resource>
    <resource>
      <extension url="http://hl7.org/fhir/tools/StructureDefinition/resource-information">
        <valueString value="Bundle"/>
      </extension>
      <reference>
        <reference value="Bundle/EjBundleEgreso"/>
      </reference>
      <name value="Bundle Egreso"/>
      <description value="Ejemplo de recurso Bundle para el egreso de pacientes en un servicio de atención de urgencia"/>
      <exampleCanonical value="https://interoperabilidad.minsal.cl/fhir/ig/urgencia/StructureDefinition/BundleEgreso"/>
    </resource>
    <resource>
      <extension url="http://hl7.org/fhir/tools/StructureDefinition/resource-information">
        <valueString value="StructureDefinition:resource"/>
      </extension>
      <reference>
        <reference value="StructureDefinition/CarePlanIndicaciones"/>
      </reference>
      <name value="CarePlan Indicaciones"/>
      <description value="Registro de indicaciones al término de una atención de urgencia"/>
      <exampleBoolean value="false"/>
    </resource>
    <resource>
      <extension url="http://hl7.org/fhir/tools/StructureDefinition/resource-information">
        <valueString value="ValueSet"/>
      </extension>
      <reference>
        <reference value="ValueSet/categorizacion-urgencia"/>
      </reference>
      <name value="Categorización Urgencia"/>
      <description value="Códigos de categorización asociados a la urgencia de pacientes en el sistema de salud chileno"/>
      <exampleBoolean value="false"/>
    </resource>
    <resource>
      <extension url="http://hl7.org/fhir/tools/StructureDefinition/resource-information">
        <valueString value="Condition"/>
      </extension>
      <reference>
        <reference value="Condition/c08c94fd-bd58-4be8-bd1d-193441b4567e"/>
      </reference>
      <name value="Comorbilidad de Diabetes Mellitus"/>
      <description value="Ejemplo de condición diagnóstica de comorbilidad de diabetes mellitus en un paciente en un servicio de atención de urgencia."/>
      <exampleCanonical value="https://interoperabilidad.minsal.cl/fhir/ig/urgencia/StructureDefinition/ConditionDiagnosticoLE"/>
    </resource>
    <resource>
      <extension url="http://hl7.org/fhir/tools/StructureDefinition/resource-information">
        <valueString value="StructureDefinition:resource"/>
      </extension>
      <reference>
        <reference value="StructureDefinition/ConditionDiagnosticoLE"/>
      </reference>
      <name value="Condition Diagnostico"/>
      <description value="Condicion Diagnostico, recurso que se utiliza para indicar el diagnóstico tanto de ingreso como egreso de un paciente en un servicio de urgencias"/>
      <exampleBoolean value="false"/>
    </resource>
    <resource>
      <extension url="http://hl7.org/fhir/tools/StructureDefinition/resource-information">
        <valueString value="StructureDefinition:extension"/>
      </extension>
      <reference>
        <reference value="StructureDefinition/ConsultaPorAccidente"/>
      </reference>
      <name value="Consulta por Accidente"/>
      <description value="Extensión que registra si la atención de urgencia se debe a un accidente."/>
      <exampleBoolean value="false"/>
    </resource>
    <resource>
      <extension url="http://hl7.org/fhir/tools/StructureDefinition/resource-information">
        <valueString value="CodeSystem"/>
      </extension>
      <reference>
        <reference value="CodeSystem/categorizacion-discrecional"/>
      </reference>
      <name value="CSCategorizacionDiscrecional"/>
      <description value="Códigos de categorización discrecional de pacientes en el sistema de salud chileno"/>
      <exampleBoolean value="false"/>
    </resource>
    <resource>
      <extension url="http://hl7.org/fhir/tools/StructureDefinition/resource-information">
        <valueString value="CodeSystem"/>
      </extension>
      <reference>
        <reference value="CodeSystem/categorizacion-esi"/>
      </reference>
      <name value="CSCategorizacionESI"/>
      <description value="Códigos de categorización ESI de pacientes en el sistema de salud chileno"/>
      <exampleBoolean value="false"/>
    </resource>
    <resource>
      <extension url="http://hl7.org/fhir/tools/StructureDefinition/resource-information">
        <valueString value="CodeSystem"/>
      </extension>
      <reference>
        <reference value="CodeSystem/categorizacion-no-realizada"/>
      </reference>
      <name value="CSCategorizacionNoRealizada"/>
      <description value="Código asociado a la categorización no realizada en el sistema de salud chileno"/>
      <exampleBoolean value="false"/>
    </resource>
    <resource>
      <extension url="http://hl7.org/fhir/tools/StructureDefinition/resource-information">
        <valueString value="CodeSystem"/>
      </extension>
      <reference>
        <reference value="CodeSystem/categorizacion-ugo"/>
      </reference>
      <name value="CSCategorizacionUGO"/>
      <description value="Códigos de categorización Gineco-obstétrica (UGO) de pacientes en el sistema de salud chileno"/>
      <exampleBoolean value="false"/>
    </resource>
    <resource>
      <extension url="http://hl7.org/fhir/tools/StructureDefinition/resource-information">
        <valueString value="CodeSystem"/>
      </extension>
      <reference>
        <reference value="CodeSystem/eventos-urgencia"/>
      </reference>
      <name value="CSEventosUrgencia"/>
      <description value="Códigos de eventos de urgencia"/>
      <exampleBoolean value="false"/>
    </resource>
    <resource>
      <extension url="http://hl7.org/fhir/tools/StructureDefinition/resource-information">
        <valueString value="ValueSet"/>
      </extension>
      <reference>
        <reference value="ValueSet/CodigoExamen"/>
      </reference>
      <name value="Códigos de Examenes"/>
      <description value="Codigos de Examenes"/>
      <exampleBoolean value="false"/>
    </resource>
    <resource>
      <extension url="http://hl7.org/fhir/tools/StructureDefinition/resource-information">
        <valueString value="ValueSet"/>
      </extension>
      <reference>
        <reference value="ValueSet/VSCodigosUrgencia"/>
      </reference>
      <name value="Códigos de Urgencia"/>
      <description value="Códigos creados para registrar información dentro de la atención de urgencia"/>
      <exampleBoolean value="false"/>
    </resource>
    <resource>
      <extension url="http://hl7.org/fhir/tools/StructureDefinition/resource-information">
        <valueString value="CodeSystem"/>
      </extension>
      <reference>
        <reference value="CodeSystem/CSCodigosUrgencia"/>
      </reference>
      <name value="Códigos de Urgencia"/>
      <description value="Códigos creados para registrar información dentro de la atención de urgencia"/>
      <exampleBoolean value="false"/>
    </resource>
    <resource>
      <extension url="http://hl7.org/fhir/tools/StructureDefinition/resource-information">
        <valueString value="ValueSet"/>
      </extension>
      <reference>
        <reference value="ValueSet/destino-fallecido"/>
      </reference>
      <name value="Destino Fallecido"/>
      <description value="Códigos asociados a la situación final de los usuarios fallecidos durante la atención de urgencia."/>
      <exampleBoolean value="false"/>
    </resource>
    <resource>
      <extension url="http://hl7.org/fhir/tools/StructureDefinition/resource-information">
        <valueString value="CodeSystem"/>
      </extension>
      <reference>
        <reference value="CodeSystem/destino-fallecido"/>
      </reference>
      <name value="Destino Fallecido"/>
      <description value="Códigos asociados a la situación final de los usuarios fallecidos durante la atención de urgencia."/>
      <exampleBoolean value="false"/>
    </resource>
    <resource>
      <extension url="http://hl7.org/fhir/tools/StructureDefinition/resource-information">
        <valueString value="ValueSet"/>
      </extension>
      <reference>
        <reference value="ValueSet/destino-traslado"/>
      </reference>
      <name value="Destino Traslado"/>
      <description value="Códigos asociados a destino de traslado del paciente desde urgencia."/>
      <exampleBoolean value="false"/>
    </resource>
    <resource>
      <extension url="http://hl7.org/fhir/tools/StructureDefinition/resource-information">
        <valueString value="CodeSystem"/>
      </extension>
      <reference>
        <reference value="CodeSystem/destino-traslado"/>
      </reference>
      <name value="Destino Traslado"/>
      <description value="Códigos asociados a destino de traslado del paciente desde urgencia."/>
      <exampleBoolean value="false"/>
    </resource>
    <resource>
      <extension url="http://hl7.org/fhir/tools/StructureDefinition/resource-information">
        <valueString value="Practitioner"/>
      </extension>
      <reference>
        <reference value="Practitioner/fbb0e12c-95ec-43f7-bff1-73009b307cb5"/>
      </reference>
      <name value="Ejemplo de un profesional especialista de urgencia"/>
      <description value="Ejemplo de un profesional que atiende en un servicio de urgencia"/>
      <exampleCanonical value="https://interoperabilidad.minsal.cl/fhir/ig/urgencia/StructureDefinition/PrestadorProfesional"/>
    </resource>
    <resource>
      <extension url="http://hl7.org/fhir/tools/StructureDefinition/resource-information">
        <valueString value="Practitioner"/>
      </extension>
      <reference>
        <reference value="Practitioner/190cd208-48b1-4920-a283-6bc37cbde13a"/>
      </reference>
      <name value="Ejemplo de un profesional médico de urgencia"/>
      <description value="Ejemplo de un profesional que atiende en un servicio de urgencia"/>
      <exampleCanonical value="https://interoperabilidad.minsal.cl/fhir/ig/urgencia/StructureDefinition/PrestadorProfesional"/>
    </resource>
    <resource>
      <extension url="http://hl7.org/fhir/tools/StructureDefinition/resource-information">
        <valueString value="Practitioner"/>
      </extension>
      <reference>
        <reference value="Practitioner/d04739d3-ba47-4f0f-920f-bcd66b474963"/>
      </reference>
      <name value="Ejemplo de un profesional TENS de urgencia"/>
      <description value="Ejemplo de un profesional que de un servicio de urgencia"/>
      <exampleCanonical value="https://interoperabilidad.minsal.cl/fhir/ig/urgencia/StructureDefinition/PrestadorProfesional"/>
    </resource>
    <resource>
      <extension url="http://hl7.org/fhir/tools/StructureDefinition/resource-information">
        <valueString value="Organization"/>
      </extension>
      <reference>
        <reference value="Organization/5491b8d5-e06c-4f89-beb7-75a1989cdc81"/>
      </reference>
      <name value="Ejemplo de una organización de establecimiento"/>
      <description value="Ejemplo de una organización con un establecimiento de salud"/>
      <exampleCanonical value="https://interoperabilidad.minsal.cl/fhir/ig/urgencia/StructureDefinition/EstablecimientoUrg"/>
    </resource>
    <resource>
      <extension url="http://hl7.org/fhir/tools/StructureDefinition/resource-information">
        <valueString value="Practitioner"/>
      </extension>
      <reference>
        <reference value="Practitioner/b9f6967f-51b5-49f4-8576-ce9f588523c2"/>
      </reference>
      <name value="EjProfesionalAdministrativo"/>
      <description value="Ejemplo de recurso Practitioner para la admisión de pacientes en un servicio de atención de urgencia"/>
      <exampleCanonical value="https://interoperabilidad.minsal.cl/fhir/ig/urgencia/StructureDefinition/PrestadorAdministrativo"/>
    </resource>
    <resource>
      <extension url="http://hl7.org/fhir/tools/StructureDefinition/resource-information">
        <valueString value="StructureDefinition:resource"/>
      </extension>
      <reference>
        <reference value="StructureDefinition/EncounterUrg"/>
      </reference>
      <name value="Encuentro Urgencia"/>
      <description value="Recurso que representa la atención de urgencia de un paciente en un establecimiento de salud."/>
      <exampleBoolean value="false"/>
    </resource>
    <resource>
      <extension url="http://hl7.org/fhir/tools/StructureDefinition/resource-information">
        <valueString value="Encounter"/>
      </extension>
      <reference>
        <reference value="Encounter/d1391b7b-302a-49f8-a908-8116599e137e"/>
      </reference>
      <name value="Encuentro Urgencia"/>
      <description value="Ejemplo de recurso Encounter con información que debería contener para indicar las atenciones de un paciente en un servicio de urgencia"/>
      <exampleCanonical value="https://interoperabilidad.minsal.cl/fhir/ig/urgencia/StructureDefinition/EncounterUrg"/>
    </resource>
    <resource>
      <extension url="http://hl7.org/fhir/tools/StructureDefinition/resource-information">
        <valueString value="Encounter"/>
      </extension>
      <reference>
        <reference value="Encounter/4c9a3e03-a907-492e-b69c-710cb8c42347"/>
      </reference>
      <name value="Encuentro Urgencia Abandono"/>
      <description value="Ejemplo de recurso Encounter con registro de abandono de atención de un paciente en un servicio de urgencia"/>
      <exampleCanonical value="https://interoperabilidad.minsal.cl/fhir/ig/urgencia/StructureDefinition/EncounterUrg"/>
    </resource>
    <resource>
      <extension url="http://hl7.org/fhir/tools/StructureDefinition/resource-information">
        <valueString value="ValueSet"/>
      </extension>
      <reference>
        <reference value="ValueSet/EspecialidadMedica"/>
      </reference>
      <name value="Especialidad Médica"/>
      <description value="Códigos de especialidades médicas (Norma 820)"/>
      <exampleBoolean value="false"/>
    </resource>
    <resource>
      <extension url="http://hl7.org/fhir/tools/StructureDefinition/resource-information">
        <valueString value="CodeSystem"/>
      </extension>
      <reference>
        <reference value="CodeSystem/EspecialidadMedica"/>
      </reference>
      <name value="Especialidad Médica"/>
      <description value="Especialidades médicas reconocidas en el sistema de salud de Chile."/>
      <exampleBoolean value="false"/>
    </resource>
    <resource>
      <extension url="http://hl7.org/fhir/tools/StructureDefinition/resource-information">
        <valueString value="ValueSet"/>
      </extension>
      <reference>
        <reference value="ValueSet/especialidad-odontologica"/>
      </reference>
      <name value="Especialidad Odontológica"/>
      <description value="Códigos de especialidades odontológicas (Norma 821)"/>
      <exampleBoolean value="false"/>
    </resource>
    <resource>
      <extension url="http://hl7.org/fhir/tools/StructureDefinition/resource-information">
        <valueString value="CodeSystem"/>
      </extension>
      <reference>
        <reference value="CodeSystem/especialidad-odontologica"/>
      </reference>
      <name value="Especialidad Odontológica"/>
      <description value="Especialidades odontológicas"/>
      <exampleBoolean value="false"/>
    </resource>
    <resource>
      <extension url="http://hl7.org/fhir/tools/StructureDefinition/resource-information">
        <valueString value="StructureDefinition:resource"/>
      </extension>
      <reference>
        <reference value="StructureDefinition/EstablecimientoUrg"/>
      </reference>
      <name value="Establecimiento Urgencia"/>
      <description value="Recurso empleado para representar un establecimiento de salud en el cual se realiza la atención de urgencia de un paciente."/>
      <exampleBoolean value="false"/>
    </resource>
    <resource>
      <extension url="http://hl7.org/fhir/tools/StructureDefinition/resource-information">
        <valueString value="ValueSet"/>
      </extension>
      <reference>
        <reference value="ValueSet/VSEstadoCivil"/>
      </reference>
      <name value="EstadoCivil"/>
      <description value="EstadoCivil"/>
      <exampleBoolean value="false"/>
    </resource>
    <resource>
      <extension url="http://hl7.org/fhir/tools/StructureDefinition/resource-information">
        <valueString value="CodeSystem"/>
      </extension>
      <reference>
        <reference value="CodeSystem/CSEstadoCivil"/>
      </reference>
      <name value="EstadoCivil"/>
      <description value="EstadoCivil"/>
      <exampleBoolean value="false"/>
    </resource>
    <resource>
      <extension url="http://hl7.org/fhir/tools/StructureDefinition/resource-information">
        <valueString value="ValueSet"/>
      </extension>
      <reference>
        <reference value="ValueSet/eventos-urgencia"/>
      </reference>
      <name value="Eventos Urgencia"/>
      <description value="Códigos de eventos de urgencia"/>
      <exampleBoolean value="false"/>
    </resource>
    <resource>
      <extension url="http://hl7.org/fhir/tools/StructureDefinition/resource-information">
        <valueString value="Observation"/>
      </extension>
      <reference>
        <reference value="Observation/3d07043e-adc5-4047-a309-26e2c38ab074"/>
      </reference>
      <name value="Evolución clínica de paciente con dolor abdominal"/>
      <description value="Ejemplo de observación de la evolución clínica de un paciente con dolor abdominal"/>
      <exampleCanonical value="https://interoperabilidad.minsal.cl/fhir/ig/urgencia/StructureDefinition/observacion-evol-clin"/>
    </resource>
    <resource>
      <extension url="http://hl7.org/fhir/tools/StructureDefinition/resource-information">
        <valueString value="StructureDefinition:extension"/>
      </extension>
      <reference>
        <reference value="StructureDefinition/Fallecido"/>
      </reference>
      <name value="Fallecido"/>
      <description value="Extensión que registra la información de un paciente fallecido en el contexto de un encuentro de atención de urgencia."/>
      <exampleBoolean value="false"/>
    </resource>
    <resource>
      <extension url="http://hl7.org/fhir/tools/StructureDefinition/resource-information">
        <valueString value="ValueSet"/>
      </extension>
      <reference>
        <reference value="ValueSet/fallecido"/>
      </reference>
      <name value="Fallecido"/>
      <description value="Códigos asociados al momento en que el paciente fallece en el servicio de urgencia."/>
      <exampleBoolean value="false"/>
    </resource>
    <resource>
      <extension url="http://hl7.org/fhir/tools/StructureDefinition/resource-information">
        <valueString value="CodeSystem"/>
      </extension>
      <reference>
        <reference value="CodeSystem/fallecido"/>
      </reference>
      <name value="Fallecido"/>
      <description value="Códigos asociados al momento en que el paciente fallece en el servicio de urgencia."/>
      <exampleBoolean value="false"/>
    </resource>
    <resource>
      <extension url="http://hl7.org/fhir/tools/StructureDefinition/resource-information">
        <valueString value="Condition"/>
      </extension>
      <reference>
        <reference value="Condition/e27704ff-fa1a-4750-9d23-36ce567f35b0"/>
      </reference>
      <name value="Hipótesis Diagnóstica de Dolor Abdominal"/>
      <description value="Ejemplo de condición hipótesis diagnóstica de dolor abdominal en un paciente en un servicio de atención de urgencia."/>
      <exampleCanonical value="https://interoperabilidad.minsal.cl/fhir/ig/urgencia/StructureDefinition/ConditionDiagnosticoLE"/>
    </resource>
    <resource>
      <extension url="http://hl7.org/fhir/tools/StructureDefinition/resource-information">
        <valueString value="ValueSet"/>
      </extension>
      <reference>
        <reference value="ValueSet/IdentificadorPrestador"/>
      </reference>
      <name value="Identificador Prestador"/>
      <description value="Identificador Prestador"/>
      <exampleBoolean value="false"/>
    </resource>
    <resource>
      <extension url="http://hl7.org/fhir/tools/StructureDefinition/resource-information">
        <valueString value="CarePlan"/>
      </extension>
      <reference>
        <reference value="CarePlan/23eb67e4-4fd5-4315-963a-3c5e63fff3a5"/>
      </reference>
      <name value="Indicaciones Plan de Cuidados"/>
      <description value="Ejemplo de un plan de cuidados con indicaciones al término de una atención de urgencia"/>
      <exampleCanonical value="https://interoperabilidad.minsal.cl/fhir/ig/urgencia/StructureDefinition/CarePlanIndicaciones"/>
    </resource>
    <resource>
      <extension url="http://hl7.org/fhir/tools/StructureDefinition/resource-information">
        <valueString value="StructureDefinition:extension"/>
      </extension>
      <reference>
        <reference value="StructureDefinition/IndicacionAlta"/>
      </reference>
      <name value="Indicación Alta"/>
      <description value="Extensión que registra la indicación de alta en el contexto de un encuentro de atención de urgencia."/>
      <exampleBoolean value="false"/>
    </resource>
    <resource>
      <extension url="http://hl7.org/fhir/tools/StructureDefinition/resource-information">
        <valueString value="CodeSystem"/>
      </extension>
      <reference>
        <reference value="CodeSystem/indicacion-alta"/>
      </reference>
      <name value="Indicación Alta"/>
      <description value="Códigos asociados al destino de alta dados por parte del profesional médico al usuario posterior a su atención de urgencia."/>
      <exampleBoolean value="false"/>
    </resource>
    <resource>
      <extension url="http://hl7.org/fhir/tools/StructureDefinition/resource-information">
        <valueString value="ValueSet"/>
      </extension>
      <reference>
        <reference value="ValueSet/indicacion-alta"/>
      </reference>
      <name value="Indicación de Alta"/>
      <description value="Códigos asociados al destino de alta dados por parte del profesional médico al usuario posterior a su atención de urgencia."/>
      <exampleBoolean value="false"/>
    </resource>
    <resource>
      <extension url="http://hl7.org/fhir/tools/StructureDefinition/resource-information">
        <valueString value="StructureDefinition:extension"/>
      </extension>
      <reference>
        <reference value="StructureDefinition/IndicacionDerivacion"/>
      </reference>
      <name value="Indicación Derivación"/>
      <description value="Extensión que registra la indicación de derivación en el contexto de un encuentro de atención de urgencia."/>
      <exampleBoolean value="false"/>
    </resource>
    <resource>
      <extension url="http://hl7.org/fhir/tools/StructureDefinition/resource-information">
        <valueString value="StructureDefinition:extension"/>
      </extension>
      <reference>
        <reference value="StructureDefinition/IndicacionHospitalizacion"/>
      </reference>
      <name value="Indicación Hospitalización"/>
      <description value="Extensión que registra la indicación de hospitalización en el contexto de un encuentro de atención de urgencia."/>
      <exampleBoolean value="false"/>
    </resource>
    <resource>
      <extension url="http://hl7.org/fhir/tools/StructureDefinition/resource-information">
        <valueString value="ValueSet"/>
      </extension>
      <reference>
        <reference value="ValueSet/indicacion-hospitalizacion"/>
      </reference>
      <name value="Indicación Hospitalización"/>
      <description value="Códigos asociados al destino de hospitalización dados por parte del profesional médico al usuario posterior a su atención de urgencia."/>
      <exampleBoolean value="false"/>
    </resource>
    <resource>
      <extension url="http://hl7.org/fhir/tools/StructureDefinition/resource-information">
        <valueString value="CodeSystem"/>
      </extension>
      <reference>
        <reference value="CodeSystem/indicacion-hospitalizacion"/>
      </reference>
      <name value="Indicación Hospitalización"/>
      <description value="Códigos asociados al destino de hospitalización dados por parte del profesional médico al usuario posterior a su atención de urgencia."/>
      <exampleBoolean value="false"/>
    </resource>
    <resource>
      <extension url="http://hl7.org/fhir/tools/StructureDefinition/resource-information">
        <valueString value="ValueSet"/>
      </extension>
      <reference>
        <reference value="ValueSet/indicacion-traslado-otro-centro"/>
      </reference>
      <name value="Indicación Traslado Otro Centro"/>
      <description value="Códigos correspondientes a la derivación  o traslado del usuario a otro centro asistencial de salud, el cual puede ser o no perteneciente al Servicio Nacional de Salud."/>
      <exampleBoolean value="false"/>
    </resource>
    <resource>
      <extension url="http://hl7.org/fhir/tools/StructureDefinition/resource-information">
        <valueString value="CodeSystem"/>
      </extension>
      <reference>
        <reference value="CodeSystem/indicacion-traslado-otro-centro"/>
      </reference>
      <name value="Indicación Traslado Otro Centro"/>
      <description value="Códigos correspondientes a la derivación  o traslado del usuario a otro centro asistencial de salud, el cual puede ser o no perteneciente al Servicio Nacional de Salud."/>
      <exampleBoolean value="false"/>
    </resource>
    <resource>
      <extension url="http://hl7.org/fhir/tools/StructureDefinition/resource-information">
        <valueString value="ValueSet"/>
      </extension>
      <reference>
        <reference value="ValueSet/lesion-autoinflingida"/>
      </reference>
      <name value="Lesión Autoinflingida"/>
      <description value="Códigos de lesión autoinflingida"/>
      <exampleBoolean value="false"/>
    </resource>
    <resource>
      <extension url="http://hl7.org/fhir/tools/StructureDefinition/resource-information">
        <valueString value="CodeSystem"/>
      </extension>
      <reference>
        <reference value="CodeSystem/lesion-autoinflingida"/>
      </reference>
      <name value="Lesión Autoinflingida"/>
      <description value="Códigos de lesión autoinflingida"/>
      <exampleBoolean value="false"/>
    </resource>
    <resource>
      <extension url="http://hl7.org/fhir/tools/StructureDefinition/resource-information">
        <valueString value="StructureDefinition:extension"/>
      </extension>
      <reference>
        <reference value="StructureDefinition/LeyPrevisional"/>
      </reference>
      <name value="Ley Previsional"/>
      <description value="Extensión para registrar la Ley Previsional asociada al episodio de atención de urgencia."/>
      <exampleBoolean value="false"/>
    </resource>
    <resource>
      <extension url="http://hl7.org/fhir/tools/StructureDefinition/resource-information">
        <valueString value="ValueSet"/>
      </extension>
      <reference>
        <reference value="ValueSet/LeyPrevisional"/>
      </reference>
      <name value="Ley Previsional"/>
      <description value="Códigos de Ley Previsional"/>
      <exampleBoolean value="false"/>
    </resource>
    <resource>
      <extension url="http://hl7.org/fhir/tools/StructureDefinition/resource-information">
        <valueString value="CodeSystem"/>
      </extension>
      <reference>
        <reference value="CodeSystem/LeyPrevisional"/>
      </reference>
      <name value="Ley Previsional"/>
      <description value="Códigos para la ley previsional"/>
      <exampleBoolean value="false"/>
    </resource>
    <resource>
      <extension url="http://hl7.org/fhir/tools/StructureDefinition/resource-information">
        <valueString value="MedicationAdministration"/>
      </extension>
      <reference>
        <reference value="MedicationAdministration/716cd145-cd36-4935-9351-263d4e43f3da"/>
      </reference>
      <name value="Medicación Administrada en Urgencia"/>
      <description value="Ejemplo de administración de medicación en un servicio de atención de urgencia"/>
      <exampleCanonical value="https://interoperabilidad.minsal.cl/fhir/ig/urgencia/StructureDefinition/MedicationAdministrationUrg"/>
    </resource>
    <resource>
      <extension url="http://hl7.org/fhir/tools/StructureDefinition/resource-information">
        <valueString value="StructureDefinition:resource"/>
      </extension>
      <reference>
        <reference value="StructureDefinition/MedicationAdministrationUrg"/>
      </reference>
      <name value="MedicationAdministration Urgencia"/>
      <description value="Recurso MedicationAdministration para registrar la administración de medicamentos en un servicio de atención de urgencia"/>
      <exampleBoolean value="false"/>
    </resource>
    <resource>
      <extension url="http://hl7.org/fhir/tools/StructureDefinition/resource-information">
        <valueString value="StructureDefinition:extension"/>
      </extension>
      <reference>
        <reference value="StructureDefinition/MedioDeLlegada"/>
      </reference>
      <name value="Medio de Llegada"/>
      <description value="Extensión que registra el medio de llegada del paciente al establecimiento de salud"/>
      <exampleBoolean value="false"/>
    </resource>
    <resource>
      <extension url="http://hl7.org/fhir/tools/StructureDefinition/resource-information">
        <valueString value="ValueSet"/>
      </extension>
      <reference>
        <reference value="ValueSet/MedioDeLlegada"/>
      </reference>
      <name value="Medio de Llegada"/>
      <description value="Set de códigos que corresponden a las posibles formas de llegada de un paciente a un servicio de atención de urgencia"/>
      <exampleBoolean value="false"/>
    </resource>
    <resource>
      <extension url="http://hl7.org/fhir/tools/StructureDefinition/resource-information">
        <valueString value="CodeSystem"/>
      </extension>
      <reference>
        <reference value="CodeSystem/MedioDeLlegada"/>
      </reference>
      <name value="Medio de Llegada"/>
      <description value="Corresponde a las posibles formas de llegada de un paciente a un servicio de atención de urgencia"/>
      <exampleBoolean value="false"/>
    </resource>
    <resource>
      <extension url="http://hl7.org/fhir/tools/StructureDefinition/resource-information">
        <valueString value="StructureDefinition:extension"/>
      </extension>
      <reference>
        <reference value="StructureDefinition/Mencion"/>
      </reference>
      <name value="Mención profesional añadida al título profesional"/>
      <description value="Mención profesional obtenida junto con el título, dato que se agrega en texto lible"/>
      <exampleBoolean value="false"/>
    </resource>
    <resource>
      <extension url="http://hl7.org/fhir/tools/StructureDefinition/resource-information">
        <valueString value="StructureDefinition:resource"/>
      </extension>
      <reference>
        <reference value="StructureDefinition/ObservacionAnamnesis"/>
      </reference>
      <name value="Observación Anamnesis"/>
      <description value="Observación de la anamnesis de un paciente en un servicio de urgencia"/>
      <exampleBoolean value="false"/>
    </resource>
    <resource>
      <extension url="http://hl7.org/fhir/tools/StructureDefinition/resource-information">
        <valueString value="Observation"/>
      </extension>
      <reference>
        <reference value="Observation/447eef01-d4b1-4312-9c4f-c34ca46dce11"/>
      </reference>
      <name value="Observación de hospitalización reciente"/>
      <description value="Observación que registra si el paciente ha sido hospitalizado recientemente"/>
      <exampleCanonical value="https://interoperabilidad.minsal.cl/fhir/ig/urgencia/StructureDefinition/ObservacionHospitalizacionReciente"/>
    </resource>
    <resource>
      <extension url="http://hl7.org/fhir/tools/StructureDefinition/resource-information">
        <valueString value="StructureDefinition:resource"/>
      </extension>
      <reference>
        <reference value="StructureDefinition/observacion-evol-clin"/>
      </reference>
      <name value="Observación Evolución Clínica"/>
      <description value="Observación de la evolución clínica de un paciente en un servicio de urgencia"/>
      <exampleBoolean value="false"/>
    </resource>
    <resource>
      <extension url="http://hl7.org/fhir/tools/StructureDefinition/resource-information">
        <valueString value="StructureDefinition:resource"/>
      </extension>
      <reference>
        <reference value="StructureDefinition/ObservacionHospitalizacionReciente"/>
      </reference>
      <name value="Observación Hospitalización Reciente"/>
      <description value="Observación que registra si el paciente ha sido hospitalizado recientemente"/>
      <exampleBoolean value="false"/>
    </resource>
    <resource>
      <extension url="http://hl7.org/fhir/tools/StructureDefinition/resource-information">
        <valueString value="StructureDefinition:resource"/>
      </extension>
      <reference>
        <reference value="StructureDefinition/ObservacionLesionAutoInfligida"/>
      </reference>
      <name value="Observación Lesión Auto Infligida"/>
      <description value="Observación que registra si el paciente ha sufrido una lesión auto infligida"/>
      <exampleBoolean value="false"/>
    </resource>
    <resource>
      <extension url="http://hl7.org/fhir/tools/StructureDefinition/resource-information">
        <valueString value="Observation"/>
      </extension>
      <reference>
        <reference value="Observation/70763f44-cded-482d-9afc-05894c7615c9"/>
      </reference>
      <name value="Observación Lesión Auto Infligida"/>
      <description value="Ejemplo de observación que registra si el paciente ha sufrido una lesión auto infligida"/>
      <exampleCanonical value="https://interoperabilidad.minsal.cl/fhir/ig/urgencia/StructureDefinition/ObservacionLesionAutoInfligida"/>
    </resource>
    <resource>
      <extension url="http://hl7.org/fhir/tools/StructureDefinition/resource-information">
        <valueString value="StructureDefinition:resource"/>
      </extension>
      <reference>
        <reference value="StructureDefinition/ObservacionMedLegalAlcoholemia"/>
      </reference>
      <name value="Observación Medico Legal Alcoholemia"/>
      <description value="Observación que registra la fecha y hora de la toma de alcoholemia"/>
      <exampleBoolean value="false"/>
    </resource>
    <resource>
      <extension url="http://hl7.org/fhir/tools/StructureDefinition/resource-information">
        <valueString value="StructureDefinition:resource"/>
      </extension>
      <reference>
        <reference value="StructureDefinition/ObservacionMedLegalCert"/>
      </reference>
      <name value="Observación Medico Legal Certificación"/>
      <description value="Observación que registra la fecha y hora de la certificación de riesgo vital o secuela grave"/>
      <exampleBoolean value="false"/>
    </resource>
    <resource>
      <extension url="http://hl7.org/fhir/tools/StructureDefinition/resource-information">
        <valueString value="StructureDefinition:resource"/>
      </extension>
      <reference>
        <reference value="StructureDefinition/ObservacionMedLegalExamenToxico"/>
      </reference>
      <name value="Observación Medico Legal Examen Toxicológico"/>
      <description value="Observación que registra la fecha y hora en que se realiza un examen toxicológico"/>
      <exampleBoolean value="false"/>
    </resource>
    <resource>
      <extension url="http://hl7.org/fhir/tools/StructureDefinition/resource-information">
        <valueString value="Observation"/>
      </extension>
      <reference>
        <reference value="Observation/535e0438-315b-4291-b5cc-4469cef1ffb6"/>
      </reference>
      <name value="Observación Medico Legal Examen Toxicológico"/>
      <description value="Ejemplo de observación que registra la fecha y hora en que se realiza un examen toxicológico"/>
      <exampleCanonical value="https://interoperabilidad.minsal.cl/fhir/ig/urgencia/StructureDefinition/ObservacionMedLegalExamenToxico"/>
    </resource>
    <resource>
      <extension url="http://hl7.org/fhir/tools/StructureDefinition/resource-information">
        <valueString value="StructureDefinition:resource"/>
      </extension>
      <reference>
        <reference value="StructureDefinition/ObservacionMedLegalLesiones"/>
      </reference>
      <name value="Observación Medico Legal Lesiones"/>
      <description value="Observación que registra la fecha y hora de la realización del informe de lesiones"/>
      <exampleBoolean value="false"/>
    </resource>
    <resource>
      <extension url="http://hl7.org/fhir/tools/StructureDefinition/resource-information">
        <valueString value="Observation"/>
      </extension>
      <reference>
        <reference value="Observation/8bac861c-c8cc-48fa-a37c-14eeb054974f"/>
      </reference>
      <name value="Observación Medico Legal Riesgo Vital o Secuela Grave"/>
      <description value="Ejemplo de observación que registra la fecha y hora de la certificación de riesgo vital o secuela grave"/>
      <exampleCanonical value="https://interoperabilidad.minsal.cl/fhir/ig/urgencia/StructureDefinition/ObservacionMedLegalCert"/>
    </resource>
    <resource>
      <extension url="http://hl7.org/fhir/tools/StructureDefinition/resource-information">
        <valueString value="StructureDefinition:resource"/>
      </extension>
      <reference>
        <reference value="StructureDefinition/ObservacionMedLegalVS"/>
      </reference>
      <name value="Observación Medico Legal Violencia Sexual"/>
      <description value="Observación que registra la fecha y hora de la realización del informe de violencia sexual"/>
      <exampleBoolean value="false"/>
    </resource>
    <resource>
      <extension url="http://hl7.org/fhir/tools/StructureDefinition/resource-information">
        <valueString value="Observation"/>
      </extension>
      <reference>
        <reference value="Observation/80d57f5d-fde9-4df3-95b8-4f223428659c"/>
      </reference>
      <name value="Observación Medico Legal Violencia Sexual"/>
      <description value="Ejemplo de observación que registra la fecha y hora de la realización del informe de violencia sexual"/>
      <exampleCanonical value="https://interoperabilidad.minsal.cl/fhir/ig/urgencia/StructureDefinition/ObservacionMedLegalVS"/>
    </resource>
    <resource>
      <extension url="http://hl7.org/fhir/tools/StructureDefinition/resource-information">
        <valueString value="Observation"/>
      </extension>
      <reference>
        <reference value="Observation/39b30e0d-76d2-4ec1-b047-6c2a13291863"/>
      </reference>
      <name value="Observación Médico Legal Alcoholemia"/>
      <description value="Ejemplo de observación que registra la fecha y hora de la toma de alcoholemia"/>
      <exampleCanonical value="https://interoperabilidad.minsal.cl/fhir/ig/urgencia/StructureDefinition/ObservacionMedLegalAlcoholemia"/>
    </resource>
    <resource>
      <extension url="http://hl7.org/fhir/tools/StructureDefinition/resource-information">
        <valueString value="Observation"/>
      </extension>
      <reference>
        <reference value="Observation/813c8069-e56d-42a9-b2c8-91b11703c13e"/>
      </reference>
      <name value="Observación Médico Legal Lesiones"/>
      <description value="Ejemplo de observación que registra la fecha y hora de la realización del informe de lesiones"/>
      <exampleCanonical value="https://interoperabilidad.minsal.cl/fhir/ig/urgencia/StructureDefinition/ObservacionMedLegalLesiones"/>
    </resource>
    <resource>
      <extension url="http://hl7.org/fhir/tools/StructureDefinition/resource-information">
        <valueString value="StructureDefinition:resource"/>
      </extension>
      <reference>
        <reference value="StructureDefinition/ObservacionReconsultaUrgencia"/>
      </reference>
      <name value="Observación Reconsulta Urgencia"/>
      <description value="Observación que registra si el paciente ha tenido un evento de urgencia previo en el período de 15-21 días"/>
      <exampleBoolean value="false"/>
    </resource>
    <resource>
      <extension url="http://hl7.org/fhir/tools/StructureDefinition/resource-information">
        <valueString value="Observation"/>
      </extension>
      <reference>
        <reference value="Observation/d00b0ce5-aee0-475d-8028-a360f60b810c"/>
      </reference>
      <name value="Observación Reconsulta Urgencia"/>
      <description value="Ejemplo de observación que registra si el paciente ha tenido un evento de urgencia previo en el período de 15-21 días"/>
      <exampleCanonical value="https://interoperabilidad.minsal.cl/fhir/ig/urgencia/StructureDefinition/ObservacionReconsultaUrgencia"/>
    </resource>
    <resource>
      <extension url="http://hl7.org/fhir/tools/StructureDefinition/resource-information">
        <valueString value="Observation"/>
      </extension>
      <reference>
        <reference value="Observation/aeb13c46-8eb3-4b8f-9bc2-e3d57024cb86"/>
      </reference>
      <name value="Observación Resultado Examen"/>
      <description value="Ejemplo de observación que registra el resultado de un examen"/>
      <exampleCanonical value="https://interoperabilidad.minsal.cl/fhir/ig/urgencia/StructureDefinition/ObservationResultadoExamen"/>
    </resource>
    <resource>
      <extension url="http://hl7.org/fhir/tools/StructureDefinition/resource-information">
        <valueString value="StructureDefinition:resource"/>
      </extension>
      <reference>
        <reference value="StructureDefinition/ObservationSignosVitales"/>
      </reference>
      <name value="Observación Signos Vitales"/>
      <description value="Recurso empleado para registrar la información de signos vitales de un paciente en un servicio de urgencia."/>
      <exampleBoolean value="false"/>
    </resource>
    <resource>
      <extension url="http://hl7.org/fhir/tools/StructureDefinition/resource-information">
        <valueString value="Observation"/>
      </extension>
      <reference>
        <reference value="Observation/3d609e5a-730d-4a32-947c-e632253fa5ff"/>
      </reference>
      <name value="Observación Signos Vitales - Peso"/>
      <description value="Ejemplo de observación de signos vitales de un paciente en un servicio de urgencia - Peso."/>
      <exampleCanonical value="https://interoperabilidad.minsal.cl/fhir/ig/urgencia/StructureDefinition/ObservationSignosVitales"/>
    </resource>
    <resource>
      <extension url="http://hl7.org/fhir/tools/StructureDefinition/resource-information">
        <valueString value="Observation"/>
      </extension>
      <reference>
        <reference value="Observation/d01f4e15-7f0a-49cf-b5a7-e7dd717526d2"/>
      </reference>
      <name value="Observación Signos Vitales - Pulso"/>
      <description value="Ejemplo de observación de signos vitales de un paciente en un servicio de urgencia - Pulso."/>
      <exampleCanonical value="https://interoperabilidad.minsal.cl/fhir/ig/urgencia/StructureDefinition/ObservationSignosVitales"/>
    </resource>
    <resource>
      <extension url="http://hl7.org/fhir/tools/StructureDefinition/resource-information">
        <valueString value="StructureDefinition:resource"/>
      </extension>
      <reference>
        <reference value="StructureDefinition/ObservationResultadoExamen"/>
      </reference>
      <name value="Observation Resultado Examen"/>
      <description value="Resultado de examen"/>
      <exampleBoolean value="false"/>
    </resource>
    <resource>
      <extension url="http://hl7.org/fhir/tools/StructureDefinition/resource-information">
        <valueString value="StructureDefinition:resource"/>
      </extension>
      <reference>
        <reference value="StructureDefinition/PatientUrg"/>
      </reference>
      <name value="Paciente Urgencia"/>
      <description value="Paciente definido para el registro de atenciones de urgencia"/>
      <exampleBoolean value="false"/>
    </resource>
    <resource>
      <extension url="http://hl7.org/fhir/tools/StructureDefinition/resource-information">
        <valueString value="Patient"/>
      </extension>
      <reference>
        <reference value="Patient/6ec6dc25-4b65-4165-a545-9b796f60b997"/>
      </reference>
      <name value="Paciente Urgencia con datos básicos"/>
      <description value="Ejemplo de un paciente de urgencia con datos básicos"/>
      <exampleCanonical value="https://interoperabilidad.minsal.cl/fhir/ig/urgencia/StructureDefinition/PatientUrg"/>
    </resource>
    <resource>
      <extension url="http://hl7.org/fhir/tools/StructureDefinition/resource-information">
        <valueString value="StructureDefinition:extension"/>
      </extension>
      <reference>
        <reference value="StructureDefinition/PaisOrigenMPI"/>
      </reference>
      <name value="País de origen del paciente"/>
      <description value="País de origen del paciente"/>
      <exampleBoolean value="false"/>
    </resource>
    <resource>
      <extension url="http://hl7.org/fhir/tools/StructureDefinition/resource-information">
        <valueString value="StructureDefinition:resource"/>
      </extension>
      <reference>
        <reference value="StructureDefinition/PrestadorAdministrativo"/>
      </reference>
      <name value="Prestador Administrativo"/>
      <description value="Prestador Administrativo que participa en la atención de urgencia durante el proceso de admisión"/>
      <exampleBoolean value="false"/>
    </resource>
    <resource>
      <extension url="http://hl7.org/fhir/tools/StructureDefinition/resource-information">
        <valueString value="StructureDefinition:resource"/>
      </extension>
      <reference>
        <reference value="StructureDefinition/PrestadorProfesional"/>
      </reference>
      <name value="Prestador Profesional"/>
      <description value="Profesional médico u odontólogo que participa en la atención de urgencia de un paciente."/>
      <exampleBoolean value="false"/>
    </resource>
    <resource>
      <extension url="http://hl7.org/fhir/tools/StructureDefinition/resource-information">
        <valueString value="ValueSet"/>
      </extension>
      <reference>
        <reference value="ValueSet/Procedencia"/>
      </reference>
      <name value="Procedencia"/>
      <description value="Códigos de lugares físicos desde donde proviene el paciente cuando concurre a la atención de urgencia."/>
      <exampleBoolean value="false"/>
    </resource>
    <resource>
      <extension url="http://hl7.org/fhir/tools/StructureDefinition/resource-information">
        <valueString value="CodeSystem"/>
      </extension>
      <reference>
        <reference value="CodeSystem/Procedencia"/>
      </reference>
      <name value="Procedencia"/>
      <description value="Corresponde al lugar físico desde donde proviene el paciente cuando consulta en un servicio de atención de urgencia"/>
      <exampleBoolean value="false"/>
    </resource>
    <resource>
      <extension url="http://hl7.org/fhir/tools/StructureDefinition/resource-information">
        <valueString value="StructureDefinition:resource"/>
      </extension>
      <reference>
        <reference value="StructureDefinition/Procedimiento"/>
      </reference>
      <name value="Procedimiento"/>
      <description value="Registro de un procedimiento realizado a un paciente"/>
      <exampleBoolean value="false"/>
    </resource>
    <resource>
      <extension url="http://hl7.org/fhir/tools/StructureDefinition/resource-information">
        <valueString value="Procedure"/>
      </extension>
      <reference>
        <reference value="Procedure/dc28ac35-92d9-495c-b97f-78ce3733c671"/>
      </reference>
      <name value="Procedimiento"/>
      <description value="Ejemplo de recurso Procedure para el registro de un procedimiento realizado a un paciente"/>
      <exampleCanonical value="https://interoperabilidad.minsal.cl/fhir/ig/urgencia/StructureDefinition/Procedimiento"/>
    </resource>
    <resource>
      <extension url="http://hl7.org/fhir/tools/StructureDefinition/resource-information">
        <valueString value="StructureDefinition:extension"/>
      </extension>
      <reference>
        <reference value="StructureDefinition/PueblosAfrodescendiente"/>
      </reference>
      <name value="Pueblos Afrodescendiente"/>
      <description value="Pueblos Afrodescendiente"/>
      <exampleBoolean value="false"/>
    </resource>
    <resource>
      <extension url="http://hl7.org/fhir/tools/StructureDefinition/resource-information">
        <valueString value="StructureDefinition:extension"/>
      </extension>
      <reference>
        <reference value="StructureDefinition/PueblosOriginarios"/>
      </reference>
      <name value="Pueblos Originarios"/>
      <description value="Almacenar si el paciente pertenece a algun pueblo originario"/>
      <exampleBoolean value="false"/>
    </resource>
    <resource>
      <extension url="http://hl7.org/fhir/tools/StructureDefinition/resource-information">
        <valueString value="ValueSet"/>
      </extension>
      <reference>
        <reference value="ValueSet/PueblosOriginariosVS"/>
      </reference>
      <name value="Pueblos Originarios de Chile"/>
      <description value="Pueblos Originarios de Chile"/>
      <exampleBoolean value="false"/>
    </resource>
    <resource>
      <extension url="http://hl7.org/fhir/tools/StructureDefinition/resource-information">
        <valueString value="CodeSystem"/>
      </extension>
      <reference>
        <reference value="CodeSystem/PueblosOriginariosCS"/>
      </reference>
      <name value="Pueblos Originarios de Chile"/>
      <description value="Pueblos Originarios de Chile"/>
      <exampleBoolean value="false"/>
    </resource>
    <resource>
      <extension url="http://hl7.org/fhir/tools/StructureDefinition/resource-information">
        <valueString value="StructureDefinition:extension"/>
      </extension>
      <reference>
        <reference value="StructureDefinition/PueblosOriginariosPerteneciente"/>
      </reference>
      <name value="Pueblos Originarios Perteneciente"/>
      <description value="Pueblos Originarios Perteneciente"/>
      <exampleBoolean value="false"/>
    </resource>
    <resource>
      <extension url="http://hl7.org/fhir/tools/StructureDefinition/resource-information">
        <valueString value="ValueSet"/>
      </extension>
      <reference>
        <reference value="ValueSet/RelacionAcompanante"/>
      </reference>
      <name value="Relación Acompañante"/>
      <description value="Conjunto de códigos que representan la relación del acompañante con el paciente."/>
      <exampleBoolean value="false"/>
    </resource>
    <resource>
      <extension url="http://hl7.org/fhir/tools/StructureDefinition/resource-information">
        <valueString value="CodeSystem"/>
      </extension>
      <reference>
        <reference value="CodeSystem/RelacionAcompanante"/>
      </reference>
      <name value="Relación Acompañante"/>
      <description value="Códigos asociados a la relación del acompañante con el paciente."/>
      <exampleBoolean value="false"/>
    </resource>
    <resource>
      <extension url="http://hl7.org/fhir/tools/StructureDefinition/resource-information">
        <valueString value="ValueSet"/>
      </extension>
      <reference>
        <reference value="ValueSet/VSReligion"/>
      </reference>
      <name value="Religion"/>
      <description value="Religion"/>
      <exampleBoolean value="false"/>
    </resource>
    <resource>
      <extension url="http://hl7.org/fhir/tools/StructureDefinition/resource-information">
        <valueString value="CodeSystem"/>
      </extension>
      <reference>
        <reference value="CodeSystem/CSReligion"/>
      </reference>
      <name value="Religion"/>
      <description value="Religion"/>
      <exampleBoolean value="false"/>
    </resource>
    <resource>
      <extension url="http://hl7.org/fhir/tools/StructureDefinition/resource-information">
        <valueString value="StructureDefinition:extension"/>
      </extension>
      <reference>
        <reference value="StructureDefinition/Religion"/>
      </reference>
      <name value="Religión"/>
      <description value="Religión"/>
      <exampleBoolean value="false"/>
    </resource>
    <resource>
      <extension url="http://hl7.org/fhir/tools/StructureDefinition/resource-information">
        <valueString value="StructureDefinition:resource"/>
      </extension>
      <reference>
        <reference value="StructureDefinition/ServiceRequestSolicitudes"/>
      </reference>
      <name value="ServiceRequest Solicitudes"/>
      <description value="Recurso ServiceRequest para las solicitudes de exámenes, procedimientos y otros servicios durante la atención de un paciente"/>
      <exampleBoolean value="false"/>
    </resource>
    <resource>
      <extension url="http://hl7.org/fhir/tools/StructureDefinition/resource-information">
        <valueString value="ValueSet"/>
      </extension>
      <reference>
        <reference value="ValueSet/SignosVitales"/>
      </reference>
      <name value="Signos Vitales"/>
      <description value="Códigos empleados para registrar los diferentes signos vitales de un paciente en un servicio de urgencia."/>
      <exampleBoolean value="false"/>
    </resource>
    <resource>
      <extension url="http://hl7.org/fhir/tools/StructureDefinition/resource-information">
        <valueString value="ServiceRequest"/>
      </extension>
      <reference>
        <reference value="ServiceRequest/b8b2b855-e554-40ef-98fe-55a07556fc48"/>
      </reference>
      <name value="Solicitud de Examen de Laboratorio"/>
      <description value="Ejemplo de solicitud de exámen de laboratorio para un paciente"/>
      <exampleCanonical value="https://interoperabilidad.minsal.cl/fhir/ig/urgencia/StructureDefinition/ServiceRequestSolicitudes"/>
    </resource>
    <resource>
      <extension url="http://hl7.org/fhir/tools/StructureDefinition/resource-information">
        <valueString value="ValueSet"/>
      </extension>
      <reference>
        <reference value="ValueSet/VSTerminologiasDiag"/>
      </reference>
      <name value="TerminologiasDiag"/>
      <description value="TerminologiasDiag"/>
      <exampleBoolean value="false"/>
    </resource>
    <resource>
      <extension url="http://hl7.org/fhir/tools/StructureDefinition/resource-information">
        <valueString value="ValueSet"/>
      </extension>
      <reference>
        <reference value="ValueSet/tipo-egreso"/>
      </reference>
      <name value="Tipo Egreso"/>
      <description value="Corresponde a códigos asociados a la decisión del médico u odontólogo del destino que debe seguir el usuario en virtud de su evaluación y situación clínica antes de cerrar el proceso de urgencia."/>
      <exampleBoolean value="false"/>
    </resource>
    <resource>
      <extension url="http://hl7.org/fhir/tools/StructureDefinition/resource-information">
        <valueString value="CodeSystem"/>
      </extension>
      <reference>
        <reference value="CodeSystem/tipo-egreso"/>
      </reference>
      <name value="Tipo Egreso"/>
      <description value="Corresponde a códigos asociados a la decisión del médico u odontólogo del destino que debe seguir el usuario en virtud de su evaluación y situación clínica antes de cerrar el proceso de urgencia."/>
      <exampleBoolean value="false"/>
    </resource>
    <resource>
      <extension url="http://hl7.org/fhir/tools/StructureDefinition/resource-information">
        <valueString value="ValueSet"/>
      </extension>
      <reference>
        <reference value="ValueSet/TipoParticipanteEncuentroUrgencia"/>
      </reference>
      <name value="Tipo Participante Encuentro Urgencia"/>
      <description value="Códigos de los tipos de participante de un Encounter"/>
      <exampleBoolean value="false"/>
    </resource>
    <resource>
      <extension url="http://hl7.org/fhir/tools/StructureDefinition/resource-information">
        <valueString value="CodeSystem"/>
      </extension>
      <reference>
        <reference value="CodeSystem/TipoParticipanteUrgencia"/>
      </reference>
      <name value="Tipo Participante Urgencia"/>
      <description value="Tipo de participante en un evento de urgencia."/>
      <exampleBoolean value="false"/>
    </resource>
    <resource>
      <extension url="http://hl7.org/fhir/tools/StructureDefinition/resource-information">
        <valueString value="CodeSystem"/>
      </extension>
      <reference>
        <reference value="CodeSystem/TituloProfesional"/>
      </reference>
      <name value="Titulo Profesional"/>
      <description value="Códigos asociados a los títulos profesionales de los participantes en un encuentro de urgencia"/>
      <exampleBoolean value="false"/>
    </resource>
    <resource>
      <extension url="http://hl7.org/fhir/tools/StructureDefinition/resource-information">
        <valueString value="ValueSet"/>
      </extension>
      <reference>
        <reference value="ValueSet/TituloProfesional"/>
      </reference>
      <name value="Título Profesional"/>
      <description value="Códigos de los títulos profesionales de un profesional de la salud que participa de la atención de un paciente"/>
      <exampleBoolean value="false"/>
    </resource>
    <resource>
      <extension url="http://hl7.org/fhir/tools/StructureDefinition/resource-information">
        <valueString value="ValueSet"/>
      </extension>
      <reference>
        <reference value="ValueSet/unidad-hospitalaria-destino"/>
      </reference>
      <name value="Unidad Hospitalaria Destino"/>
      <description value="Códigos asociados a Unidad Funcional de destino si es que el paciente requiere hospitalización en el mismo establecimiento."/>
      <exampleBoolean value="false"/>
    </resource>
    <resource>
      <extension url="http://hl7.org/fhir/tools/StructureDefinition/resource-information">
        <valueString value="CodeSystem"/>
      </extension>
      <reference>
        <reference value="CodeSystem/unidad-hospitalaria-destino"/>
      </reference>
      <name value="Unidad Hospitalaria Destino"/>
      <description value="Códigos asociados a Unidad Funcional de destino si es que el paciente requiere hospitalización en el mismo establecimiento."/>
      <exampleBoolean value="false"/>
    </resource>
    <page>
      <extension url="http://hl7.org/fhir/tools/StructureDefinition/ig-page-name">
        <valueUrl value="toc.html"/>
      </extension>
      <nameUrl value="toc.html"/>
      <title value="Table of Contents"/>
      <generation value="html"/>
      <page>
        <extension url="http://hl7.org/fhir/tools/StructureDefinition/ig-page-name">
          <valueUrl value="index.html"/>
        </extension>
        <nameUrl value="index.html"/>
        <title value="Index"/>
        <generation value="markdown"/>
      </page>
      <page>
        <extension url="http://hl7.org/fhir/tools/StructureDefinition/ig-page-name">
          <valueUrl value="workflow.html"/>
        </extension>
        <nameUrl value="workflow.html"/>
        <title value="Workflow"/>
        <generation value="markdown"/>
      </page>
      <page>
        <extension url="http://hl7.org/fhir/tools/StructureDefinition/ig-page-name">
          <valueUrl value="events.html"/>
        </extension>
        <nameUrl value="events.html"/>
        <title value="Eventos de Interoperabilidad"/>
        <generation value="markdown"/>
      </page>
      <page>
        <extension url="http://hl7.org/fhir/tools/StructureDefinition/ig-page-name">
          <valueUrl value="actors.html"/>
        </extension>
        <nameUrl value="actors.html"/>
        <title value="Rol de actores"/>
        <generation value="markdown"/>
      </page>
      <page>
        <extension url="http://hl7.org/fhir/tools/StructureDefinition/ig-page-name">
          <valueUrl value="user-history.html"/>
        </extension>
        <nameUrl value="user-history.html"/>
        <title value="Historias de usuario segun rol"/>
        <generation value="markdown"/>
      </page>
      <page>
        <extension url="http://hl7.org/fhir/tools/StructureDefinition/ig-page-name">
          <valueUrl value="spec-events.html"/>
        </extension>
        <nameUrl value="spec-events.html"/>
        <title value="Eventos"/>
        <generation value="markdown"/>
      </page>
      <page>
        <extension url="http://hl7.org/fhir/tools/StructureDefinition/ig-page-name">
          <valueUrl value="spec-transactions.html"/>
        </extension>
        <nameUrl value="spec-transactions.html"/>
        <title value="Transacciones"/>
        <generation value="markdown"/>
      </page>
      <page>
        <extension url="http://hl7.org/fhir/tools/StructureDefinition/ig-page-name">
          <valueUrl value="spec-message.html"/>
        </extension>
        <nameUrl value="spec-message.html"/>
        <title value="Mensajería"/>
        <generation value="markdown"/>
      </page>
    </page>
    <parameter>
      <code value="path-resource"/>
      <value value="input/capabilities"/>
    </parameter>
    <parameter>
      <code value="path-resource"/>
      <value value="input/examples"/>
    </parameter>
    <parameter>
      <code value="path-resource"/>
      <value value="input/extensions"/>
    </parameter>
    <parameter>
      <code value="path-resource"/>
      <value value="input/models"/>
    </parameter>
    <parameter>
      <code value="path-resource"/>
      <value value="input/operations"/>
    </parameter>
    <parameter>
      <code value="path-resource"/>
      <value value="input/profiles"/>
    </parameter>
    <parameter>
      <code value="path-resource"/>
      <value value="input/resources"/>
    </parameter>
    <parameter>
      <code value="path-resource"/>
      <value value="input/vocabulary"/>
    </parameter>
    <parameter>
      <code value="path-resource"/>
      <value value="input/maps"/>
    </parameter>
    <parameter>
      <code value="path-resource"/>
      <value value="input/testing"/>
    </parameter>
    <parameter>
      <code value="path-resource"/>
      <value value="input/history"/>
    </parameter>
    <parameter>
      <code value="path-resource"/>
      <value value="fsh-generated/resources"/>
    </parameter>
    <parameter>
      <code value="path-pages"/>
      <value value="template/config"/>
    </parameter>
    <parameter>
      <code value="path-pages"/>
      <value value="input/images"/>
    </parameter>
    <parameter>
      <code value="path-tx-cache"/>
      <value value="input-cache/txcache"/>
    </parameter>
  </definition>
</ImplementationGuide>