<?xml version="1.0" encoding="UTF-8"?>

<MessageHeader xmlns="http://hl7.org/fhir">
  <id value="24843ad3-d657-463b-a137-33c38def43e5"/>
  <meta>
    <profile value="http://proceso-urgencia.minsal.cl/StructureDefinition/message-header-urgencia"/>
  </meta>
  <text>
    <status value="generated"/><div xmlns="http://www.w3.org/1999/xhtml"><p class="res-header-id"><b>Generated Narrative: MessageHeader 24843ad3-d657-463b-a137-33c38def43e5</b></p><a name="24843ad3-d657-463b-a137-33c38def43e5"> </a><a name="hc24843ad3-d657-463b-a137-33c38def43e5"> </a><a name="24843ad3-d657-463b-a137-33c38def43e5-en-US"> </a><p><b>event</b>: <a href="CodeSystem-eventos-urgencia.html#eventos-urgencia-admision">CSEventosUrgencia</a> admision: Admisión</p><h3>Destinations</h3><table class="grid"><tr><td style="display: none">-</td><td><b>Name</b></td><td><b>Endpoint</b></td></tr><tr><td style="display: none">*</td><td>FHIR Server Ministerio de Salud</td><td><a href="https://fhir.minsal.cl">https://fhir.minsal.cl</a></td></tr></table><p><b>sender</b>: <a href="Organization-5491b8d5-e06c-4f89-beb7-75a1989cdc81.html">Organization Hospital Clínico Metropolitano La Florida Dra. Eloísa Díaz Insunza</a></p><h3>Sources</h3><table class="grid"><tr><td style="display: none">-</td><td><b>Name</b></td><td><b>Software</b></td><td><b>Endpoint</b></td></tr><tr><td style="display: none">*</td><td>Hospital Clínico Metropolitano La Florida Dra. Eloísa Díaz Insunza</td><td>Sistema de Urgencia Electrónica</td><td><a href="https://fhir.hospitalflorida.cl">https://fhir.hospitalflorida.cl</a></td></tr></table><p><b>focus</b>: </p><ul><li><a href="Encounter-391d2365-379b-4b3a-b416-89ae62e2f501.html">Encounter: status = finished; class = emergency (ActCode#EMER); serviceType = Admisión; period = 2024-05-04 12:00:00+0000 --&gt; (ongoing)</a></li><li><a href="EpisodeOfCare-894bdb3a-8a18-44db-ab64-b13262a432cc.html">EpisodeOfCare: identifier = 123456-1; status = active; type = emergency; period = 2024-05-04 12:00:00+0000 --&gt; (ongoing)</a></li></ul></div>
  </text>
  <eventCoding>
    <system value="http://proceso-urgencia.minsal.cl/CodeSystem/eventos-urgencia"/>
    <code value="admision"/>
    <display value="Admisión"/>
  </eventCoding>
  <destination>
    <name value="FHIR Server Ministerio de Salud"/>
    <endpoint value="https://fhir.minsal.cl"/>
  </destination>
  <sender>
    <reference value="Organization/5491b8d5-e06c-4f89-beb7-75a1989cdc81"/>
  </sender>
  <source>
    <name value="Hospital Clínico Metropolitano La Florida Dra. Eloísa Díaz Insunza"/>
    <software value="Sistema de Urgencia Electrónica"/>
    <endpoint value="https://fhir.hospitalflorida.cl"/>
  </source>
  <focus>
    <reference value="Encounter/391d2365-379b-4b3a-b416-89ae62e2f501"/>
  </focus>
  <focus>
    <reference value="EpisodeOfCare/894bdb3a-8a18-44db-ab64-b13262a432cc"/>
  </focus>
</MessageHeader>