<?xml version="1.0" encoding="UTF-8"?>

<Observation xmlns="http://hl7.org/fhir">
  <id value="3d609e5a-730d-4a32-947c-e632253fa5ff"/>
  <meta>
    <profile value="https://interoperabilidad.minsal.cl/fhir/ig/urgencia/StructureDefinition/ObservationSignosVitales"/>
  </meta>
  <text>
    <status value="generated"/><div xmlns="http://www.w3.org/1999/xhtml"><p class="res-header-id"><b>Generated Narrative: Observation 3d609e5a-730d-4a32-947c-e632253fa5ff</b></p><a name="3d609e5a-730d-4a32-947c-e632253fa5ff"> </a><a name="hc3d609e5a-730d-4a32-947c-e632253fa5ff"> </a><a name="3d609e5a-730d-4a32-947c-e632253fa5ff-es-CL"> </a><p><b>status</b>: Registered</p><p><b>category</b>: <span title="Codes:{http://terminology.hl7.org/CodeSystem/observation-category vital-signs}">Vital Signs</span></p><p><b>code</b>: <span title="Codes:{http://loinc.org 29463-7}">Peso</span></p><p><b>subject</b>: <a href="Patient-6ec6dc25-4b65-4165-a545-9b796f60b997.html">Maria Josefína Perez Gonzalez(official) Female, DoB: 1974-12-25 ( Rol Único Nacional: 90000000-6 (use: official, ))</a></p><p><b>encounter</b>: <a href="Encounter-d1391b7b-302a-49f8-a908-8116599e137e.html">Encounter: extension = false; identifier = 126402-0025; status = in-progress; class = emergency (ActCode#EMER); priority = Atención Prioritaria; period = 2024-10-25 13:18:00-0400 --&gt; (ongoing); reasonCode = </a></p><p><b>effective</b>: 2024-10-25 14:18:00-0400</p><p><b>performer</b>: <a href="Practitioner-d04739d3-ba47-4f0f-920f-bcd66b474963.html">Practitioner Juan Carlos Perez Gonzalez(official)</a></p><p><b>value</b>: 70 kg<span style="background: LightGoldenRodYellow"> (Details: UCUM  codekg = 'kg')</span></p></div>
  </text>
  <status value="registered"/>
  <category>
    <coding>
      <system value="http://terminology.hl7.org/CodeSystem/observation-category"/>
      <code value="vital-signs"/>
    </coding>
  </category>
  <code>
    <coding>
      <system value="http://loinc.org"/>
      <code value="29463-7"/>
    </coding>
    <text value="Peso"/>
  </code>
  <subject>
    <reference value="Patient/6ec6dc25-4b65-4165-a545-9b796f60b997"/>
  </subject>
  <encounter>
    <reference value="Encounter/d1391b7b-302a-49f8-a908-8116599e137e"/>
  </encounter>
  <effectiveDateTime value="2024-10-25T14:18:00-04:00"/>
  <performer>
    <reference value="Practitioner/d04739d3-ba47-4f0f-920f-bcd66b474963"/>
  </performer>
  <valueQuantity>
    <value value="70"/>
    <unit value="kg"/>
    <system value="http://unitsofmeasure.org"/>
    <code value="kg"/>
  </valueQuantity>
</Observation>