<?xml version="1.0" encoding="UTF-8"?>

<Organization xmlns="http://hl7.org/fhir">
  <id value="5491b8d5-e06c-4f89-beb7-75a1989cdc81"/>
  <meta>
    <profile value="https://interoperabilidad.minsal.cl/fhir/ig/urgencia/StructureDefinition/EstablecimientoUrg"/>
  </meta>
  <text>
    <status value="extensions"/><div xmlns="http://www.w3.org/1999/xhtml"><p class="res-header-id"><b>Generated Narrative: Organization 5491b8d5-e06c-4f89-beb7-75a1989cdc81</b></p><a name="5491b8d5-e06c-4f89-beb7-75a1989cdc81"> </a><a name="hc5491b8d5-e06c-4f89-beb7-75a1989cdc81"> </a><a name="5491b8d5-e06c-4f89-beb7-75a1989cdc81-es-CL"> </a><p><b>Servicio de Salud</b>: <span title="Codes:{https://interoperabilidad.minsal.cl/fhir/ig/urgencia/CodeSystem/CSServicioDeSalud 14}">Servicio de Salud Metropolitano Sur Oriente</span></p><p><b>identifier</b>: <code>http://deis.minsal.cl/establecimientos</code>/114105</p><p><b>active</b>: true</p><p><b>name</b>: Hospital Clínico Metropolitano La Florida Dra. Eloísa Díaz Insunza</p></div>
  </text>
  <extension url="https://interoperabilidad.minsal.cl/fhir/ig/urgencia/StructureDefinition/ServicioDeSalud">
    <valueCodeableConcept>
      <coding>
        <system value="https://interoperabilidad.minsal.cl/fhir/ig/urgencia/CodeSystem/CSServicioDeSalud"/>
        <code value="14"/>
        <display value="Servicio de Salud Metropolitano Sur Oriente"/>
      </coding>
    </valueCodeableConcept>
  </extension>
  <identifier>
    <system value="http://deis.minsal.cl/establecimientos"/>
    <value value="114105"/>
  </identifier>
  <active value="true"/>
  <name value="Hospital Clínico Metropolitano La Florida Dra. Eloísa Díaz Insunza"/>
</Organization>