<?xml version="1.0" encoding="UTF-8"?>

<ValueSet xmlns="http://hl7.org/fhir">
  <id value="indicacion-hospitalizacion"/>
  <text>
    <status value="generated"/><div xmlns="http://www.w3.org/1999/xhtml"><p class="res-header-id"><b>Generated Narrative: ValueSet indicacion-hospitalizacion</b></p><a name="indicacion-hospitalizacion"> </a><a name="hcindicacion-hospitalizacion"> </a><a name="indicacion-hospitalizacion-es-CL"> </a><ul><li>Include all codes defined in <a href="CodeSystem-indicacion-hospitalizacion.html"><code>https://interoperabilidad.minsal.cl/fhir/ig/urgencia/CodeSystem/indicacion-hospitalizacion</code></a></li></ul></div>
  </text>
  <url value="https://interoperabilidad.minsal.cl/fhir/ig/urgencia/ValueSet/indicacion-hospitalizacion"/>
  <version value="0.1.1"/>
  <name value="VSIndicacionHospitalizacion"/>
  <title value="Indicación Hospitalización"/>
  <status value="active"/>
  <experimental value="false"/>
  <date value="2024-12-17T10:22:12-03:00"/>
  <publisher value="Unidad de Interoperabilidad - MINSAL"/>
  <contact>
    <name value="Unidad de Interoperabilidad - MINSAL"/>
    <telecom>
      <system value="url"/>
      <value value="https://interoperabilidad.minsal.cl"/>
    </telecom>
  </contact>
  <contact>
    <name value="Roberto Araneda"/>
    <telecom>
      <system value="email"/>
      <value value="roberto.araneda@chiledata.cl"/>
      <use value="work"/>
    </telecom>
  </contact>
  <contact>
    <name value="John Díaz"/>
    <telecom>
      <system value="email"/>
      <value value="john.diaz@chiledata.cl"/>
      <use value="work"/>
    </telecom>
  </contact>
  <description value="Códigos asociados al destino de hospitalización dados por parte del profesional médico al usuario posterior a su atención de urgencia."/>
  <jurisdiction>
    <coding>
      <system value="urn:iso:std:iso:3166"/>
      <code value="CL"/>
      <display value="Chile"/>
    </coding>
  </jurisdiction>
  <compose>
    <include>
      <system value="https://interoperabilidad.minsal.cl/fhir/ig/urgencia/CodeSystem/indicacion-hospitalizacion"/>
    </include>
  </compose>
</ValueSet>