<?xml version="1.0" encoding="UTF-8"?>

<ValueSet xmlns="http://hl7.org/fhir">
  <id value="titulo-profesional-no-medico"/>
  <text>
    <status value="generated"/><div xmlns="http://www.w3.org/1999/xhtml"><p class="res-header-id"><b>Generated Narrative: ValueSet titulo-profesional-no-medico</b></p><a name="titulo-profesional-no-medico"> </a><a name="hctitulo-profesional-no-medico"> </a><a name="titulo-profesional-no-medico-en-US"> </a><ul><li>Include codes from<a href="CodeSystem-titulo-profesional.html"><code>http://proceso-urgencia.minsal.cl/CodeSystem/titulo-profesional</code></a> where concept  is-not-a <a href="CodeSystem-titulo-profesional.html#titulo-profesional-1">1</a> and concept  is-not-a <a href="CodeSystem-titulo-profesional.html#titulo-profesional-2">2</a></li></ul></div>
  </text>
  <url value="http://proceso-urgencia.minsal.cl/ValueSet/titulo-profesional-no-medico"/>
  <version value="0.1.0"/>
  <name value="VSTituloProfesionalNoMedico"/>
  <title value="Título Profesional No Médico"/>
  <status value="draft"/>
  <experimental value="false"/>
  <date value="2024-08-29T09:57:29-04:00"/>
  <publisher value="ChileData"/>
  <contact>
    <name value="ChileData"/>
    <telecom>
      <system value="url"/>
      <value value="http://chiledata.cl"/>
    </telecom>
  </contact>
  <contact>
    <name value="Roberto Araneda"/>
    <telecom>
      <system value="email"/>
      <value value="roberto.araneda@chiledata.cl"/>
      <use value="work"/>
    </telecom>
  </contact>
  <contact>
    <name value="John Díaz"/>
    <telecom>
      <system value="email"/>
      <value value="john.diaz@chiledata.cl"/>
      <use value="work"/>
    </telecom>
  </contact>
  <description value="Códigos de los títulos profesionales no médicos de un profesional de la salud que participa de la atención de un paciente"/>
  <compose>
    <include>
      <system value="http://proceso-urgencia.minsal.cl/CodeSystem/titulo-profesional"/>
      <filter>
        <property value="concept"/>
        <op value="is-not-a"/>
        <value value="1"/>
      </filter>
      <filter>
        <property value="concept"/>
        <op value="is-not-a"/>
        <value value="2"/>
      </filter>
    </include>
  </compose>
</ValueSet>