<?xml version="1.0" encoding="UTF-8"?>

<ValueSet xmlns="http://hl7.org/fhir">
  <id value="lesion-autoinflingida"/>
  <text>
    <status value="generated"/><div xmlns="http://www.w3.org/1999/xhtml"><p class="res-header-id"><b>Generated Narrative: ValueSet lesion-autoinflingida</b></p><a name="lesion-autoinflingida"> </a><a name="hclesion-autoinflingida"> </a><a name="lesion-autoinflingida-en-US"> </a><ul><li>Include all codes defined in <a href="CodeSystem-lesion-autoinflingida.html"><code>http://proceso-urgencia.minsal.cl/CodeSystem/lesion-autoinflingida</code></a></li></ul></div>
  </text>
  <url value="http://proceso-urgencia.minsal.cl/ValueSet/lesion-autoinflingida"/>
  <version value="0.1.0"/>
  <name value="VSLesionAutoinflingida"/>
  <title value="Lesión Autoinflingida"/>
  <status value="draft"/>
  <experimental value="false"/>
  <date value="2024-08-29T09:57:29-04:00"/>
  <publisher value="ChileData"/>
  <contact>
    <name value="ChileData"/>
    <telecom>
      <system value="url"/>
      <value value="http://chiledata.cl"/>
    </telecom>
  </contact>
  <contact>
    <name value="Roberto Araneda"/>
    <telecom>
      <system value="email"/>
      <value value="roberto.araneda@chiledata.cl"/>
      <use value="work"/>
    </telecom>
  </contact>
  <contact>
    <name value="John Díaz"/>
    <telecom>
      <system value="email"/>
      <value value="john.diaz@chiledata.cl"/>
      <use value="work"/>
    </telecom>
  </contact>
  <description value="Códigos de lesión autoinflingida"/>
  <compose>
    <include>
      <system value="http://proceso-urgencia.minsal.cl/CodeSystem/lesion-autoinflingida"/>
    </include>
  </compose>
</ValueSet>