<?xml version="1.0" encoding="UTF-8"?>

<ValueSet xmlns="http://hl7.org/fhir">
  <id value="IdentificadorPrestador"/>
  <text>
    <status value="generated"/><div xmlns="http://www.w3.org/1999/xhtml"><p class="res-header-id"><b>Generated Narrative: ValueSet IdentificadorPrestador</b></p><a name="IdentificadorPrestador"> </a><a name="hcIdentificadorPrestador"> </a><a name="IdentificadorPrestador-es-CL"> </a><p>This value set includes codes based on the following rules:</p><ul><li>Include codes from<a href="https://hl7chile.cl/fhir/ig/clcore/1.9.1/CodeSystem-CSTipoIdentificador.html"><code>https://hl7chile.cl/fhir/ig/clcore/CodeSystem/CSTipoIdentificador</code></a> where concept  is-a <a href="https://hl7chile.cl/fhir/ig/clcore/1.9.1/CodeSystem-CSTipoIdentificador.html#CSTipoIdentificador-01">01</a></li><li>Include codes from<a href="https://hl7chile.cl/fhir/ig/clcore/1.9.1/CodeSystem-CSTipoIdentificador.html"><code>https://hl7chile.cl/fhir/ig/clcore/CodeSystem/CSTipoIdentificador</code></a> where concept  is-a <a href="https://hl7chile.cl/fhir/ig/clcore/1.9.1/CodeSystem-CSTipoIdentificador.html#CSTipoIdentificador-13">13</a></li></ul></div>
  </text>
  <url value="https://interoperabilidad.minsal.cl/fhir/ig/urgencia/ValueSet/IdentificadorPrestador"/>
  <version value="0.1.1"/>
  <name value="VSIdentificadorPrestador"/>
  <title value="Identificador Prestador"/>
  <status value="active"/>
  <experimental value="false"/>
  <date value="2024-12-17T10:22:12-03:00"/>
  <publisher value="Unidad de Interoperabilidad - MINSAL"/>
  <contact>
    <name value="Unidad de Interoperabilidad - MINSAL"/>
    <telecom>
      <system value="url"/>
      <value value="https://interoperabilidad.minsal.cl"/>
    </telecom>
  </contact>
  <contact>
    <name value="Roberto Araneda"/>
    <telecom>
      <system value="email"/>
      <value value="roberto.araneda@chiledata.cl"/>
      <use value="work"/>
    </telecom>
  </contact>
  <contact>
    <name value="John Díaz"/>
    <telecom>
      <system value="email"/>
      <value value="john.diaz@chiledata.cl"/>
      <use value="work"/>
    </telecom>
  </contact>
  <description value="Identificador Prestador"/>
  <jurisdiction>
    <coding>
      <system value="urn:iso:std:iso:3166"/>
      <code value="CL"/>
      <display value="Chile"/>
    </coding>
  </jurisdiction>
  <compose>
    <include>
      <system value="https://hl7chile.cl/fhir/ig/clcore/CodeSystem/CSTipoIdentificador"/>
      <filter>
        <property value="concept"/>
        <op value="is-a"/>
        <value value="01"/>
      </filter>
    </include>
    <include>
      <system value="https://hl7chile.cl/fhir/ig/clcore/CodeSystem/CSTipoIdentificador"/>
      <filter>
        <property value="concept"/>
        <op value="is-a"/>
        <value value="13"/>
      </filter>
    </include>
  </compose>
</ValueSet>