<?xml version="1.0" encoding="UTF-8"?>

<ValueSet xmlns="http://hl7.org/fhir">
  <id value="indicacion-hospitalizacion"/>
  <text>
    <status value="generated"/><div xmlns="http://www.w3.org/1999/xhtml"><p class="res-header-id"><b>Generated Narrative: ValueSet indicacion-hospitalizacion</b></p><a name="indicacion-hospitalizacion"> </a><a name="hcindicacion-hospitalizacion"> </a><a name="indicacion-hospitalizacion-en-US"> </a><ul><li>Include all codes defined in <a href="CodeSystem-indicacion-hospitalizacion.html"><code>http://proceso-urgencia.minsal.cl/CodeSystem/indicacion-hospitalizacion</code></a></li></ul></div>
  </text>
  <url value="http://proceso-urgencia.minsal.cl/ValueSet/indicacion-hospitalizacion"/>
  <version value="0.1.0"/>
  <name value="VSIndicacionHospitalizacion"/>
  <title value="Indicación Hospitalización"/>
  <status value="draft"/>
  <experimental value="false"/>
  <date value="2024-08-27T17:49:18-04:00"/>
  <publisher value="ChileData"/>
  <contact>
    <name value="ChileData"/>
    <telecom>
      <system value="url"/>
      <value value="http://chiledata.cl"/>
    </telecom>
  </contact>
  <contact>
    <name value="Roberto Araneda"/>
    <telecom>
      <system value="email"/>
      <value value="roberto.araneda@chiledata.cl"/>
      <use value="work"/>
    </telecom>
  </contact>
  <contact>
    <name value="John Díaz"/>
    <telecom>
      <system value="email"/>
      <value value="john.diaz@chiledata.cl"/>
      <use value="work"/>
    </telecom>
  </contact>
  <description value="Códigos asociados al destino de hospitalización dados por parte del profesional médico al usuario posterior a su atención de urgencia."/>
  <compose>
    <include>
      <system value="http://proceso-urgencia.minsal.cl/CodeSystem/indicacion-hospitalizacion"/>
    </include>
  </compose>
</ValueSet>