<?xml version="1.0" encoding="UTF-8"?>

<ValueSet xmlns="http://hl7.org/fhir">
  <id value="PueblosOriginariosVS"/>
  <text>
    <status value="generated"/><div xmlns="http://www.w3.org/1999/xhtml"><p class="res-header-id"><b>Generated Narrative: ValueSet PueblosOriginariosVS</b></p><a name="PueblosOriginariosVS"> </a><a name="hcPueblosOriginariosVS"> </a><a name="PueblosOriginariosVS-es-CL"> </a><ul><li>Include all codes defined in <a href="CodeSystem-PueblosOriginariosCS.html"><code>https://interoperabilidad.minsal.cl/fhir/ig/urgencia/CodeSystem/PueblosOriginariosCS</code></a></li></ul></div>
  </text>
  <url value="https://interoperabilidad.minsal.cl/fhir/ig/urgencia/ValueSet/PueblosOriginariosVS"/>
  <version value="0.1.0"/>
  <name value="PueblosOriginariosVS"/>
  <title value="Pueblos Originarios de Chile"/>
  <status value="active"/>
  <experimental value="false"/>
  <date value="2024-12-16T14:50:05-03:00"/>
  <publisher value="Unidad de Interoperabilidad - MINSAL"/>
  <contact>
    <name value="Unidad de Interoperabilidad - MINSAL"/>
    <telecom>
      <system value="url"/>
      <value value="https://interoperabilidad.minsal.cl"/>
    </telecom>
  </contact>
  <contact>
    <name value="Roberto Araneda"/>
    <telecom>
      <system value="email"/>
      <value value="roberto.araneda@chiledata.cl"/>
      <use value="work"/>
    </telecom>
  </contact>
  <contact>
    <name value="John Díaz"/>
    <telecom>
      <system value="email"/>
      <value value="john.diaz@chiledata.cl"/>
      <use value="work"/>
    </telecom>
  </contact>
  <description value="Pueblos Originarios de Chile"/>
  <jurisdiction>
    <coding>
      <system value="urn:iso:std:iso:3166"/>
      <code value="CL"/>
      <display value="Chile"/>
    </coding>
  </jurisdiction>
  <compose>
    <include>
      <system value="https://interoperabilidad.minsal.cl/fhir/ig/urgencia/CodeSystem/PueblosOriginariosCS"/>
    </include>
  </compose>
</ValueSet>