<?xml version="1.0" encoding="UTF-8"?>

<ValueSet xmlns="http://hl7.org/fhir">
  <id value="tipo-egreso"/>
  <text>
    <status value="generated"/><div xmlns="http://www.w3.org/1999/xhtml"><p class="res-header-id"><b>Generated Narrative: ValueSet tipo-egreso</b></p><a name="tipo-egreso"> </a><a name="hctipo-egreso"> </a><a name="tipo-egreso-es-CL"> </a><ul><li>Include all codes defined in <a href="CodeSystem-tipo-egreso.html"><code>https://interoperabilidad.minsal.cl/fhir/ig/urgencia/CodeSystem/tipo-egreso</code></a></li></ul></div>
  </text>
  <url value="https://interoperabilidad.minsal.cl/fhir/ig/urgencia/ValueSet/tipo-egreso"/>
  <version value="0.1.0"/>
  <name value="VSTipoEgreso"/>
  <title value="Tipo Egreso"/>
  <status value="draft"/>
  <experimental value="false"/>
  <date value="2024-12-13T10:10:51-03:00"/>
  <publisher value="Unidad de Interoperabilidad - MINSAL"/>
  <contact>
    <name value="Unidad de Interoperabilidad - MINSAL"/>
    <telecom>
      <system value="url"/>
      <value value="https://interoperabilidad.minsal.cl"/>
    </telecom>
  </contact>
  <contact>
    <name value="Roberto Araneda"/>
    <telecom>
      <system value="email"/>
      <value value="roberto.araneda@chiledata.cl"/>
      <use value="work"/>
    </telecom>
  </contact>
  <contact>
    <name value="John Díaz"/>
    <telecom>
      <system value="email"/>
      <value value="john.diaz@chiledata.cl"/>
      <use value="work"/>
    </telecom>
  </contact>
  <description value="Corresponde a códigos asociados a la decisión del médico u odontólogo del destino que debe seguir el usuario en virtud de su evaluación y situación clínica antes de cerrar el proceso de urgencia."/>
  <jurisdiction>
    <coding>
      <system value="urn:iso:std:iso:3166"/>
      <code value="CL"/>
      <display value="Chile"/>
    </coding>
  </jurisdiction>
  <compose>
    <include>
      <system value="https://interoperabilidad.minsal.cl/fhir/ig/urgencia/CodeSystem/tipo-egreso"/>
    </include>
  </compose>
</ValueSet>