<?xml version="1.0" encoding="UTF-8"?>

<ValueSet xmlns="http://hl7.org/fhir">
  <id value="MedioDeLlegada"/>
  <text>
    <status value="generated"/><div xmlns="http://www.w3.org/1999/xhtml"><p class="res-header-id"><b>Generated Narrative: ValueSet MedioDeLlegada</b></p><a name="MedioDeLlegada"> </a><a name="hcMedioDeLlegada"> </a><a name="MedioDeLlegada-es-CL"> </a><ul><li>Include all codes defined in <a href="CodeSystem-MedioDeLlegada.html"><code>https://interoperabilidad.minsal.cl/fhir/ig/urgencia/CodeSystem/MedioDeLlegada</code></a></li></ul></div>
  </text>
  <url value="https://interoperabilidad.minsal.cl/fhir/ig/urgencia/ValueSet/MedioDeLlegada"/>
  <version value="0.1.1"/>
  <name value="VSMedioDeLlegada"/>
  <title value="Medio de Llegada"/>
  <status value="active"/>
  <experimental value="false"/>
  <date value="2024-12-17T10:22:12-03:00"/>
  <publisher value="Unidad de Interoperabilidad - MINSAL"/>
  <contact>
    <name value="Unidad de Interoperabilidad - MINSAL"/>
    <telecom>
      <system value="url"/>
      <value value="https://interoperabilidad.minsal.cl"/>
    </telecom>
  </contact>
  <contact>
    <name value="Roberto Araneda"/>
    <telecom>
      <system value="email"/>
      <value value="roberto.araneda@chiledata.cl"/>
      <use value="work"/>
    </telecom>
  </contact>
  <contact>
    <name value="John Díaz"/>
    <telecom>
      <system value="email"/>
      <value value="john.diaz@chiledata.cl"/>
      <use value="work"/>
    </telecom>
  </contact>
  <description value="Set de códigos que corresponden a las posibles formas de llegada de un paciente a un servicio de atención de urgencia"/>
  <jurisdiction>
    <coding>
      <system value="urn:iso:std:iso:3166"/>
      <code value="CL"/>
      <display value="Chile"/>
    </coding>
  </jurisdiction>
  <compose>
    <include>
      <system value="https://interoperabilidad.minsal.cl/fhir/ig/urgencia/CodeSystem/MedioDeLlegada"/>
    </include>
  </compose>
</ValueSet>