<?xml version="1.0" encoding="UTF-8"?>

<ValueSet xmlns="http://hl7.org/fhir">
  <id value="tipos-participante-encounter"/>
  <text>
    <status value="generated"/><div xmlns="http://www.w3.org/1999/xhtml"><p class="res-header-id"><b>Generated Narrative: ValueSet tipos-participante-encounter</b></p><a name="tipos-participante-encounter"> </a><a name="hctipos-participante-encounter"> </a><a name="tipos-participante-encounter-en-US"> </a><p>This value set includes codes based on the following rules:</p><ul><li>Include all codes defined in <a href="CodeSystem-tipos-participante-encounter.html"><code>http://proceso-urgencia.minsal.cl/CodeSystem/tipos-participante-encounter</code></a></li><li>Import all the codes that are contained in <a href="http://hl7.org/fhir/R4/valueset-encounter-participant-type.html">Participant type</a></li></ul></div>
  </text>
  <url value="http://proceso-urgencia.minsal.cl/ValueSet/tipos-participante-encounter"/>
  <version value="0.1.0"/>
  <name value="VSTiposParticipanteEncounter"/>
  <title value="Tipos Participante Encounter"/>
  <status value="draft"/>
  <experimental value="false"/>
  <date value="2024-08-29T09:57:29-04:00"/>
  <publisher value="ChileData"/>
  <contact>
    <name value="ChileData"/>
    <telecom>
      <system value="url"/>
      <value value="http://chiledata.cl"/>
    </telecom>
  </contact>
  <contact>
    <name value="Roberto Araneda"/>
    <telecom>
      <system value="email"/>
      <value value="roberto.araneda@chiledata.cl"/>
      <use value="work"/>
    </telecom>
  </contact>
  <contact>
    <name value="John Díaz"/>
    <telecom>
      <system value="email"/>
      <value value="john.diaz@chiledata.cl"/>
      <use value="work"/>
    </telecom>
  </contact>
  <description value="Códigos de los tipos de participante de un Encounter"/>
  <compose>
    <include>
      <system value="http://proceso-urgencia.minsal.cl/CodeSystem/tipos-participante-encounter"/>
    </include>
    <include>
      <valueSet value="http://hl7.org/fhir/ValueSet/encounter-participant-type"/>
    </include>
  </compose>
</ValueSet>