{
  "resourceType" : "CodeSystem",
  "id" : "destino-traslado",
  "text" : {
    "status" : "generated",
    "div" : "<div xmlns=\"http://www.w3.org/1999/xhtml\"><p class=\"res-header-id\"><b>Generated Narrative: CodeSystem destino-traslado</b></p><a name=\"destino-traslado\"> </a><a name=\"hcdestino-traslado\"> </a><a name=\"destino-traslado-es-CL\"> </a><p>This case-sensitive code system <code>https://interoperabilidad.minsal.cl/fhir/ig/urgencia/CodeSystem/destino-traslado</code> defines the following codes:</p><table class=\"codes\"><tr><td style=\"white-space:nowrap\"><b>Code</b></td><td><b>Display</b></td></tr><tr><td style=\"white-space:nowrap\">1<a name=\"destino-traslado-1\"> </a></td><td>Alta</td></tr><tr><td style=\"white-space:nowrap\">2<a name=\"destino-traslado-2\"> </a></td><td>Derivación o traslado a otro centro</td></tr><tr><td style=\"white-space:nowrap\">3<a name=\"destino-traslado-3\"> </a></td><td>Abandono</td></tr><tr><td style=\"white-space:nowrap\">4<a name=\"destino-traslado-4\"> </a></td><td>Fallecido</td></tr></table></div>"
  },
  "url" : "https://interoperabilidad.minsal.cl/fhir/ig/urgencia/CodeSystem/destino-traslado",
  "version" : "0.1.0",
  "name" : "CSDestinoTraslado",
  "title" : "Destino Traslado",
  "status" : "active",
  "experimental" : false,
  "date" : "2024-12-16T14:50:05-03:00",
  "publisher" : "Unidad de Interoperabilidad - MINSAL",
  "contact" : [{
    "name" : "Unidad de Interoperabilidad - MINSAL",
    "telecom" : [{
      "system" : "url",
      "value" : "https://interoperabilidad.minsal.cl"
    }]
  },
  {
    "name" : "Roberto Araneda",
    "telecom" : [{
      "system" : "email",
      "value" : "roberto.araneda@chiledata.cl",
      "use" : "work"
    }]
  },
  {
    "name" : "John Díaz",
    "telecom" : [{
      "system" : "email",
      "value" : "john.diaz@chiledata.cl",
      "use" : "work"
    }]
  }],
  "description" : "Códigos asociados a destino de traslado del paciente desde urgencia.",
  "jurisdiction" : [{
    "coding" : [{
      "system" : "urn:iso:std:iso:3166",
      "code" : "CL",
      "display" : "Chile"
    }]
  }],
  "caseSensitive" : true,
  "content" : "complete",
  "count" : 4,
  "concept" : [{
    "code" : "1",
    "display" : "Alta"
  },
  {
    "code" : "2",
    "display" : "Derivación o traslado a otro centro"
  },
  {
    "code" : "3",
    "display" : "Abandono"
  },
  {
    "code" : "4",
    "display" : "Fallecido"
  }]
}