{
  "resourceType" : "CodeSystem",
  "id" : "identidad-genero",
  "text" : {
    "status" : "generated",
    "div" : "<div xmlns=\"http://www.w3.org/1999/xhtml\"><p class=\"res-header-id\"><b>Generated Narrative: CodeSystem identidad-genero</b></p><a name=\"identidad-genero\"> </a><a name=\"hcidentidad-genero\"> </a><a name=\"identidad-genero-en-US\"> </a><p>This case-insensitive code system <code>http://proceso-urgencia.minsal.cl/CodeSystem/identidad-genero</code> defines the following codes:</p><table class=\"codes\"><tr><td style=\"white-space:nowrap\"><b>Code</b></td><td><b>Display</b></td></tr><tr><td style=\"white-space:nowrap\">1<a name=\"identidad-genero-1\"> </a></td><td>Masculino</td></tr><tr><td style=\"white-space:nowrap\">2<a name=\"identidad-genero-2\"> </a></td><td>Femenina</td></tr><tr><td style=\"white-space:nowrap\">4<a name=\"identidad-genero-4\"> </a></td><td>Transgénero Masculino</td></tr><tr><td style=\"white-space:nowrap\">5<a name=\"identidad-genero-5\"> </a></td><td>Transgénero Femenina</td></tr><tr><td style=\"white-space:nowrap\">6<a name=\"identidad-genero-6\"> </a></td><td>No binarie</td></tr><tr><td style=\"white-space:nowrap\">7<a name=\"identidad-genero-7\"> </a></td><td>Otra</td></tr><tr><td style=\"white-space:nowrap\">8<a name=\"identidad-genero-8\"> </a></td><td>No Revelado</td></tr></table></div>"
  },
  "url" : "http://proceso-urgencia.minsal.cl/CodeSystem/identidad-genero",
  "version" : "0.1.0",
  "name" : "CSIdentidadGenero",
  "title" : "CSIdentidadGenero",
  "status" : "draft",
  "experimental" : false,
  "date" : "2024-08-27T17:49:18-04:00",
  "publisher" : "ChileData",
  "contact" : [{
    "name" : "ChileData",
    "telecom" : [{
      "system" : "url",
      "value" : "http://chiledata.cl"
    }]
  },
  {
    "name" : "Roberto Araneda",
    "telecom" : [{
      "system" : "email",
      "value" : "roberto.araneda@chiledata.cl",
      "use" : "work"
    }]
  },
  {
    "name" : "John Díaz",
    "telecom" : [{
      "system" : "email",
      "value" : "john.diaz@chiledata.cl",
      "use" : "work"
    }]
  }],
  "description" : "Códigos para la identidad de género",
  "caseSensitive" : false,
  "content" : "complete",
  "count" : 7,
  "concept" : [{
    "code" : "1",
    "display" : "Masculino"
  },
  {
    "code" : "2",
    "display" : "Femenina"
  },
  {
    "code" : "4",
    "display" : "Transgénero Masculino"
  },
  {
    "code" : "5",
    "display" : "Transgénero Femenina"
  },
  {
    "code" : "6",
    "display" : "No binarie"
  },
  {
    "code" : "7",
    "display" : "Otra"
  },
  {
    "code" : "8",
    "display" : "No Revelado"
  }]
}