{
  "resourceType" : "CodeSystem",
  "id" : "categorizacion-ugo",
  "text" : {
    "status" : "generated",
    "div" : "<div xmlns=\"http://www.w3.org/1999/xhtml\"><p class=\"res-header-id\"><b>Generated Narrative: CodeSystem categorizacion-ugo</b></p><a name=\"categorizacion-ugo\"> </a><a name=\"hccategorizacion-ugo\"> </a><a name=\"categorizacion-ugo-es-CL\"> </a><p>This case-insensitive code system <code>https://interoperabilidad.minsal.cl/fhir/ig/urgencia/CodeSystem/categorizacion-ugo</code> defines the following codes:</p><table class=\"codes\"><tr><td style=\"white-space:nowrap\"><b>Code</b></td><td><b>Display</b></td></tr><tr><td style=\"white-space:nowrap\">C1<a name=\"categorizacion-ugo-C1\"> </a></td><td>Emergencia Atención Inmediata</td></tr><tr><td style=\"white-space:nowrap\">C2<a name=\"categorizacion-ugo-C2\"> </a></td><td>Atención Urgente</td></tr><tr><td style=\"white-space:nowrap\">C3<a name=\"categorizacion-ugo-C3\"> </a></td><td>Atención Prioritaria</td></tr><tr><td style=\"white-space:nowrap\">C4<a name=\"categorizacion-ugo-C4\"> </a></td><td>Atención No urgente</td></tr><tr><td style=\"white-space:nowrap\">C5<a name=\"categorizacion-ugo-C5\"> </a></td><td>Atención General</td></tr></table></div>"
  },
  "url" : "https://interoperabilidad.minsal.cl/fhir/ig/urgencia/CodeSystem/categorizacion-ugo",
  "version" : "0.1.0",
  "name" : "CSCategorizacionUGO",
  "title" : "CSCategorizacionUGO",
  "status" : "draft",
  "experimental" : false,
  "date" : "2024-12-13T10:10:51-03:00",
  "publisher" : "Unidad de Interoperabilidad - MINSAL",
  "contact" : [{
    "name" : "Unidad de Interoperabilidad - MINSAL",
    "telecom" : [{
      "system" : "url",
      "value" : "https://interoperabilidad.minsal.cl"
    }]
  },
  {
    "name" : "Roberto Araneda",
    "telecom" : [{
      "system" : "email",
      "value" : "roberto.araneda@chiledata.cl",
      "use" : "work"
    }]
  },
  {
    "name" : "John Díaz",
    "telecom" : [{
      "system" : "email",
      "value" : "john.diaz@chiledata.cl",
      "use" : "work"
    }]
  }],
  "description" : "Códigos de categorización Gineco-obstétrica (UGO) de pacientes en el sistema de salud chileno",
  "jurisdiction" : [{
    "coding" : [{
      "system" : "urn:iso:std:iso:3166",
      "code" : "CL",
      "display" : "Chile"
    }]
  }],
  "caseSensitive" : false,
  "content" : "complete",
  "count" : 5,
  "concept" : [{
    "code" : "C1",
    "display" : "Emergencia Atención Inmediata"
  },
  {
    "code" : "C2",
    "display" : "Atención Urgente"
  },
  {
    "code" : "C3",
    "display" : "Atención Prioritaria"
  },
  {
    "code" : "C4",
    "display" : "Atención No urgente"
  },
  {
    "code" : "C5",
    "display" : "Atención General"
  }]
}