{
  "resourceType" : "RelatedPerson",
  "id" : "3cb8e117-fd2c-493f-b1e4-43bf1ae75bd7",
  "meta" : {
    "profile" : ["https://interoperabilidad.minsal.cl/fhir/ig/urgencia/StructureDefinition/AcompananteUrg"]
  },
  "text" : {
    "status" : "generated",
    "div" : "<div xmlns=\"http://www.w3.org/1999/xhtml\"><p class=\"res-header-id\"><b>Generated Narrative: RelatedPerson 3cb8e117-fd2c-493f-b1e4-43bf1ae75bd7</b></p><a name=\"3cb8e117-fd2c-493f-b1e4-43bf1ae75bd7\"> </a><a name=\"hc3cb8e117-fd2c-493f-b1e4-43bf1ae75bd7\"> </a><a name=\"3cb8e117-fd2c-493f-b1e4-43bf1ae75bd7-es-CL\"> </a><p><b>patient</b>: <a href=\"Patient-6ec6dc25-4b65-4165-a545-9b796f60b997.html\">Maria Josefína Perez Gonzalez(official) Female, DoB: 1974-12-25 ( Rol Único Nacional:\u00a090000000-6\u00a0(use:\u00a0official,\u00a0))</a></p><p><b>relationship</b>: <span title=\"Codes:{https://interoperabilidad.minsal.cl/fhir/ig/urgencia/CodeSystem/RelacionAcompanante 5}\">Vecino(a)</span></p><p><b>name</b>: Raúl Muñoz </p><p><b>telecom</b>: ph: 555-555-5555(Mobile)</p></div>"
  },
  "patient" : {
    "reference" : "Patient/6ec6dc25-4b65-4165-a545-9b796f60b997"
  },
  "relationship" : [{
    "coding" : [{
      "system" : "https://interoperabilidad.minsal.cl/fhir/ig/urgencia/CodeSystem/RelacionAcompanante",
      "code" : "5",
      "display" : "Vecino(a)"
    }]
  }],
  "name" : [{
    "family" : "Muñoz",
    "_family" : {
      "extension" : [{
        "url" : "https://hl7chile.cl/fhir/ig/clcore/StructureDefinition/SegundoApellido",
        "valueString" : "Valdebenito"
      }]
    },
    "given" : ["Raúl"]
  }],
  "telecom" : [{
    "system" : "phone",
    "value" : "555-555-5555",
    "use" : "mobile"
  }]
}