{
  "resourceType" : "ValueSet",
  "id" : "tipo-egreso",
  "text" : {
    "status" : "generated",
    "div" : "<div xmlns=\"http://www.w3.org/1999/xhtml\"><p class=\"res-header-id\"><b>Generated Narrative: ValueSet tipo-egreso</b></p><a name=\"tipo-egreso\"> </a><a name=\"hctipo-egreso\"> </a><a name=\"tipo-egreso-en-US\"> </a><ul><li>Include all codes defined in <a href=\"CodeSystem-tipo-egreso.html\"><code>http://proceso-urgencia.minsal.cl/CodeSystem/tipo-egreso</code></a></li></ul></div>"
  },
  "url" : "http://proceso-urgencia.minsal.cl/ValueSet/tipo-egreso",
  "version" : "0.1.0",
  "name" : "VSTipoEgreso",
  "title" : "Tipo Egreso",
  "status" : "draft",
  "experimental" : false,
  "date" : "2024-08-29T09:57:29-04:00",
  "publisher" : "ChileData",
  "contact" : [{
    "name" : "ChileData",
    "telecom" : [{
      "system" : "url",
      "value" : "http://chiledata.cl"
    }]
  },
  {
    "name" : "Roberto Araneda",
    "telecom" : [{
      "system" : "email",
      "value" : "roberto.araneda@chiledata.cl",
      "use" : "work"
    }]
  },
  {
    "name" : "John Díaz",
    "telecom" : [{
      "system" : "email",
      "value" : "john.diaz@chiledata.cl",
      "use" : "work"
    }]
  }],
  "description" : "Corresponde a códigos asociados a la decisión del médico u odontólogo del destino que debe seguir el usuario en virtud de su evaluación y situación clínica antes de cerrar el proceso de urgencia.",
  "compose" : {
    "include" : [{
      "system" : "http://proceso-urgencia.minsal.cl/CodeSystem/tipo-egreso"
    }]
  }
}