{
  "resourceType" : "ValueSet",
  "id" : "categorizacion-paciente",
  "text" : {
    "status" : "generated",
    "div" : "<div xmlns=\"http://www.w3.org/1999/xhtml\"><p class=\"res-header-id\"><b>Generated Narrative: ValueSet categorizacion-paciente</b></p><a name=\"categorizacion-paciente\"> </a><a name=\"hccategorizacion-paciente\"> </a><a name=\"categorizacion-paciente-es-CL\"> </a><p>This value set includes codes based on the following rules:</p><ul><li>Include all codes defined in <a href=\"CodeSystem-categorizacion-discrecional.html\"><code>https://interoperabilidad.minsal.cl/fhir/ig/urgencia/CodeSystem/categorizacion-discrecional</code></a></li><li>Include all codes defined in <a href=\"CodeSystem-categorizacion-esi.html\"><code>https://interoperabilidad.minsal.cl/fhir/ig/urgencia/CodeSystem/categorizacion-esi</code></a></li><li>Include all codes defined in <a href=\"CodeSystem-categorizacion-ugo.html\"><code>https://interoperabilidad.minsal.cl/fhir/ig/urgencia/CodeSystem/categorizacion-ugo</code></a></li></ul></div>"
  },
  "url" : "https://interoperabilidad.minsal.cl/fhir/ig/urgencia/ValueSet/categorizacion-paciente",
  "version" : "0.1.0",
  "name" : "VSCategorizacionPaciente",
  "title" : "Categorización de Paciente",
  "status" : "draft",
  "experimental" : false,
  "date" : "2024-11-07T14:38:19-03:00",
  "publisher" : "Unidad de Interoperabilidad - MINSAL",
  "contact" : [{
    "name" : "Unidad de Interoperabilidad - MINSAL",
    "telecom" : [{
      "system" : "url",
      "value" : "https://interoperabilidad.minsal.cl"
    }]
  },
  {
    "name" : "Roberto Araneda",
    "telecom" : [{
      "system" : "email",
      "value" : "roberto.araneda@chiledata.cl",
      "use" : "work"
    }]
  },
  {
    "name" : "John Díaz",
    "telecom" : [{
      "system" : "email",
      "value" : "john.diaz@chiledata.cl",
      "use" : "work"
    }]
  }],
  "description" : "Códigos de categorización de un paciente en un evento de urgencia.",
  "jurisdiction" : [{
    "coding" : [{
      "system" : "urn:iso:std:iso:3166",
      "code" : "CL",
      "display" : "Chile"
    }]
  }],
  "compose" : {
    "include" : [{
      "system" : "https://interoperabilidad.minsal.cl/fhir/ig/urgencia/CodeSystem/categorizacion-discrecional"
    },
    {
      "system" : "https://interoperabilidad.minsal.cl/fhir/ig/urgencia/CodeSystem/categorizacion-esi"
    },
    {
      "system" : "https://interoperabilidad.minsal.cl/fhir/ig/urgencia/CodeSystem/categorizacion-ugo"
    }]
  }
}