{
  "resourceType" : "ValueSet",
  "id" : "especialidad-medica",
  "text" : {
    "status" : "generated",
    "div" : "<div xmlns=\"http://www.w3.org/1999/xhtml\"><p class=\"res-header-id\"><b>Generated Narrative: ValueSet especialidad-medica</b></p><a name=\"especialidad-medica\"> </a><a name=\"hcespecialidad-medica\"> </a><a name=\"especialidad-medica-en-US\"> </a><ul><li>Include all codes defined in <a href=\"CodeSystem-especialidad-medica.html\"><code>http://proceso-urgencia.minsal.cl/CodeSystem/especialidad-medica</code></a></li></ul></div>"
  },
  "url" : "http://proceso-urgencia.minsal.cl/ValueSet/especialidad-medica",
  "version" : "0.1.0",
  "name" : "VSEspecialidadMedica",
  "title" : "Especialidad Médica",
  "status" : "draft",
  "experimental" : false,
  "date" : "2024-08-27T17:49:18-04:00",
  "publisher" : "ChileData",
  "contact" : [{
    "name" : "ChileData",
    "telecom" : [{
      "system" : "url",
      "value" : "http://chiledata.cl"
    }]
  },
  {
    "name" : "Roberto Araneda",
    "telecom" : [{
      "system" : "email",
      "value" : "roberto.araneda@chiledata.cl",
      "use" : "work"
    }]
  },
  {
    "name" : "John Díaz",
    "telecom" : [{
      "system" : "email",
      "value" : "john.diaz@chiledata.cl",
      "use" : "work"
    }]
  }],
  "description" : "Códigos de especialidades médicas (Norma 820)",
  "compose" : {
    "include" : [{
      "system" : "http://proceso-urgencia.minsal.cl/CodeSystem/especialidad-medica"
    }]
  }
}