{
  "resourceType" : "ValueSet",
  "id" : "destino-traslado",
  "text" : {
    "status" : "generated",
    "div" : "<div xmlns=\"http://www.w3.org/1999/xhtml\"><p class=\"res-header-id\"><b>Generated Narrative: ValueSet destino-traslado</b></p><a name=\"destino-traslado\"> </a><a name=\"hcdestino-traslado\"> </a><a name=\"destino-traslado-es-CL\"> </a><ul><li>Include all codes defined in <a href=\"CodeSystem-destino-traslado.html\"><code>https://interoperabilidad.minsal.cl/fhir/ig/urgencia/CodeSystem/destino-traslado</code></a></li></ul></div>"
  },
  "url" : "https://interoperabilidad.minsal.cl/fhir/ig/urgencia/ValueSet/destino-traslado",
  "version" : "0.1.1",
  "name" : "VSDestinoTraslado",
  "title" : "Destino Traslado",
  "status" : "active",
  "experimental" : false,
  "date" : "2024-12-17T10:22:12-03:00",
  "publisher" : "Unidad de Interoperabilidad - MINSAL",
  "contact" : [{
    "name" : "Unidad de Interoperabilidad - MINSAL",
    "telecom" : [{
      "system" : "url",
      "value" : "https://interoperabilidad.minsal.cl"
    }]
  },
  {
    "name" : "Roberto Araneda",
    "telecom" : [{
      "system" : "email",
      "value" : "roberto.araneda@chiledata.cl",
      "use" : "work"
    }]
  },
  {
    "name" : "John Díaz",
    "telecom" : [{
      "system" : "email",
      "value" : "john.diaz@chiledata.cl",
      "use" : "work"
    }]
  }],
  "description" : "Códigos asociados a destino de traslado del paciente desde urgencia.",
  "jurisdiction" : [{
    "coding" : [{
      "system" : "urn:iso:std:iso:3166",
      "code" : "CL",
      "display" : "Chile"
    }]
  }],
  "compose" : {
    "include" : [{
      "system" : "https://interoperabilidad.minsal.cl/fhir/ig/urgencia/CodeSystem/destino-traslado"
    }]
  }
}