{
  "resourceType" : "ValueSet",
  "id" : "abandono",
  "text" : {
    "status" : "generated",
    "div" : "<div xmlns=\"http://www.w3.org/1999/xhtml\"><p class=\"res-header-id\"><b>Generated Narrative: ValueSet abandono</b></p><a name=\"abandono\"> </a><a name=\"hcabandono\"> </a><a name=\"abandono-en-US\"> </a><ul><li>Include all codes defined in <a href=\"CodeSystem-abandono.html\"><code>http://proceso-urgencia.minsal.cl/CodeSystem/abandono</code></a></li></ul></div>"
  },
  "url" : "http://proceso-urgencia.minsal.cl/ValueSet/abandono",
  "version" : "0.1.0",
  "name" : "VSAbandono",
  "title" : "Abandono",
  "status" : "draft",
  "experimental" : false,
  "date" : "2024-08-27T17:49:18-04:00",
  "publisher" : "ChileData",
  "contact" : [{
    "name" : "ChileData",
    "telecom" : [{
      "system" : "url",
      "value" : "http://chiledata.cl"
    }]
  },
  {
    "name" : "Roberto Araneda",
    "telecom" : [{
      "system" : "email",
      "value" : "roberto.araneda@chiledata.cl",
      "use" : "work"
    }]
  },
  {
    "name" : "John Díaz",
    "telecom" : [{
      "system" : "email",
      "value" : "john.diaz@chiledata.cl",
      "use" : "work"
    }]
  }],
  "description" : "Códigos asociados al tipo de abandono del paciente desde urgencia.",
  "compose" : {
    "include" : [{
      "system" : "http://proceso-urgencia.minsal.cl/CodeSystem/abandono"
    }]
  }
}