{
  "resourceType" : "ValueSet",
  "id" : "eventos-urgencia",
  "text" : {
    "status" : "generated",
    "div" : "<div xmlns=\"http://www.w3.org/1999/xhtml\"><p class=\"res-header-id\"><b>Generated Narrative: ValueSet eventos-urgencia</b></p><a name=\"eventos-urgencia\"> </a><a name=\"hceventos-urgencia\"> </a><a name=\"eventos-urgencia-es-CL\"> </a><ul><li>Include all codes defined in <a href=\"CodeSystem-eventos-urgencia.html\"><code>https://interoperabilidad.minsal.cl/fhir/ig/urgencia/CodeSystem/eventos-urgencia</code></a></li></ul></div>"
  },
  "url" : "https://interoperabilidad.minsal.cl/fhir/ig/urgencia/ValueSet/eventos-urgencia",
  "version" : "0.1.0",
  "name" : "VSEventosUrgencia",
  "title" : "Eventos Urgencia",
  "status" : "active",
  "experimental" : false,
  "date" : "2024-12-16T14:50:05-03:00",
  "publisher" : "Unidad de Interoperabilidad - MINSAL",
  "contact" : [{
    "name" : "Unidad de Interoperabilidad - MINSAL",
    "telecom" : [{
      "system" : "url",
      "value" : "https://interoperabilidad.minsal.cl"
    }]
  },
  {
    "name" : "Roberto Araneda",
    "telecom" : [{
      "system" : "email",
      "value" : "roberto.araneda@chiledata.cl",
      "use" : "work"
    }]
  },
  {
    "name" : "John Díaz",
    "telecom" : [{
      "system" : "email",
      "value" : "john.diaz@chiledata.cl",
      "use" : "work"
    }]
  }],
  "description" : "Códigos de eventos de urgencia",
  "jurisdiction" : [{
    "coding" : [{
      "system" : "urn:iso:std:iso:3166",
      "code" : "CL",
      "display" : "Chile"
    }]
  }],
  "compose" : {
    "include" : [{
      "system" : "https://interoperabilidad.minsal.cl/fhir/ig/urgencia/CodeSystem/eventos-urgencia"
    }]
  }
}