{
  "resourceType" : "ValueSet",
  "id" : "prevision",
  "text" : {
    "status" : "generated",
    "div" : "<div xmlns=\"http://www.w3.org/1999/xhtml\"><p class=\"res-header-id\"><b>Generated Narrative: ValueSet prevision</b></p><a name=\"prevision\"> </a><a name=\"hcprevision\"> </a><a name=\"prevision-en-US\"> </a><ul><li>Include all codes defined in <a href=\"CodeSystem-prevision.html\"><code>http://proceso-urgencia.minsal.cl/CodeSystem/prevision</code></a></li></ul></div>"
  },
  "url" : "http://proceso-urgencia.minsal.cl/ValueSet/prevision",
  "version" : "0.1.0",
  "name" : "VSPrevision",
  "title" : "Prevision",
  "status" : "draft",
  "experimental" : false,
  "date" : "2024-08-29T09:57:29-04:00",
  "publisher" : "ChileData",
  "contact" : [{
    "name" : "ChileData",
    "telecom" : [{
      "system" : "url",
      "value" : "http://chiledata.cl"
    }]
  },
  {
    "name" : "Roberto Araneda",
    "telecom" : [{
      "system" : "email",
      "value" : "roberto.araneda@chiledata.cl",
      "use" : "work"
    }]
  },
  {
    "name" : "John Díaz",
    "telecom" : [{
      "system" : "email",
      "value" : "john.diaz@chiledata.cl",
      "use" : "work"
    }]
  }],
  "description" : "La previsión es la  variable determinada el sistema de aseguramiento de salud del paciente.",
  "compose" : {
    "include" : [{
      "system" : "http://proceso-urgencia.minsal.cl/CodeSystem/prevision"
    }]
  }
}