<?xml version="1.0" encoding="UTF-8"?>

<Observation xmlns="http://hl7.org/fhir">
  <id value="EjemploObservation"/>
  <meta>
    <profile value="https://interoperabilidad.minsal.cl/fhir/ig/tiemposdeesperainteroperables/StructureDefinition/ObservationInicioLE"/>
  </meta>
  <text>
    <status value="generated"/><div xmlns="http://www.w3.org/1999/xhtml"><p><b>Generated Narrative: Observation</b><a name="EjemploObservation"> </a></p><div style="display: inline-block; background-color: #d9e0e7; padding: 6px; margin: 4px; border: 1px solid #8da1b4; border-radius: 5px; line-height: 60%"><p style="margin-bottom: 0px">Resource Observation &quot;EjemploObservation&quot; </p><p style="margin-bottom: 0px">Profile: <a href="StructureDefinition-ObservationInicioLE.html">Observation Inicio LE</a></p></div><p><b>status</b>: registered</p><p><b>code</b>: examenes <span style="background: LightGoldenRodYellow; margin: 4px; border: 1px solid khaki"> ()</span></p><p><b>value</b>: examenes realizados</p></div>
  </text>
  <status value="registered"/>
  <code>
    <text value="examenes"/>
  </code>
  <valueString value="examenes realizados"/>
</Observation>