<?xml version="1.0" encoding="UTF-8"?>

<CodeSystem xmlns="http://hl7.org/fhir">
  <id value="CSMedioNotificacion"/>
  <text>
    <status value="generated"/><div xmlns="http://www.w3.org/1999/xhtml"><p>This case-sensitive code system <code>https://interoperabilidad.minsal.cl/fhir/ig/tei/CodeSystem/CSMedioNotificacion</code> defines the following codes:</p><table class="codes"><tr><td style="white-space:nowrap"><b>Code</b></td><td><b>Display</b></td></tr><tr><td style="white-space:nowrap">1<a name="CSMedioNotificacion-1"> </a></td><td>Correo</td></tr><tr><td style="white-space:nowrap">2<a name="CSMedioNotificacion-2"> </a></td><td>SMS</td></tr><tr><td style="white-space:nowrap">3<a name="CSMedioNotificacion-3"> </a></td><td>Llamada</td></tr><tr><td style="white-space:nowrap">4<a name="CSMedioNotificacion-4"> </a></td><td>Whatsapp</td></tr><tr><td style="white-space:nowrap">5<a name="CSMedioNotificacion-5"> </a></td><td>Presencial</td></tr></table></div>
  </text>
  <url value="https://interoperabilidad.minsal.cl/fhir/ig/tei/CodeSystem/CSMedioNotificacion"/>
  <version value="0.1.6"/>
  <name value="CSMedioNotificacion"/>
  <title value="Medio Notificación"/>
  <status value="active"/>
  <experimental value="false"/>
  <date value="2023-01-15"/>
  <publisher value="Unidad de Interoperabilidad - MINSAL"/>
  <contact>
    <name value="Unidad de Interoperabilidad - MINSAL"/>
    <telecom>
      <system value="url"/>
      <value value="https://interoperabilidad.minsal.cl"/>
    </telecom>
  </contact>
  <description value="Medio Notificación"/>
  <jurisdiction>
    <coding>
      <system value="urn:iso:std:iso:3166"/>
      <code value="CL"/>
      <display value="Chile"/>
    </coding>
  </jurisdiction>
  <caseSensitive value="true"/>
  <content value="complete"/>
  <count value="5"/>
  <concept>
    <code value="1"/>
    <display value="Correo"/>
  </concept>
  <concept>
    <code value="2"/>
    <display value="SMS"/>
  </concept>
  <concept>
    <code value="3"/>
    <display value="Llamada"/>
  </concept>
  <concept>
    <code value="4"/>
    <display value="Whatsapp"/>
  </concept>
  <concept>
    <code value="5"/>
    <display value="Presencial"/>
  </concept>
</CodeSystem>