<?xml version="1.0" encoding="UTF-8"?>

<Practitioner xmlns="http://hl7.org/fhir">
  <id value="EjemploPractitionerPriorizar"/>
  <meta>
    <profile value="https://interoperabilidad.minsal.cl/fhir/ig/tei/StructureDefinition/PrestadorProfesionalLE"/>
  </meta>
  <text>
    <status value="extensions"/><div xmlns="http://www.w3.org/1999/xhtml"><p><b>Generated Narrative: Practitioner</b><a name="EjemploPractitionerPriorizar"> </a><a name="hcEjemploPractitionerPriorizar"> </a></p><div style="display: inline-block; background-color: #d9e0e7; padding: 6px; margin: 4px; border: 1px solid #8da1b4; border-radius: 5px; line-height: 60%"><p style="margin-bottom: 0px">Resource Practitioner &quot;EjemploPractitionerPriorizar&quot; </p><p style="margin-bottom: 0px">Profile: <a href="StructureDefinition-PrestadorProfesionalLE.html">Prestador Profesional LE</a></p></div><p><b>Codigo de Identificación de países</b>: Chile <span style="background: LightGoldenRodYellow; margin: 4px; border: 1px solid khaki"> (<a href="https://hl7chile.cl/fhir/ig/clcore/1.8.5/CodeSystem-CodPais.html">Códigos de Países</a>#152)</span></p><p><b>identifier</b>: 1/32.333.333-3 (use: official), 2/123884 (use: official), 4/123884 (use: secondary)</p><p><b>active</b>: true</p><p><b>name</b>: Ernesto Sepulveda (Official)</p><p><b>telecom</b>: <a href="tel:+56982460152">+56982460152</a></p><p><b>gender</b>: female</p><p><b>birthDate</b>: 1982-08-24</p><blockquote><p><b>qualification</b></p><p><b>identifier</b>: esp</p><p><b>code</b>: Cirujano Cardiovascular <span style="background: LightGoldenRodYellow; margin: 4px; border: 1px solid khaki"> (<a href="CodeSystem-CSTituloProfesional.html">TituloProfesional</a>#1 &quot;MÉDICO CIRUJANO&quot;)</span></p><p><b>period</b>: 2023-01-01 --&gt; 2100-01-31</p></blockquote><blockquote><p><b>qualification</b></p><p><b>identifier</b>: subesp</p><p><b>code</b>: CardiologíaCardiotorácico <span style="background: LightGoldenRodYellow; margin: 4px; border: 1px solid khaki"> (<a href="CodeSystem-CSTituloProfesional.html">TituloProfesional</a>#1 &quot;MÉDICO CIRUJANO&quot;)</span></p><p><b>period</b>: 2024-01-01 --&gt; 2100-01-31</p></blockquote></div>
  </text>
  <extension url="https://hl7chile.cl/fhir/ig/clcore/StructureDefinition/CodigoPaises">
    <valueCodeableConcept>
      <coding>
        <system value="https://hl7chile.cl/fhir/ig/clcore/CodeSystem/CodPais"/>
        <code value="152"/>
        <display value="Chile"/>
      </coding>
    </valueCodeableConcept>
  </extension>
  <identifier>
    <use value="official"/>
    <type>
      <coding>
        <system value="https://interoperabilidad.minsal.cl/fhir/ig/hpd/CodeSystem/VSTipoIdentificadorDEIS"/>
        <code value="1"/>
      </coding>
    </type>
    <system value="https://api.cl/system/run"/>
    <value value="32.333.333-3"/>
  </identifier>
  <identifier>
    <use value="official"/>
    <type>
      <coding>
        <system value="https://interoperabilidad.minsal.cl/fhir/ig/hpd/CodeSystem/VSTipoIdentificadorDEIS"/>
        <code value="2"/>
      </coding>
    </type>
    <value value="123884"/>
  </identifier>
  <identifier>
    <use value="secondary"/>
    <type>
      <coding>
        <system value="https://interoperabilidad.minsal.cl/fhir/ig/hpd/CodeSystem/VSTipoIdentificadorDEIS"/>
        <code value="4"/>
      </coding>
    </type>
    <value value="123884"/>
  </identifier>
  <active value="true"/>
  <name>
    <use value="official"/>
    <family value="Sepulveda">
      <extension url="https://hl7chile.cl/fhir/ig/clcore/StructureDefinition/SegundoApellido">
        <valueString value="Sierra"/>
      </extension>
    </family>
    <given value="Ernesto"/>
  </name>
  <telecom>
    <system value="phone"/>
    <value value="+56982460152"/>
    <use value="home"/>
    <rank value="1"/>
  </telecom>
  <gender value="female"/>
  <birthDate value="1982-08-24"/>
  <qualification>
    <identifier>
      <value value="esp"/>
    </identifier>
    <code>
      <coding>
        <system value="https://interoperabilidad.minsal.cl/fhir/ig/tei/CodeSystem/CSTituloProfesional"/>
        <code value="1"/>
        <display value="MÉDICO CIRUJANO"/>
      </coding>
      <text value="Cirujano Cardiovascular"/>
    </code>
    <period>
      <start value="2023-01-01"/>
      <end value="2100-01-31"/>
    </period>
  </qualification>
  <qualification>
    <identifier>
      <value value="subesp"/>
    </identifier>
    <code>
      <coding>
        <system value="https://interoperabilidad.minsal.cl/fhir/ig/tei/CodeSystem/CSTituloProfesional"/>
        <code value="1"/>
        <display value="MÉDICO CIRUJANO"/>
      </coding>
      <text value="CardiologíaCardiotorácico"/>
    </code>
    <period>
      <start value="2024-01-01"/>
      <end value="2100-01-31"/>
    </period>
  </qualification>
</Practitioner>