<?xml version="1.0" encoding="UTF-8"?><CodeSystem xmlns="http://hl7.org/fhir"><id value="CSMotivoCierreInterconsulta"/><text><status value="generated"/><div xmlns="http://www.w3.org/1999/xhtml"><p>This case-sensitive code system <code>https://interoperabilidad.minsal.cl/fhir/ig/tei/CodeSystem/CSMotivoCierreInterconsulta</code> defines the following codes:</p><table class="codes"><tr><td style="white-space:nowrap"><b>Code</b></td><td><b>Display</b></td></tr><tr><td style="white-space:nowrap">1<a name="CSMotivoCierreInterconsulta-1"> </a></td><td>GES (0)</td></tr><tr><td style="white-space:nowrap">2<a name="CSMotivoCierreInterconsulta-2"> </a></td><td>Atención Realizada (1)</td></tr><tr><td style="white-space:nowrap">3<a name="CSMotivoCierreInterconsulta-3"> </a></td><td>Corresponde a la realización del examen procedimiento ejecutado (2)</td></tr><tr><td style="white-space:nowrap">4<a name="CSMotivoCierreInterconsulta-4"> </a></td><td>Atención Otorgada en el Extra sistema (4)</td></tr><tr><td style="white-space:nowrap">5<a name="CSMotivoCierreInterconsulta-5"> </a></td><td>No beneficiario (5)</td></tr><tr><td style="white-space:nowrap">6<a name="CSMotivoCierreInterconsulta-6"> </a></td><td>Renuncia o rechazo voluntario (6)</td></tr><tr><td style="white-space:nowrap">7<a name="CSMotivoCierreInterconsulta-7"> </a></td><td>Recuperación espontánea (7)</td></tr><tr><td style="white-space:nowrap">8<a name="CSMotivoCierreInterconsulta-8"> </a></td><td>Inasistencia (2 NSP) (8)</td></tr><tr><td style="white-space:nowrap">9<a name="CSMotivoCierreInterconsulta-9"> </a></td><td>Fallecimiento (9)</td></tr><tr><td style="white-space:nowrap">10<a name="CSMotivoCierreInterconsulta-10"> </a></td><td>Solicitud de indicación duplicada (10)</td></tr><tr><td style="white-space:nowrap">11<a name="CSMotivoCierreInterconsulta-11"> </a></td><td>Contacto no corresponde (11)</td></tr><tr><td style="white-space:nowrap">12<a name="CSMotivoCierreInterconsulta-12"> </a></td><td>Traslado coordinado (12)</td></tr><tr><td style="white-space:nowrap">13<a name="CSMotivoCierreInterconsulta-13"> </a></td><td>No pertinencia (13)</td></tr><tr><td style="white-space:nowrap">14<a name="CSMotivoCierreInterconsulta-14"> </a></td><td>Error de digitación(15)</td></tr><tr><td style="white-space:nowrap">15<a name="CSMotivoCierreInterconsulta-15"> </a></td><td>Atención por resolutividad (16)</td></tr><tr><td style="white-space:nowrap">16<a name="CSMotivoCierreInterconsulta-16"> </a></td><td>Atención por telemedicina (17)</td></tr><tr><td style="white-space:nowrap">17<a name="CSMotivoCierreInterconsulta-17"> </a></td><td>Modificación de condicion clínica del paciente (18)</td></tr><tr><td style="white-space:nowrap">18<a name="CSMotivoCierreInterconsulta-18"> </a></td><td>Atención hospital digital (19)</td></tr></table></div></text><url value="https://interoperabilidad.minsal.cl/fhir/ig/tei/CodeSystem/CSMotivoCierreInterconsulta"/><version value="0.2.0"/><name value="CSMotivoCierreInterconsulta"/><title value="Motivo Cierre Interconsulta"/><status value="active"/><experimental value="false"/><date value="2023-01-15"/><publisher value="Unidad de Interoperabilidad - MINSAL"/><contact><name value="Unidad de Interoperabilidad - MINSAL"/><telecom><system value="url"/><value value="https://interoperabilidad.minsal.cl"/></telecom></contact><description value="Motivo Cierre Interconsulta"/><jurisdiction><coding><system value="urn:iso:std:iso:3166"/><code value="CL"/><display value="Chile"/></coding></jurisdiction><caseSensitive value="true"/><content value="complete"/><count value="18"/><concept><code value="1"/><display value="GES (0)"/></concept><concept><code value="2"/><display value="Atención Realizada (1)"/></concept><concept><code value="3"/><display value="Corresponde a la realización del examen procedimiento ejecutado (2)"/></concept><concept><code value="4"/><display value="Atención Otorgada en el Extra sistema (4)"/></concept><concept><code value="5"/><display value="No beneficiario (5)"/></concept><concept><code value="6"/><display value="Renuncia o rechazo voluntario (6)"/></concept><concept><code value="7"/><display value="Recuperación espontánea (7)"/></concept><concept><code value="8"/><display value="Inasistencia (2 NSP) (8)"/></concept><concept><code value="9"/><display value="Fallecimiento (9)"/></concept><concept><code value="10"/><display value="Solicitud de indicación duplicada (10)"/></concept><concept><code value="11"/><display value="Contacto no corresponde (11)"/></concept><concept><code value="12"/><display value="Traslado coordinado (12)"/></concept><concept><code value="13"/><display value="No pertinencia (13)"/></concept><concept><code value="14"/><display value="Error de digitación(15)"/></concept><concept><code value="15"/><display value="Atención por resolutividad (16)"/></concept><concept><code value="16"/><display value="Atención por telemedicina (17)"/></concept><concept><code value="17"/><display value="Modificación de condicion clínica del paciente (18)"/></concept><concept><code value="18"/><display value="Atención hospital digital (19)"/></concept></CodeSystem>