<?xml version="1.0" encoding="UTF-8"?><CodeSystem xmlns="http://hl7.org/fhir"><id value="CSViasAdmin"/><text><status value="generated"/><div xmlns="http://www.w3.org/1999/xhtml"><p>This case-sensitive code system <code>https://interoperabilidad.minsal.cl/fhir/ig/tei/CodeSystem/CSViasAdmin</code> defines the following codes:</p><table class="codes"><tr><td style="white-space:nowrap"><b>Code</b></td><td><b>Display</b></td></tr><tr><td style="white-space:nowrap">26643006<a name="CSViasAdmin-26643006"> </a></td><td>vía Oral route (calificador)</td></tr><tr><td style="white-space:nowrap">46713006<a name="CSViasAdmin-46713006"> </a></td><td>vía de administración en cavidad nasal (calificador)</td></tr><tr><td style="white-space:nowrap">404820008<a name="CSViasAdmin-404820008"> </a></td><td>vía de administración en el espacio epidural que rodea a la duramadre (calificador)</td></tr><tr><td style="white-space:nowrap">418136008<a name="CSViasAdmin-418136008"> </a></td><td>vía de administración a través de estoma gastrointestinal (calificador)</td></tr><tr><td style="white-space:nowrap">127490009<a name="CSViasAdmin-127490009"> </a></td><td>vía de administración a través de gastrostomía (calificador)</td></tr><tr><td style="white-space:nowrap">127491008<a name="CSViasAdmin-127491008"> </a></td><td>vía de administración a través de yeyunostomía (calificador)</td></tr><tr><td style="white-space:nowrap">58100008<a name="CSViasAdmin-58100008"> </a></td><td>vía de administración intrarterial (calificador)</td></tr><tr><td style="white-space:nowrap">12130007<a name="CSViasAdmin-12130007"> </a></td><td>vía de administración en una articulación (calificador)</td></tr><tr><td style="white-space:nowrap">372461007<a name="CSViasAdmin-372461007"> </a></td><td>vía de administración en lesión cavernosa (calificador)</td></tr><tr><td style="white-space:nowrap">372461008<a name="CSViasAdmin-372461008"> </a></td><td>vía de administración en lesión cavernosa (calificador)</td></tr><tr><td style="white-space:nowrap">372464004<a name="CSViasAdmin-372464004"> </a></td><td>vía de administración en la dermis (calificador)</td></tr><tr><td style="white-space:nowrap">78421000<a name="CSViasAdmin-78421000"> </a></td><td>vía de administración intramuscular (calificador)</td></tr><tr><td style="white-space:nowrap">38239002<a name="CSViasAdmin-38239002"> </a></td><td>vía de administración en la cavidad peritoneal (calificador)</td></tr><tr><td style="white-space:nowrap">72607000<a name="CSViasAdmin-72607000"> </a></td><td>vía de administración en el espacio subaracnoideo (calificador)</td></tr><tr><td style="white-space:nowrap">418892005<a name="CSViasAdmin-418892005"> </a></td><td>vía de administración en cisterna magna (calificador)</td></tr><tr><td style="white-space:nowrap">420719007<a name="CSViasAdmin-420719007"> </a></td><td>vía de administración en ventrículo cerebral (calificador)</td></tr><tr><td style="white-space:nowrap">62226000<a name="CSViasAdmin-62226000"> </a></td><td>vía de administración en la cavidad uterina (calificador)</td></tr><tr><td style="white-space:nowrap">47625008<a name="CSViasAdmin-47625008"> </a></td><td>vía de administración intravenosa (calificador)</td></tr><tr><td style="white-space:nowrap">372471009<a name="CSViasAdmin-372471009"> </a></td><td>vía de administración en la cavidad de la vejiga (calificador)</td></tr><tr><td style="white-space:nowrap">54485002<a name="CSViasAdmin-54485002"> </a></td><td>vía de administración oftálmica (calificador)</td></tr><tr><td style="white-space:nowrap">10547007<a name="CSViasAdmin-10547007"> </a></td><td>vía de administración a través del oído (calificador)</td></tr><tr><td style="white-space:nowrap">37161004<a name="CSViasAdmin-37161004"> </a></td><td>vía de administración en el recto (calificador)</td></tr><tr><td style="white-space:nowrap">127492001<a name="CSViasAdmin-127492001"> </a></td><td>vía de administración a través de la nariz hasta el estómago (calificador)</td></tr><tr><td style="white-space:nowrap">34206005<a name="CSViasAdmin-34206005"> </a></td><td>vía de administración subcutánea (calificador)</td></tr><tr><td style="white-space:nowrap">37839007<a name="CSViasAdmin-37839007"> </a></td><td>vía de administración por debajo de la lengua (calificador)</td></tr><tr><td style="white-space:nowrap">6064005<a name="CSViasAdmin-6064005"> </a></td><td>vía de administración tópica (calificador)</td></tr><tr><td style="white-space:nowrap">45890007<a name="CSViasAdmin-45890007"> </a></td><td>vía de administración a través de la dermis (calificador)</td></tr><tr><td style="white-space:nowrap">418511008<a name="CSViasAdmin-418511008"> </a></td><td>vía de administración a través de la uretra (calificador)</td></tr><tr><td style="white-space:nowrap">16857009<a name="CSViasAdmin-16857009"> </a></td><td>vía de administración por la vagina (calificador)</td></tr><tr><td style="white-space:nowrap">418722009<a name="CSViasAdmin-418722009"> </a></td><td>vía de administración alrededor del globo ocular (calificador)</td></tr><tr><td style="white-space:nowrap">419762003<a name="CSViasAdmin-419762003"> </a></td><td>vía de administración alrededor de un tendón (calificador)</td></tr><tr><td style="white-space:nowrap">418813001<a name="CSViasAdmin-418813001"> </a></td><td>vía de administración a través de drenaje quirúrgico (calificador)</td></tr><tr><td style="white-space:nowrap">372458006<a name="CSViasAdmin-372458006"> </a></td><td>vía de administración en la cavidad amniótica (calificador)</td></tr><tr><td style="white-space:nowrap">419894000<a name="CSViasAdmin-419894000"> </a></td><td>vía de administración en cavidad quirúrgica (calificador)</td></tr><tr><td style="white-space:nowrap">418162004<a name="CSViasAdmin-418162004"> </a></td><td>vía de administración a través de colostomía (calificador)</td></tr><tr><td style="white-space:nowrap">418418000<a name="CSViasAdmin-418418000"> </a></td><td>vía de administración en columna vertebral (calificador)</td></tr><tr><td style="white-space:nowrap">372460008<a name="CSViasAdmin-372460008"> </a></td><td>vía de administración en el corazón (calificador)</td></tr><tr><td style="white-space:nowrap">419243002<a name="CSViasAdmin-419243002"> </a></td><td>vía de administración a través del cuello uterino (calificador)</td></tr><tr><td style="white-space:nowrap">448598008<a name="CSViasAdmin-448598008"> </a></td><td>vía de administración cutánea (calificador)</td></tr><tr><td style="white-space:nowrap">445769006<a name="CSViasAdmin-445769006"> </a></td><td>vía de administración en el cuerpo cavernoso (calificador)</td></tr><tr><td style="white-space:nowrap">372449004<a name="CSViasAdmin-372449004"> </a></td><td>vía de administración dental (calificador)</td></tr><tr><td style="white-space:nowrap">372457001<a name="CSViasAdmin-372457001"> </a></td><td>vía de administración en la encía (calificador)</td></tr><tr><td style="white-space:nowrap">417985001<a name="CSViasAdmin-417985001"> </a></td><td>vía de administración enteral (calificador)</td></tr><tr><td style="white-space:nowrap">420163009<a name="CSViasAdmin-420163009"> </a></td><td>vía de administración a través de esofagostomía (calificador)</td></tr><tr><td style="white-space:nowrap">697971008<a name="CSViasAdmin-697971008"> </a></td><td>vía de administración a través de fístula arteriovenosa (calificador)</td></tr><tr><td style="white-space:nowrap">447121004<a name="CSViasAdmin-447121004"> </a></td><td>vía de administración en la glándula mamaria (calificador)</td></tr><tr><td style="white-space:nowrap">766790006<a name="CSViasAdmin-766790006"> </a></td><td>vía de hemodiálisis extracorpórea (calificador)</td></tr><tr><td style="white-space:nowrap">418401004<a name="CSViasAdmin-418401004"> </a></td><td>vía de administración en el humor vítreo (calificador)</td></tr><tr><td style="white-space:nowrap">419954003<a name="CSViasAdmin-419954003"> </a></td><td>vía de administración a través de ileostomía (calificador)</td></tr><tr><td style="white-space:nowrap">372459003<a name="CSViasAdmin-372459003"> </a></td><td>vía de administración en una bolsa serosa (calificador)</td></tr><tr><td style="white-space:nowrap">58771000052103<a name="CSViasAdmin-58771000052103"> </a></td><td>vía intracolangiopancreática (calificador)</td></tr><tr><td style="white-space:nowrap">429817007<a name="CSViasAdmin-429817007"> </a></td><td>vía de administración en el intersticio de un tejido (calificador)</td></tr><tr><td style="white-space:nowrap">418608002<a name="CSViasAdmin-418608002"> </a></td><td>vía de administración en la córnea (calificador)</td></tr><tr><td style="white-space:nowrap">711360002<a name="CSViasAdmin-711360002"> </a></td><td>vía intraneural (calificador)</td></tr><tr><td style="white-space:nowrap">446442000<a name="CSViasAdmin-446442000"> </a></td><td>vía de administración a través de la placenta (calificador)</td></tr><tr><td style="white-space:nowrap">60213007<a name="CSViasAdmin-60213007"> </a></td><td>vía de administración en médula ósea (calificador)</td></tr><tr><td style="white-space:nowrap">418730005<a name="CSViasAdmin-418730005"> </a></td><td>vía de administración a través de la nariz hasta el yeyuno (calificador)</td></tr><tr><td style="white-space:nowrap">428191002<a name="CSViasAdmin-428191002"> </a></td><td>vía de administración a través de la piel (calificador)</td></tr><tr><td style="white-space:nowrap">372474001<a name="CSViasAdmin-372474001"> </a></td><td>vía de administración en tejidos que rodean una articulación (calificador)</td></tr><tr><td style="white-space:nowrap">445771006<a name="CSViasAdmin-445771006"> </a></td><td>vía de administración en pericardio (calificador)</td></tr><tr><td style="white-space:nowrap">372475000<a name="CSViasAdmin-372475000"> </a></td><td>vía de administración en el tejido que rodea a un nervio (calificador)</td></tr><tr><td style="white-space:nowrap">420047004<a name="CSViasAdmin-420047004"> </a></td><td>vía de administración en el periostio (calificador)</td></tr><tr><td style="white-space:nowrap">372469009<a name="CSViasAdmin-372469009"> </a></td><td>vía de administración en pleura o espacio pleural (calificador)</td></tr><tr><td style="white-space:nowrap">418321004<a name="CSViasAdmin-418321004"> </a></td><td>vía de administración retrobulbar (calificador)</td></tr><tr><td style="white-space:nowrap">58831000052108<a name="CSViasAdmin-58831000052108"> </a></td><td>vía subretiniana (calificador)</td></tr><tr><td style="white-space:nowrap">447081004<a name="CSViasAdmin-447081004"> </a></td><td>vía de administración en el tracto respiratorio inferior (calificador)</td></tr><tr><td style="white-space:nowrap">447227007<a name="CSViasAdmin-447227007"> </a></td><td>vía de administración a través del tímpano (calificador)</td></tr><tr><td style="white-space:nowrap">447122006<a name="CSViasAdmin-447122006"> </a></td><td>vía de administración en un tumor (calificador)</td></tr><tr><td style="white-space:nowrap">420168000<a name="CSViasAdmin-420168000"> </a></td><td>vía de administración a través urostomía (calificador)</td></tr><tr><td style="white-space:nowrap">372463005<a name="CSViasAdmin-372463005"> </a></td><td>vía de administración en vaso coronario (calificador)</td></tr><tr><td style="white-space:nowrap">372467006<a name="CSViasAdmin-372467006"> </a></td><td>vía de administración en vaso o ganglio linfático (calificador)</td></tr><tr><td style="white-space:nowrap">404819002<a name="CSViasAdmin-404819002"> </a></td><td>vía de administración en la bilis o las vías biliares (calificador)</td></tr></table></div></text><url value="https://interoperabilidad.minsal.cl/fhir/ig/tei/CodeSystem/CSViasAdmin"/><version value="0.2.0"/><name value="CSViasAdmin"/><title value="Vías de Administración"/><status value="active"/><experimental value="false"/><date value="2022-01-18T00:00:00-03:00"/><publisher value="Unidad de Interoperabilidad - MINSAL"/><contact><name value="Unidad de Interoperabilidad - MINSAL"/><telecom><system value="url"/><value value="https://interoperabilidad.minsal.cl"/></telecom></contact><description value="Vías de Administración de SNOMED-CT utilizadas para el Sistema Nacional de Receta Electrónica"/><jurisdiction><coding><system value="urn:iso:std:iso:3166"/><code value="CL"/><display value="Chile"/></coding></jurisdiction><caseSensitive value="true"/><content value="complete"/><count value="72"/><concept><code value="26643006"/><display value="vía Oral route (calificador)"/></concept><concept><code value="46713006"/><display value="vía de administración en cavidad nasal (calificador)"/></concept><concept><code value="404820008"/><display value="vía de administración en el espacio epidural que rodea a la duramadre (calificador)"/></concept><concept><code value="418136008"/><display value="vía de administración a través de estoma gastrointestinal (calificador)"/></concept><concept><code value="127490009"/><display value="vía de administración a través de gastrostomía (calificador)"/></concept><concept><code value="127491008"/><display value="vía de administración a través de yeyunostomía (calificador)"/></concept><concept><code value="58100008"/><display value="vía de administración intrarterial (calificador)"/></concept><concept><code value="12130007"/><display value="vía de administración en una articulación (calificador)"/></concept><concept><code value="372461007"/><display value="vía de administración en lesión cavernosa (calificador)"/></concept><concept><code value="372461008"/><display value="vía de administración en lesión cavernosa (calificador)"/></concept><concept><code value="372464004"/><display value="vía de administración en la dermis (calificador)"/></concept><concept><code value="78421000"/><display value="vía de administración intramuscular (calificador)"/></concept><concept><code value="38239002"/><display value="vía de administración en la cavidad peritoneal (calificador)"/></concept><concept><code value="72607000"/><display value="vía de administración en el espacio subaracnoideo (calificador)"/></concept><concept><code value="418892005"/><display value="vía de administración en cisterna magna (calificador)"/></concept><concept><code value="420719007"/><display value="vía de administración en ventrículo cerebral (calificador)"/></concept><concept><code value="62226000"/><display value="vía de administración en la cavidad uterina (calificador)"/></concept><concept><code value="47625008"/><display value="vía de administración intravenosa (calificador)"/></concept><concept><code value="372471009"/><display value="vía de administración en la cavidad de la vejiga (calificador)"/></concept><concept><code value="54485002"/><display value="vía de administración oftálmica (calificador)"/></concept><concept><code value="10547007"/><display value="vía de administración a través del oído (calificador)"/></concept><concept><code value="37161004"/><display value="vía de administración en el recto (calificador)"/></concept><concept><code value="127492001"/><display value="vía de administración a través de la nariz hasta el estómago (calificador)"/></concept><concept><code value="34206005"/><display value="vía de administración subcutánea (calificador)"/></concept><concept><code value="37839007"/><display value="vía de administración por debajo de la lengua (calificador)"/></concept><concept><code value="6064005"/><display value="vía de administración tópica (calificador)"/></concept><concept><code value="45890007"/><display value="vía de administración a través de la dermis (calificador)"/></concept><concept><code value="418511008"/><display value="vía de administración a través de la uretra (calificador)"/></concept><concept><code value="16857009"/><display value="vía de administración por la vagina (calificador)"/></concept><concept><code value="418722009"/><display value="vía de administración alrededor del globo ocular (calificador)"/></concept><concept><code value="419762003"/><display value="vía de administración alrededor de un tendón (calificador)"/></concept><concept><code value="418813001"/><display value="vía de administración a través de drenaje quirúrgico (calificador)"/></concept><concept><code value="372458006"/><display value="vía de administración en la cavidad amniótica (calificador)"/></concept><concept><code value="419894000"/><display value="vía de administración en cavidad quirúrgica (calificador)"/></concept><concept><code value="418162004"/><display value="vía de administración a través de colostomía (calificador)"/></concept><concept><code value="418418000"/><display value="vía de administración en columna vertebral (calificador)"/></concept><concept><code value="372460008"/><display value="vía de administración en el corazón (calificador)"/></concept><concept><code value="419243002"/><display value="vía de administración a través del cuello uterino (calificador)"/></concept><concept><code value="448598008"/><display value="vía de administración cutánea (calificador)"/></concept><concept><code value="445769006"/><display value="vía de administración en el cuerpo cavernoso (calificador)"/></concept><concept><code value="372449004"/><display value="vía de administración dental (calificador)"/></concept><concept><code value="372457001"/><display value="vía de administración en la encía (calificador)"/></concept><concept><code value="417985001"/><display value="vía de administración enteral (calificador)"/></concept><concept><code value="420163009"/><display value="vía de administración a través de esofagostomía (calificador)"/></concept><concept><code value="697971008"/><display value="vía de administración a través de fístula arteriovenosa (calificador)"/></concept><concept><code value="447121004"/><display value="vía de administración en la glándula mamaria (calificador)"/></concept><concept><code value="766790006"/><display value="vía de hemodiálisis extracorpórea (calificador)"/></concept><concept><code value="418401004"/><display value="vía de administración en el humor vítreo (calificador)"/></concept><concept><code value="419954003"/><display value="vía de administración a través de ileostomía (calificador)"/></concept><concept><code value="372459003"/><display value="vía de administración en una bolsa serosa (calificador)"/></concept><concept><code value="58771000052103"/><display value="vía intracolangiopancreática (calificador)"/></concept><concept><code value="429817007"/><display value="vía de administración en el intersticio de un tejido (calificador)"/></concept><concept><code value="418608002"/><display value="vía de administración en la córnea (calificador)"/></concept><concept><code value="711360002"/><display value="vía intraneural (calificador)"/></concept><concept><code value="446442000"/><display value="vía de administración a través de la placenta (calificador)"/></concept><concept><code value="60213007"/><display value="vía de administración en médula ósea (calificador)"/></concept><concept><code value="418730005"/><display value="vía de administración a través de la nariz hasta el yeyuno (calificador)"/></concept><concept><code value="428191002"/><display value="vía de administración a través de la piel (calificador)"/></concept><concept><code value="372474001"/><display value="vía de administración en tejidos que rodean una articulación (calificador)"/></concept><concept><code value="445771006"/><display value="vía de administración en pericardio (calificador)"/></concept><concept><code value="372475000"/><display value="vía de administración en el tejido que rodea a un nervio (calificador)"/></concept><concept><code value="420047004"/><display value="vía de administración en el periostio (calificador)"/></concept><concept><code value="372469009"/><display value="vía de administración en pleura o espacio pleural (calificador)"/></concept><concept><code value="418321004"/><display value="vía de administración retrobulbar (calificador)"/></concept><concept><code value="58831000052108"/><display value="vía subretiniana (calificador)"/></concept><concept><code value="447081004"/><display value="vía de administración en el tracto respiratorio inferior (calificador)"/></concept><concept><code value="447227007"/><display value="vía de administración a través del tímpano (calificador)"/></concept><concept><code value="447122006"/><display value="vía de administración en un tumor (calificador)"/></concept><concept><code value="420168000"/><display value="vía de administración a través urostomía (calificador)"/></concept><concept><code value="372463005"/><display value="vía de administración en vaso coronario (calificador)"/></concept><concept><code value="372467006"/><display value="vía de administración en vaso o ganglio linfático (calificador)"/></concept><concept><code value="404819002"/><display value="vía de administración en la bilis o las vías biliares (calificador)"/></concept></CodeSystem>