"Id","Path","Slice Name","Alias(s)","Label","Min","Max","Must Support?","Is Modifier?","Is Summary?","Type(s)","Short","Definition","Comments","Requirements","Default Value","Meaning When Missing","Fixed Value","Pattern","Example","Minimum Value","Maximum Value","Maximum Length","Binding Strength","Binding Description","Binding Value Set","Code","Slicing Discriminator","Slicing Description","Slicing Ordered","Slicing Rules","Base Path","Base Min","Base Max","Condition(s)","Constraint(s)","Mapping: RIM Mapping","Mapping: FiveWs Pattern Mapping","Mapping: HL7 v2 Mapping"
"AllergyIntolerance","AllergyIntolerance","","Allergy
IntoleranceAdverse Reaction","",0,*,"","","","null {[]} {[]}
","Allergy or Intolerance (generally: Risk of adverse reaction to a substance)","Risk of harmful or undesirable, physiological response which is unique to an individual and associated with exposure to a substance.","Substances include, but are not limited to: a therapeutic substance administered correctly at an appropriate dosage for the individual; food; material derived from plants or animals; or venom from insect stings.","","","","","","","","",,,,,"",,,,"AllergyIntolerance",0,*,"","ait-1:AllergyIntolerance.clinicalStatus SHALL be present if verificationStatus is not entered-in-error. {verificationStatus.coding.where(system = 'http://terminology.hl7.org/CodeSystem/allergyintolerance-verification' and code = 'entered-in-error').exists() or clinicalStatus.exists()}
ait-2:AllergyIntolerance.clinicalStatus SHALL NOT be present if verification Status is entered-in-error {verificationStatus.coding.where(system = 'http://terminology.hl7.org/CodeSystem/allergyintolerance-verification' and code = 'entered-in-error').empty() or clinicalStatus.empty()}dom-2:If the resource is contained in another resource, it SHALL NOT contain nested Resources {contained.contained.empty()}dom-3:If the resource is contained in another resource, it SHALL be referred to from elsewhere in the resource or SHALL refer to the containing resource {contained.where((('#'+id in (%resource.descendants().reference | %resource.descendants().as(canonical) | %resource.descendants().as(uri) | %resource.descendants().as(url))) or descendants().where(reference = '#').exists() or descendants().where(as(canonical) = '#').exists() or descendants().where(as(canonical) = '#').exists()).not()).trace('unmatched', id).empty()}dom-4:If a resource is contained in another resource, it SHALL NOT have a meta.versionId or a meta.lastUpdated {contained.meta.versionId.empty() and contained.meta.lastUpdated.empty()}dom-5:If a resource is contained in another resource, it SHALL NOT have a security label {contained.meta.security.empty()}dom-6:A resource should have narrative for robust management {text.`div`.exists()}","Entity. Role, or Act","Observation[classCode=OBS, moodCode=EVN]"
"AllergyIntolerance.id","AllergyIntolerance.id","","","",0,1,"","","Y","id {[]} {[]}
","Logical id of this artifact","The logical id of the resource, as used in the URL for the resource. Once assigned, this value never changes.","The only time that a resource does not have an id is when it is being submitted to the server using a create operation.","","","","","","","","",,,,,"",,,,"Resource.id",0,1,"",""
"AllergyIntolerance.meta","AllergyIntolerance.meta","","","",0,1,"","","Y","Meta {[]} {[]}
","Metadata about the resource","The metadata about the resource. This is content that is maintained by the infrastructure. Changes to the content might not always be associated with version changes to the resource.","","","","","","","","","",,,,,"",,,,"Resource.meta",0,1,"","ele-1:All FHIR elements must have a @value or children {hasValue() or (children().count() > id.count())}
"
"AllergyIntolerance.implicitRules","AllergyIntolerance.implicitRules","","","",0,1,"","Y","Y","uri {[]} {[]}
","A set of rules under which this content was created","A reference to a set of rules that were followed when the resource was constructed, and which must be understood when processing the content. Often, this is a reference to an implementation guide that defines the special rules along with other profiles etc.","Asserting this rule set restricts the content to be only understood by a limited set of trading partners. This inherently limits the usefulness of the data in the long term. However, the existing health eco-system is highly fractured, and not yet ready to define, collect, and exchange data in a generally computable sense. Wherever possible, implementers and/or specification writers should avoid using this element. Often, when used, the URL is a reference to an implementation guide that defines these special rules as part of it's narrative along with other profiles, value sets, etc.","","","","","","","","",,,,,"",,,,"Resource.implicitRules",0,1,"","ele-1:All FHIR elements must have a @value or children {hasValue() or (children().count() > id.count())}
"
"AllergyIntolerance.language","AllergyIntolerance.language","","","",0,1,"","","","code {[]} {[]}
","Language of the resource content","The base language in which the resource is written.","Language is provided to support indexing and accessibility (typically, services such as text to speech use the language tag). The html language tag in the narrative applies  to the narrative. The language tag on the resource may be used to specify the language of other presentations generated from the data in the resource. Not all the content has to be in the base language. The Resource.language should not be assumed to apply to the narrative automatically. If a language is specified, it should it also be specified on the div element in the html (see rules in HTML5 for information about the relationship between xml:lang and the html lang attribute).","","","","","","","","",,"preferred","A human language.","http://hl7.org/fhir/ValueSet/languages","",,,,"Resource.language",0,1,"","ele-1:All FHIR elements must have a @value or children {hasValue() or (children().count() > id.count())}
"
"AllergyIntolerance.text","AllergyIntolerance.text","","narrative
htmlxhtmldisplay","",0,1,"","","","Narrative {[]} {[]}
","Text summary of the resource, for human interpretation","A human-readable narrative that contains a summary of the resource and can be used to represent the content of the resource to a human. The narrative need not encode all the structured data, but is required to contain sufficient detail to make it ""clinically safe"" for a human to just read the narrative. Resource definitions may define what content should be represented in the narrative to ensure clinical safety.","Contained resources do not have narrative. Resources that are not contained SHOULD have a narrative. In some cases, a resource may only have text with little or no additional discrete data (as long as all minOccurs=1 elements are satisfied).  This may be necessary for data from legacy systems where information is captured as a ""text blob"" or where text is additionally entered raw or narrated and encoded information is added later.","","","","","","","","",,,,,"",,,,"DomainResource.text",0,1,"","ele-1:All FHIR elements must have a @value or children {hasValue() or (children().count() > id.count())}
","Act.text?"
"AllergyIntolerance.contained","AllergyIntolerance.contained","","inline resources
anonymous resourcescontained resources","",0,*,"","","","Resource {[]} {[]}
","Contained, inline Resources","These resources do not have an independent existence apart from the resource that contains them - they cannot be identified independently, and nor can they have their own independent transaction scope.","This should never be done when the content can be identified properly, as once identification is lost, it is extremely difficult (and context dependent) to restore it again. Contained resources may have profiles and tags In their meta elements, but SHALL NOT have security labels.","","","","","","","","",,,,,"",,,,"DomainResource.contained",0,*,"","","N/A"
"AllergyIntolerance.extension","AllergyIntolerance.extension","","extensions
user content","",0,*,"","","","Extension {[]} {[]}
","Additional content defined by implementations","May be used to represent additional information that is not part of the basic definition of the resource. To make the use of extensions safe and manageable, there is a strict set of governance  applied to the definition and use of extensions. Though any implementer can define an extension, there is a set of requirements that SHALL be met as part of the definition of the extension.","There can be no stigma associated with the use of extensions by any application, project, or standard - regardless of the institution or jurisdiction that uses or defines the extensions.  The use of extensions is what allows the FHIR specification to retain a core level of simplicity for everyone.","","","","","","","","",,,,,"",,,,"DomainResource.extension",0,*,"","ele-1:All FHIR elements must have a @value or children {hasValue() or (children().count() > id.count())}
ext-1:Must have either extensions or value[x], not both {extension.exists() != value.exists()}","N/A"
"AllergyIntolerance.modifierExtension","AllergyIntolerance.modifierExtension","","extensions
user content","",0,*,"","Y","","Extension {[]} {[]}
","Extensions that cannot be ignored","May be used to represent additional information that is not part of the basic definition of the resource and that modifies the understanding of the element that contains it and/or the understanding of the containing element's descendants. Usually modifier elements provide negation or qualification. To make the use of extensions safe and manageable, there is a strict set of governance applied to the definition and use of extensions. Though any implementer is allowed to define an extension, there is a set of requirements that SHALL be met as part of the definition of the extension. Applications processing a resource are required to check for modifier extensions.

Modifier extensions SHALL NOT change the meaning of any elements on Resource or DomainResource (including cannot change the meaning of modifierExtension itself).","There can be no stigma associated with the use of extensions by any application, project, or standard - regardless of the institution or jurisdiction that uses or defines the extensions.  The use of extensions is what allows the FHIR specification to retain a core level of simplicity for everyone.","Modifier extensions allow for extensions that *cannot* be safely ignored to be clearly distinguished from the vast majority of extensions which can be safely ignored.  This promotes interoperability by eliminating the need for implementers to prohibit the presence of extensions. For further information, see the [definition of modifier extensions](http://hl7.org/fhir/R4/extensibility.html#modifierExtension).","","","","","","","",,,,,"",,,,"DomainResource.modifierExtension",0,*,"","ele-1:All FHIR elements must have a @value or children {hasValue() or (children().count() > id.count())}
ext-1:Must have either extensions or value[x], not both {extension.exists() != value.exists()}","N/A"
"AllergyIntolerance.identifier","AllergyIntolerance.identifier","","","",0,*,"","","Y","Identifier {[]} {[]}
","External ids for this item","Business identifiers assigned to this AllergyIntolerance by the performer or other systems which remain constant as the resource is updated and propagates from server to server.","This is a business identifier, not a resource identifier (see [discussion](http://hl7.org/fhir/R4/resource.html#identifiers)).  It is best practice for the identifier to only appear on a single resource instance, however business practices may occasionally dictate that multiple resource instances with the same identifier can exist - possibly even with different resource types.  For example, multiple Patient and a Person resource instance might share the same social insurance number.","Allows identification of the AllergyIntolerance as it is known by various participating systems and in a way that remains consistent across servers.","","","","","","","",,,,,"",,,,"AllergyIntolerance.identifier",0,*,"","ele-1:All FHIR elements must have a @value or children {hasValue() or (children().count() > id.count())}
","id","FiveWs.identifier","IAM-7"
"AllergyIntolerance.clinicalStatus","AllergyIntolerance.clinicalStatus","","","",0,1,"Y","Y","Y","CodeableConcept {[]} {[]}
","active | inactive | resolved","Estado clínico de la alergía o la intolerancia","Refer to [discussion](http://hl7.org/fhir/R4/extensibility.html#Special-Case) if clincalStatus is missing data.
The data type is CodeableConcept because clinicalStatus has some clinical judgment involved, such that there might need to be more specificity than the required FHIR value set allows. For example, a SNOMED coding might allow for additional specificity.","","","","","","","","",,"required","The clinical status of the allergy or intolerance.","http://hl7.org/fhir/ValueSet/allergyintolerance-clinical|4.0.1","",,,,"AllergyIntolerance.clinicalStatus",0,1,"ait-1
ait-2","ele-1:All FHIR elements must have a @value or children {hasValue() or (children().count() > id.count())}
","Observation ACT .inboundRelationship[typeCode=COMP].source[classCode=OBS, code=""clinicalStatus"", moodCode=EVN].value","FiveWs.status"
"AllergyIntolerance.verificationStatus","AllergyIntolerance.verificationStatus","","","",0,1,"Y","Y","Y","CodeableConcept {[]} {[]}
","unconfirmed | confirmed | refuted | entered-in-error","Estado de verificación de la alergía o la intolerancia","The data type is CodeableConcept because verificationStatus has some clinical judgment involved, such that there might need to be more specificity than the required FHIR value set allows. For example, a SNOMED coding might allow for additional specificity.","","","","","","","","",,"required","Assertion about certainty associated with a propensity, or potential risk, of a reaction to the identified substance.","http://hl7.org/fhir/ValueSet/allergyintolerance-verification|4.0.1","",,,,"AllergyIntolerance.verificationStatus",0,1,"ait-1
ait-2","ele-1:All FHIR elements must have a @value or children {hasValue() or (children().count() > id.count())}
","Observation ACT .inboundRelationship[typeCode=COMP].source[classCode=OBS, code=""verificationStatus"", moodCode=EVN].value","FiveWs.status"
"AllergyIntolerance.type","AllergyIntolerance.type","","Category
Class","",0,1,"","","Y","code {[]} {[]}
","allergy | intolerance - Underlying mechanism (if known)","Identification of the underlying physiological mechanism for the reaction risk.","Allergic (typically immune-mediated) reactions have been traditionally regarded as an indicator for potential escalation to significant future risk. Contemporary knowledge suggests that some reactions previously thought to be immune-mediated are, in fact, non-immune, but in some cases can still pose a life threatening risk. It is acknowledged that many clinicians might not be in a position to distinguish the mechanism of a particular reaction. Often the term ""allergy"" is used rather generically and may overlap with the use of ""intolerance"" - in practice the boundaries between these two concepts might not be well-defined or understood. This data element is included nevertheless, because many legacy systems have captured this attribute. Immunologic testing may provide supporting evidence for the basis of the reaction and the causative substance, but no tests are 100% sensitive or specific for sensitivity to a particular substance. If, as is commonly the case, it is unclear whether the reaction is due to an allergy or an intolerance, then the type element should be omitted from the resource.","","","","","","","","",,"required","Identification of the underlying physiological mechanism for a Reaction Risk.","http://hl7.org/fhir/ValueSet/allergy-intolerance-type|4.0.1","",,,,"AllergyIntolerance.type",0,1,"","ele-1:All FHIR elements must have a @value or children {hasValue() or (children().count() > id.count())}
","code","FiveWs.class","IAM-9"
"AllergyIntolerance.category","AllergyIntolerance.category","","Category
TypeReaction TypeClass","",0,*,"","","Y","code {[]} {[]}
","food | medication | environment | biologic","Category of the identified substance.","This data element has been included because it is currently being captured in some clinical systems. This data can be derived from the substance where coding systems are used, and is effectively redundant in that situation.  When searching on category, consider the implications of AllergyIntolerance resources without a category.  For example, when searching on category = medication, medication allergies that don't have a category valued will not be returned.  Refer to [search](http://hl7.org/fhir/R4/search.html) for more information on how to search category with a :missing modifier to get allergies that don't have a category.  Additionally, category should be used with caution because category can be subjective based on the sender.","","","","","","","","",,"required","Category of an identified substance associated with allergies or intolerances.","http://hl7.org/fhir/ValueSet/allergy-intolerance-category|4.0.1","",,,,"AllergyIntolerance.category",0,*,"","ele-1:All FHIR elements must have a @value or children {hasValue() or (children().count() > id.count())}
","value < IntoleranceValue (Agent)","FiveWs.class","AL1-2"
"AllergyIntolerance.criticality","AllergyIntolerance.criticality","","Severity
SeriousnessContra-indicationRisk","",0,1,"","","Y","code {[]} {[]}
","low | high | unable-to-assess","Estimate of the potential clinical harm, or seriousness, of the reaction to the identified substance.","The default criticality value for any propensity to an adverse reaction should be 'Low Risk', indicating at the very least a relative contraindication to deliberate or voluntary exposure to the substance. 'High Risk' is flagged if the clinician has identified a propensity for a more serious or potentially life-threatening reaction, such as anaphylaxis, and implies an absolute contraindication to deliberate or voluntary exposure to the substance. If this element is missing, the criticality is unknown (though it may be known elsewhere).  Systems that capture a severity at the condition level are actually representing the concept of criticality whereas the severity documented at the reaction level is representing the true reaction severity.  Existing systems that are capturing both condition criticality and reaction severity may use the term ""severity"" to represent both.  Criticality is the worst it could be in the future (i.e. situation-agnostic) whereas severity is situation-dependent.","","","","","","","","",,"required","Estimate of the potential clinical harm, or seriousness, of a reaction to an identified substance.","http://hl7.org/fhir/ValueSet/allergy-intolerance-criticality|4.0.1","",,,,"AllergyIntolerance.criticality",0,1,"","ele-1:All FHIR elements must have a @value or children {hasValue() or (children().count() > id.count())}
","inboundRelationship[typeCode=SUBJ].source[classCode=OBS, moodCode=EVN, code=SEV, value <= SeverityObservation (Severity Level)]","FiveWs.grade","AL1-4"
"AllergyIntolerance.code","AllergyIntolerance.code","","Code
","",1,1,"Y","","Y","CodeableConcept {[]} {[]}
","Seccion para identificar la alergia o intolerancia del paciente","Code for an allergy or intolerance statement (either a positive or a negated/excluded statement).  This may be a code for a substance or pharmaceutical product that is considered to be responsible for the adverse reaction risk (e.g., ""Latex""), an allergy or intolerance condition (e.g., ""Latex allergy""), or a negated/excluded code for a specific substance or class (e.g., ""No latex allergy"") or a general or categorical negated statement (e.g.,  ""No known allergy"", ""No known drug allergies"").  Note: the substance for a specific reaction may be different from the substance identified as the cause of the risk, but it must be consistent with it. For instance, it may be a more specific substance (e.g. a brand medication) or a composite product that includes the identified substance. It must be clinically safe to only process the 'code' and ignore the 'reaction.substance'.  If a receiving system is unable to confirm that AllergyIntolerance.reaction.substance falls within the semantic scope of AllergyIntolerance.code, then the receiving system should ignore AllergyIntolerance.reaction.substance.","It is strongly recommended that this element be populated using a terminology, where possible. For example, some terminologies used include RxNorm, SNOMED CT, DM+D, NDFRT, ICD-9, IDC-10, UNII, and ATC. Plain text should only be used if there is no appropriate terminology available. Additional details can be specified in the text.When a substance or product code is specified for the 'code' element, the ""default"" semantic context is that this is a positive statement of an allergy or intolerance (depending on the value of the 'type' element, if present) condition to the specified substance/product.  In the corresponding SNOMED CT allergy model, the specified substance/product is the target (destination) of the ""Causative agent"" relationship.The 'substanceExposureRisk' extension is available as a structured and more flexible alternative to the 'code' element for making positive or negative allergy or intolerance statements.  This extension provides the capability to make ""no known allergy"" (or ""no risk of adverse reaction"") statements regarding any coded substance/product (including cases when a pre-coordinated ""no allergy to x"" concept for that substance/product does not exist).  If the 'substanceExposureRisk' extension is present, the AllergyIntolerance.code element SHALL be omitted.","","","","","","","","",,"required","","http://hl7.org/fhir/ValueSet/allergyintolerance-code","",,,,"AllergyIntolerance.code",0,1,"","ele-1:All FHIR elements must have a @value or children {hasValue() or (children().count() > id.count())}
","substance/product:.participation[typeCode=CAGNT].role[classCode=ADMM].player[classCode=MAT, determinerCode=KIND, code <= ExposureAgentEntityType]negated/excluded substance/product:.participation[typeCode=CAGNT, negationInd=true].role[classCode=ADMM].player[classCode=MAT, determinerCode=KIND, code <= ExposureAgentEntityType]positive or negated/excluded condition/situation:Observation.code=ASSERTION; Observation.value","FiveWs.what[x]","AL1-3 / IAM-3"
"AllergyIntolerance.code.id","AllergyIntolerance.code.id","","","",0,1,"","","","string {[]} {[]}
","Unique id for inter-element referencing","Unique id for the element within a resource (for internal references). This may be any string value that does not contain spaces.","","","","","","","","","",,,,,"",,,,"Element.id",0,1,"","","n/a"
"AllergyIntolerance.code.extension","AllergyIntolerance.code.extension","","extensions
user content","",0,*,"","","","Extension {[]} {[]}
","Additional content defined by implementations","May be used to represent additional information that is not part of the basic definition of the element. To make the use of extensions safe and manageable, there is a strict set of governance  applied to the definition and use of extensions. Though any implementer can define an extension, there is a set of requirements that SHALL be met as part of the definition of the extension.","There can be no stigma associated with the use of extensions by any application, project, or standard - regardless of the institution or jurisdiction that uses or defines the extensions.  The use of extensions is what allows the FHIR specification to retain a core level of simplicity for everyone.","","","","","","","","",,,,,"","value:url}
","Extensions are always sliced by (at least) url",,"open","Element.extension",0,*,"","ele-1:All FHIR elements must have a @value or children {hasValue() or (children().count() > id.count())}
ext-1:Must have either extensions or value[x], not both {extension.exists() != value.exists()}","n/a"
"AllergyIntolerance.code.coding","AllergyIntolerance.code.coding","","","",1,1,"Y","","Y","Coding {[]} {[]}
","Code defined by a terminology system","A reference to a code defined by a terminology system.","Codes may be defined very casually in enumerations, or code lists, up to very formal definitions such as SNOMED CT - see the HL7 v3 Core Principles for more information.  Ordering of codings is undefined and SHALL NOT be used to infer meaning. Generally, at most only one of the coding values will be labeled as UserSelected = true.","Allows for alternative encodings within a code system, and translations to other code systems.","","","","","","","",,,,,"",,,,"CodeableConcept.coding",0,*,"","ele-1:All FHIR elements must have a @value or children {hasValue() or (children().count() > id.count())}
","union(., ./translation)","C*E.1-8, C*E.10-22"
"AllergyIntolerance.code.coding.id","AllergyIntolerance.code.coding.id","","","",0,1,"","","","string {[]} {[]}
","Unique id for inter-element referencing","Unique id for the element within a resource (for internal references). This may be any string value that does not contain spaces.","","","","","","","","","",,,,,"",,,,"Element.id",0,1,"","","n/a"
"AllergyIntolerance.code.coding.extension","AllergyIntolerance.code.coding.extension","","extensions
user content","",0,*,"","","","Extension {[]} {[]}
","Additional content defined by implementations","May be used to represent additional information that is not part of the basic definition of the element. To make the use of extensions safe and manageable, there is a strict set of governance  applied to the definition and use of extensions. Though any implementer can define an extension, there is a set of requirements that SHALL be met as part of the definition of the extension.","There can be no stigma associated with the use of extensions by any application, project, or standard - regardless of the institution or jurisdiction that uses or defines the extensions.  The use of extensions is what allows the FHIR specification to retain a core level of simplicity for everyone.","","","","","","","","",,,,,"","value:url}
","Extensions are always sliced by (at least) url",,"open","Element.extension",0,*,"","ele-1:All FHIR elements must have a @value or children {hasValue() or (children().count() > id.count())}
ext-1:Must have either extensions or value[x], not both {extension.exists() != value.exists()}","n/a"
"AllergyIntolerance.code.coding.system","AllergyIntolerance.code.coding.system","","","",0,1,"Y","","Y","uri {[]} {[]}
","Identity of the terminology system","The identification of the code system that defines the meaning of the symbol in the code.","The URI may be an OID (urn:oid:...) or a UUID (urn:uuid:...).  OIDs and UUIDs SHALL be references to the HL7 OID registry. Otherwise, the URI should come from HL7's list of FHIR defined special URIs or it should reference to some definition that establishes the system clearly and unambiguously.","Need to be unambiguous about the source of the definition of the symbol.","","","","","","","",,,,,"",,,,"Coding.system",0,1,"","ele-1:All FHIR elements must have a @value or children {hasValue() or (children().count() > id.count())}
","./codeSystem","C*E.3"
"AllergyIntolerance.code.coding.version","AllergyIntolerance.code.coding.version","","","",0,1,"","","Y","string {[]} {[]}
","Version of the system - if relevant","The version of the code system which was used when choosing this code. Note that a well-maintained code system does not need the version reported, because the meaning of codes is consistent across versions. However this cannot consistently be assured, and when the meaning is not guaranteed to be consistent, the version SHOULD be exchanged.","Where the terminology does not clearly define what string should be used to identify code system versions, the recommendation is to use the date (expressed in FHIR date format) on which that version was officially published as the version date.","","","","","","","","",,,,,"",,,,"Coding.version",0,1,"","ele-1:All FHIR elements must have a @value or children {hasValue() or (children().count() > id.count())}
","./codeSystemVersion","C*E.7"
"AllergyIntolerance.code.coding.code","AllergyIntolerance.code.coding.code","","","",1,1,"Y","","Y","code {[]} {[]}
","Symbol in syntax defined by the system","A symbol in syntax defined by the system. The symbol may be a predefined code or an expression in a syntax defined by the coding system (e.g. post-coordination).","","Need to refer to a particular code in the system.","","","","","","","",,,,,"",,,,"Coding.code",0,1,"","ele-1:All FHIR elements must have a @value or children {hasValue() or (children().count() > id.count())}
","./code","C*E.1"
"AllergyIntolerance.code.coding.display","AllergyIntolerance.code.coding.display","","","",0,1,"Y","","Y","string {[]} {[]}
","Representation defined by the system","A representation of the meaning of the code in the system, following the rules of the system.","","Need to be able to carry a human-readable meaning of the code for readers that do not know  the system.","","","","","","","",,,,,"",,,,"Coding.display",0,1,"","ele-1:All FHIR elements must have a @value or children {hasValue() or (children().count() > id.count())}
","CV.displayName","C*E.2 - but note this is not well followed"
"AllergyIntolerance.code.coding.userSelected","AllergyIntolerance.code.coding.userSelected","","","",0,1,"","","Y","boolean {[]} {[]}
","If this coding was chosen directly by the user","Indicates that this coding was chosen by a user directly - e.g. off a pick list of available items (codes or displays).","Amongst a set of alternatives, a directly chosen code is the most appropriate starting point for new translations. There is some ambiguity about what exactly 'directly chosen' implies, and trading partner agreement may be needed to clarify the use of this element and its consequences more completely.","This has been identified as a clinical safety criterium - that this exact system/code pair was chosen explicitly, rather than inferred by the system based on some rules or language processing.","","","","","","","",,,,,"",,,,"Coding.userSelected",0,1,"","ele-1:All FHIR elements must have a @value or children {hasValue() or (children().count() > id.count())}
","CD.codingRationale","Sometimes implied by being first"
"AllergyIntolerance.code.text","AllergyIntolerance.code.text","","","",1,1,"Y","","Y","string {[]} {[]}
","Alergia del paciente","A human language representation of the concept as seen/selected/uttered by the user who entered the data and/or which represents the intended meaning of the user.","Very often the text is the same as a displayName of one of the codings.","The codes from the terminologies do not always capture the correct meaning with all the nuances of the human using them, or sometimes there is no appropriate code at all. In these cases, the text is used to capture the full meaning of the source.","","","","","","","",,,,,"",,,,"CodeableConcept.text",0,1,"","ele-1:All FHIR elements must have a @value or children {hasValue() or (children().count() > id.count())}
","./originalText[mediaType/code=""text/plain""]/data","C*E.9. But note many systems use C*E.2 for this"
"AllergyIntolerance.patient","AllergyIntolerance.patient","","Patient
","",1,1,"Y","","Y","Reference {[]} {[CanonicalType[http://proceso-urgencia.minsal.cl/StructureDefinition/PacienteUrgencia]]}
","Referencia al paciente","Referencia al paciente","","","","","","","","","",,,,,"",,,,"AllergyIntolerance.patient",1,1,"","ele-1:All FHIR elements must have a @value or children {hasValue() or (children().count() > id.count())}
",".participation[typeCode=SBJ].role[classCode=PAT]","FiveWs.subject[x]","FiveWs.subject","(PID-3)"
"AllergyIntolerance.patient.id","AllergyIntolerance.patient.id","","","",0,1,"","","","string {[]} {[]}
","Unique id for inter-element referencing","Unique id for the element within a resource (for internal references). This may be any string value that does not contain spaces.","","","","","","","","","",,,,,"",,,,"Element.id",0,1,"","","n/a"
"AllergyIntolerance.patient.extension","AllergyIntolerance.patient.extension","","extensions
user content","",0,*,"","","","Extension {[]} {[]}
","Additional content defined by implementations","May be used to represent additional information that is not part of the basic definition of the element. To make the use of extensions safe and manageable, there is a strict set of governance  applied to the definition and use of extensions. Though any implementer can define an extension, there is a set of requirements that SHALL be met as part of the definition of the extension.","There can be no stigma associated with the use of extensions by any application, project, or standard - regardless of the institution or jurisdiction that uses or defines the extensions.  The use of extensions is what allows the FHIR specification to retain a core level of simplicity for everyone.","","","","","","","","",,,,,"","value:url}
","Extensions are always sliced by (at least) url",,"open","Element.extension",0,*,"","ele-1:All FHIR elements must have a @value or children {hasValue() or (children().count() > id.count())}
ext-1:Must have either extensions or value[x], not both {extension.exists() != value.exists()}","n/a"
"AllergyIntolerance.patient.reference","AllergyIntolerance.patient.reference","","","",1,1,"Y","","Y","string {[]} {[]}
","URL del paciente","URL del paciente","Using absolute URLs provides a stable scalable approach suitable for a cloud/web context, while using relative/logical references provides a flexible approach suitable for use when trading across closed eco-system boundaries.   Absolute URLs do not need to point to a FHIR RESTful server, though this is the preferred approach. If the URL conforms to the structure ""/[type]/[id]"" then it should be assumed that the reference is to a FHIR RESTful server.","","","","","","","","",,,,,"",,,,"Reference.reference",0,1,"ref-1
","ele-1:All FHIR elements must have a @value or children {hasValue() or (children().count() > id.count())}
","N/A"
"AllergyIntolerance.patient.type","AllergyIntolerance.patient.type","","","",0,1,"","","Y","uri {[]} {[]}
","Type the reference refers to (e.g. ""Patient"")","The expected type of the target of the reference. If both Reference.type and Reference.reference are populated and Reference.reference is a FHIR URL, both SHALL be consistent.

The type is the Canonical URL of Resource Definition that is the type this reference refers to. References are URLs that are relative to http://hl7.org/fhir/StructureDefinition/ e.g. ""Patient"" is a reference to http://hl7.org/fhir/StructureDefinition/Patient. Absolute URLs are only allowed for logical models (and can only be used in references in logical models, not resources).","This element is used to indicate the type of  the target of the reference. This may be used which ever of the other elements are populated (or not). In some cases, the type of the target may be determined by inspection of the reference (e.g. a RESTful URL) or by resolving the target of the reference; if both the type and a reference is provided, the reference SHALL resolve to a resource of the same type as that specified.","","","","","","","","",,"extensible","Aa resource (or, for logical models, the URI of the logical model).","http://hl7.org/fhir/ValueSet/resource-types","",,,,"Reference.type",0,1,"","ele-1:All FHIR elements must have a @value or children {hasValue() or (children().count() > id.count())}
","N/A"
"AllergyIntolerance.patient.identifier","AllergyIntolerance.patient.identifier","","","",0,1,"","","Y","Identifier {[]} {[]}
","Logical reference, when literal reference is not known","An identifier for the target resource. This is used when there is no way to reference the other resource directly, either because the entity it represents is not available through a FHIR server, or because there is no way for the author of the resource to convert a known identifier to an actual location. There is no requirement that a Reference.identifier point to something that is actually exposed as a FHIR instance, but it SHALL point to a business concept that would be expected to be exposed as a FHIR instance, and that instance would need to be of a FHIR resource type allowed by the reference.","When an identifier is provided in place of a reference, any system processing the reference will only be able to resolve the identifier to a reference if it understands the business context in which the identifier is used. Sometimes this is global (e.g. a national identifier) but often it is not. For this reason, none of the useful mechanisms described for working with references (e.g. chaining, includes) are possible, nor should servers be expected to be able resolve the reference. Servers may accept an identifier based reference untouched, resolve it, and/or reject it - see CapabilityStatement.rest.resource.referencePolicy. 

When both an identifier and a literal reference are provided, the literal reference is preferred. Applications processing the resource are allowed - but not required - to check that the identifier matches the literal reference

Applications converting a logical reference to a literal reference may choose to leave the logical reference present, or remove it.

Reference is intended to point to a structure that can potentially be expressed as a FHIR resource, though there is no need for it to exist as an actual FHIR resource instance - except in as much as an application wishes to actual find the target of the reference. The content referred to be the identifier must meet the logical constraints implied by any limitations on what resource types are permitted for the reference.  For example, it would not be legitimate to send the identifier for a drug prescription if the type were Reference(Observation|DiagnosticReport).  One of the use-cases for Reference.identifier is the situation where no FHIR representation exists (where the type is Reference (Any).","","","","","","","","",,,,,"",,,,"Reference.identifier",0,1,"","ele-1:All FHIR elements must have a @value or children {hasValue() or (children().count() > id.count())}
",".identifier"
"AllergyIntolerance.patient.display","AllergyIntolerance.patient.display","","","",0,1,"Y","","Y","string {[]} {[]}
","Informacion extra o nombre del paciente","Informacion extra o nombre del paciente","This is generally not the same as the Resource.text of the referenced resource.  The purpose is to identify what's being referenced, not to fully describe it.","","","","","","","","",,,,,"",,,,"Reference.display",0,1,"","ele-1:All FHIR elements must have a @value or children {hasValue() or (children().count() > id.count())}
","N/A"
"AllergyIntolerance.encounter","AllergyIntolerance.encounter","","","",1,1,"Y","","","Reference {[]} {[CanonicalType[http://proceso-urgencia.minsal.cl/StructureDefinition/encuentro-atencion]]}
","Referencia al encuentro de atención, en donde se registra la alergia","The encounter when the allergy or intolerance was asserted.","","","","","","","","","",,,,,"",,,,"AllergyIntolerance.encounter",0,1,"","ele-1:All FHIR elements must have a @value or children {hasValue() or (children().count() > id.count())}
",".inboundRelationship[typeCode=COMP].source[classCode=ENC, moodCode=EVN]","FiveWs.context"
"AllergyIntolerance.onset[x]","AllergyIntolerance.onset[x]","","","",0,1,"","","","dateTime {[]} {[]}
Age {[]} {[]}Period {[]} {[]}Range {[]} {[]}string {[]} {[]}","When allergy or intolerance was identified","Estimated or actual date,  date-time, or age when allergy or intolerance was identified.","","","","","","","","","",,,,,"",,,,"AllergyIntolerance.onset[x]",0,1,"","ele-1:All FHIR elements must have a @value or children {hasValue() or (children().count() > id.count())}
","effectiveTime.low","FiveWs.init"
"AllergyIntolerance.recordedDate","AllergyIntolerance.recordedDate","","","",0,1,"","","","dateTime {[]} {[]}
","Date first version of the resource instance was recorded","The recordedDate represents when this particular AllergyIntolerance record was created in the system, which is often a system-generated date.","","","","","","","","","",,,,,"",,,,"AllergyIntolerance.recordedDate",0,1,"","ele-1:All FHIR elements must have a @value or children {hasValue() or (children().count() > id.count())}
",".participation[typeCode=AUT].time","FiveWs.recorded","IAM-13"
"AllergyIntolerance.recorder","AllergyIntolerance.recorder","","Author
","",0,1,"","","","Reference {[]} {[CanonicalType[http://hl7.org/fhir/StructureDefinition/Practitioner], CanonicalType[http://hl7.org/fhir/StructureDefinition/PractitionerRole], CanonicalType[http://hl7.org/fhir/StructureDefinition/Patient], CanonicalType[http://hl7.org/fhir/StructureDefinition/RelatedPerson]]}
","Who recorded the sensitivity","Individual who recorded the record and takes responsibility for its content.","","","","","","","","","",,,,,"",,,,"AllergyIntolerance.recorder",0,1,"","ele-1:All FHIR elements must have a @value or children {hasValue() or (children().count() > id.count())}
",".participation[typeCode=AUT].role","FiveWs.author"
"AllergyIntolerance.asserter","AllergyIntolerance.asserter","","Source
Informant","",0,1,"","","Y","Reference {[]} {[CanonicalType[http://hl7.org/fhir/StructureDefinition/Patient], CanonicalType[http://hl7.org/fhir/StructureDefinition/RelatedPerson], CanonicalType[http://hl7.org/fhir/StructureDefinition/Practitioner], CanonicalType[http://hl7.org/fhir/StructureDefinition/PractitionerRole]]}
","Source of the information about the allergy","The source of the information about the allergy that is recorded.","The recorder takes responsibility for the content, but can reference the source from where they got it.","","","","","","","","",,,,,"",,,,"AllergyIntolerance.asserter",0,1,"","ele-1:All FHIR elements must have a @value or children {hasValue() or (children().count() > id.count())}
",".participation[typeCode=INF].role","FiveWs.source","IAM-14 (if patient) / IAM-18 (if practitioner)"
"AllergyIntolerance.lastOccurrence","AllergyIntolerance.lastOccurrence","","","",0,1,"","","","dateTime {[]} {[]}
","Date(/time) of last known occurrence of a reaction","Represents the date and/or time of the last known occurrence of a reaction event.","This date may be replicated by one of the Onset of Reaction dates. Where a textual representation of the date of last occurrence is required e.g. 'In Childhood, '10 years ago' the Comment element should be used.","","","","","","","","",,,,,"",,,,"AllergyIntolerance.lastOccurrence",0,1,"","ele-1:All FHIR elements must have a @value or children {hasValue() or (children().count() > id.count())}
","outBoundRelationship[typeCode=SUBJ].target[classCode=OBS, moodCode=EVN, code <= CommonClinicalObservationType, value <= ObservationValue (Reaction Type)].effectiveTime"
"AllergyIntolerance.note","AllergyIntolerance.note","","","",0,*,"","","","Annotation {[]} {[]}
","Additional text not captured in other fields","Additional narrative about the propensity for the Adverse Reaction, not captured in other fields.","For example: including reason for flagging a seriousness of 'High Risk'; and instructions related to future exposure or administration of the substance, such as administration within an Intensive Care Unit or under corticosteroid cover. The notes should be related to an allergy or intolerance as a condition in general and not related to any particular episode of it. For episode notes and descriptions, use AllergyIntolerance.event.description and  AllergyIntolerance.event.notes.","","","","","","","","",,,,,"",,,,"AllergyIntolerance.note",0,*,"","ele-1:All FHIR elements must have a @value or children {hasValue() or (children().count() > id.count())}
","subjectOf.observationEvent[code=""annotation""].value"
"AllergyIntolerance.reaction","AllergyIntolerance.reaction","","","",0,*,"","","","BackboneElement {[]} {[]}
","Adverse Reaction Events linked to exposure to substance","Details about each adverse reaction event linked to exposure to the identified substance.","","","","","","","","","",,,,,"",,,,"AllergyIntolerance.reaction",0,*,"","ele-1:All FHIR elements must have a @value or children {hasValue() or (children().count() > id.count())}
","outBoundRelationship[typeCode=SUBJ].target[classCode=OBS, moodCode=EVN, code <= CommonClinicalObservationType, value <= ObservationValue (Reaction Type)]"
"AllergyIntolerance.reaction.id","AllergyIntolerance.reaction.id","","","",0,1,"","","","string {[]} {[]}
","Unique id for inter-element referencing","Unique id for the element within a resource (for internal references). This may be any string value that does not contain spaces.","","","","","","","","","",,,,,"",,,,"Element.id",0,1,"","","n/a"
"AllergyIntolerance.reaction.extension","AllergyIntolerance.reaction.extension","","extensions
user content","",0,*,"","","","Extension {[]} {[]}
","Additional content defined by implementations","May be used to represent additional information that is not part of the basic definition of the element. To make the use of extensions safe and manageable, there is a strict set of governance  applied to the definition and use of extensions. Though any implementer can define an extension, there is a set of requirements that SHALL be met as part of the definition of the extension.","There can be no stigma associated with the use of extensions by any application, project, or standard - regardless of the institution or jurisdiction that uses or defines the extensions.  The use of extensions is what allows the FHIR specification to retain a core level of simplicity for everyone.","","","","","","","","",,,,,"",,,,"Element.extension",0,*,"","ele-1:All FHIR elements must have a @value or children {hasValue() or (children().count() > id.count())}
ext-1:Must have either extensions or value[x], not both {extension.exists() != value.exists()}","n/a"
"AllergyIntolerance.reaction.modifierExtension","AllergyIntolerance.reaction.modifierExtension","","extensions
user contentmodifiers","",0,*,"","Y","Y","Extension {[]} {[]}
","Extensions that cannot be ignored even if unrecognized","May be used to represent additional information that is not part of the basic definition of the element and that modifies the understanding of the element in which it is contained and/or the understanding of the containing element's descendants. Usually modifier elements provide negation or qualification. To make the use of extensions safe and manageable, there is a strict set of governance applied to the definition and use of extensions. Though any implementer can define an extension, there is a set of requirements that SHALL be met as part of the definition of the extension. Applications processing a resource are required to check for modifier extensions.

Modifier extensions SHALL NOT change the meaning of any elements on Resource or DomainResource (including cannot change the meaning of modifierExtension itself).","There can be no stigma associated with the use of extensions by any application, project, or standard - regardless of the institution or jurisdiction that uses or defines the extensions.  The use of extensions is what allows the FHIR specification to retain a core level of simplicity for everyone.","Modifier extensions allow for extensions that *cannot* be safely ignored to be clearly distinguished from the vast majority of extensions which can be safely ignored.  This promotes interoperability by eliminating the need for implementers to prohibit the presence of extensions. For further information, see the [definition of modifier extensions](http://hl7.org/fhir/R4/extensibility.html#modifierExtension).","","","","","","","",,,,,"",,,,"BackboneElement.modifierExtension",0,*,"","ele-1:All FHIR elements must have a @value or children {hasValue() or (children().count() > id.count())}
ext-1:Must have either extensions or value[x], not both {extension.exists() != value.exists()}","N/A"
"AllergyIntolerance.reaction.substance","AllergyIntolerance.reaction.substance","","","",0,1,"","","","CodeableConcept {[]} {[]}
","Specific substance or pharmaceutical product considered to be responsible for event","Identification of the specific substance (or pharmaceutical product) considered to be responsible for the Adverse Reaction event. Note: the substance for a specific reaction may be different from the substance identified as the cause of the risk, but it must be consistent with it. For instance, it may be a more specific substance (e.g. a brand medication) or a composite product that includes the identified substance. It must be clinically safe to only process the 'code' and ignore the 'reaction.substance'.  If a receiving system is unable to confirm that AllergyIntolerance.reaction.substance falls within the semantic scope of AllergyIntolerance.code, then the receiving system should ignore AllergyIntolerance.reaction.substance.","Coding of the specific substance (or pharmaceutical product) with a terminology capable of triggering decision support should be used wherever possible.  The 'code' element allows for the use of a specific substance or pharmaceutical product, or a group or class of substances. In the case of an allergy or intolerance to a class of substances, (for example, ""penicillins""), the 'reaction.substance' element could be used to code the specific substance that was identified as having caused the reaction (for example, ""amoxycillin""). Duplication of the value in the 'code' and 'reaction.substance' elements is acceptable when a specific substance has been recorded in 'code'.","","","","","","","","",,"example","Codes defining the type of the substance (including pharmaceutical products).","http://hl7.org/fhir/ValueSet/substance-code","",,,,"AllergyIntolerance.reaction.substance",0,1,"","ele-1:All FHIR elements must have a @value or children {hasValue() or (children().count() > id.count())}
","outBoundRelationship[typeCode=SAS].target[classCode=SBADM, code <= ExposureCode].participation[typeCode=CSM].role[classCode=ADMM].player[classCode=MAT, determinerCode=KIND, code <= ExposureAgentEntityType]"
"AllergyIntolerance.reaction.manifestation","AllergyIntolerance.reaction.manifestation","","Symptoms
Signs","",1,*,"","","","CodeableConcept {[]} {[]}
","Clinical symptoms/signs associated with the Event","Clinical symptoms and/or signs that are observed or associated with the adverse reaction event.","Manifestation can be expressed as a single word, phrase or brief description. For example: nausea, rash or no reaction. It is preferable that manifestation should be coded with a terminology, where possible. The values entered here may be used to display on an application screen as part of a list of adverse reactions, as recommended in the UK NHS CUI guidelines.  Terminologies commonly used include, but are not limited to, SNOMED CT or ICD10.","","","","","","","","",,"example","Clinical symptoms and/or signs that are observed or associated with an Adverse Reaction Event.","http://hl7.org/fhir/ValueSet/clinical-findings","",,,,"AllergyIntolerance.reaction.manifestation",1,*,"","ele-1:All FHIR elements must have a @value or children {hasValue() or (children().count() > id.count())}
","code","AL1-5"
"AllergyIntolerance.reaction.description","AllergyIntolerance.reaction.description","","Narrative
Text","",0,1,"","","","string {[]} {[]}
","Description of the event as a whole","Text description about the reaction as a whole, including details of the manifestation if required.","Use the description to provide any details of a particular event of the occurred reaction such as circumstances, reaction specifics, what happened before/after. Information, related to the event, but not describing a particular care should be captured in the comment field. For example: at the age of four, the patient was given penicillin for strep throat and subsequently developed severe hives.","","","","","","","","",,,,,"",,,,"AllergyIntolerance.reaction.description",0,1,"","ele-1:All FHIR elements must have a @value or children {hasValue() or (children().count() > id.count())}
","text"
"AllergyIntolerance.reaction.onset","AllergyIntolerance.reaction.onset","","","",0,1,"","","","dateTime {[]} {[]}
","Date(/time) when manifestations showed","Record of the date and/or time of the onset of the Reaction.","","","","","","","","","",,,,,"",,,,"AllergyIntolerance.reaction.onset",0,1,"","ele-1:All FHIR elements must have a @value or children {hasValue() or (children().count() > id.count())}
","effectiveTime.low","AL1-6"
"AllergyIntolerance.reaction.severity","AllergyIntolerance.reaction.severity","","","",0,1,"","","","code {[]} {[]}
","mild | moderate | severe (of event as a whole)","Clinical assessment of the severity of the reaction event as a whole, potentially considering multiple different manifestations.","It is acknowledged that this assessment is very subjective. There may be some specific practice domains where objective scales have been applied. Objective scales can be included in this model as extensions.","","","","","","","","",,"required","Clinical assessment of the severity of a reaction event as a whole, potentially considering multiple different manifestations.","http://hl7.org/fhir/ValueSet/reaction-event-severity|4.0.1","",,,,"AllergyIntolerance.reaction.severity",0,1,"","ele-1:All FHIR elements must have a @value or children {hasValue() or (children().count() > id.count())}
","inboundRelationship[typeCode=SUBJ].source[classCode=OBS, moodCode=EVN, code=SEV, value <= SeverityObservation (Severity Level)]"
"AllergyIntolerance.reaction.exposureRoute","AllergyIntolerance.reaction.exposureRoute","","","",0,1,"","","","CodeableConcept {[]} {[]}
","How the subject was exposed to the substance","Identification of the route by which the subject was exposed to the substance.","Coding of the route of exposure with a terminology should be used wherever possible.","","","","","","","","",,"example","A coded concept describing the route or physiological path of administration of a therapeutic agent into or onto the body of a subject.","http://hl7.org/fhir/ValueSet/route-codes","",,,,"AllergyIntolerance.reaction.exposureRoute",0,1,"","ele-1:All FHIR elements must have a @value or children {hasValue() or (children().count() > id.count())}
","outBoundRelationship[typeCode=SAS].target[classCode=SBADM, code <= ExposureCode].routeCode"
"AllergyIntolerance.reaction.note","AllergyIntolerance.reaction.note","","","",0,*,"","","","Annotation {[]} {[]}
","Text about event not captured in other fields","Additional text about the adverse reaction event not captured in other fields.","Use this field to record information indirectly related to a particular event and not captured in the description. For example: Clinical records are no longer available, recorded based on information provided to the patient by her mother and her mother is deceased.","","","","","","","","",,,,,"",,,,"AllergyIntolerance.reaction.note",0,*,"","ele-1:All FHIR elements must have a @value or children {hasValue() or (children().count() > id.count())}
","subjectOf.observationEvent[code=""annotation""].value"
