<?xml version="1.0" encoding="UTF-8"?>

<CodeSystem xmlns="http://hl7.org/fhir">
  <id value="CSDestinoReferenciaCodigo"/>
  <text>
    <status value="generated"/><div xmlns="http://www.w3.org/1999/xhtml"><p>This case-sensitive code system <code>https://interoperabilidad.minsal.cl/fhir/ig/tiemposdeesperainteroperables/CodeSystem/CSDestinoReferenciaCodigo</code> defines the following codes:</p><table class="codes"><tr><td style="white-space:nowrap"><b>Code</b></td><td><b>Display</b></td></tr><tr><td style="white-space:nowrap">1<a name="CSDestinoReferenciaCodigo-1"> </a></td><td>Nivel Secundario</td></tr><tr><td style="white-space:nowrap">2<a name="CSDestinoReferenciaCodigo-2"> </a></td><td>APS</td></tr><tr><td style="white-space:nowrap">3<a name="CSDestinoReferenciaCodigo-3"> </a></td><td>Extra Sistema</td></tr><tr><td style="white-space:nowrap">4<a name="CSDestinoReferenciaCodigo-4"> </a></td><td>Hospital Digital</td></tr><tr><td style="white-space:nowrap">5<a name="CSDestinoReferenciaCodigo-5"> </a></td><td>Establecimiento de alta complejidad</td></tr></table></div>
  </text>
  <url value="https://interoperabilidad.minsal.cl/fhir/ig/tiemposdeesperainteroperables/CodeSystem/CSDestinoReferenciaCodigo"/>
  <version value="0.1.5"/>
  <name value="CSDestinoReferenciaCodigo"/>
  <title value="Destino Referencia Codigo"/>
  <status value="active"/>
  <experimental value="false"/>
  <date value="2023-01-15"/>
  <publisher value="Unidad de Interoperabilidad - MINSAL"/>
  <contact>
    <name value="Unidad de Interoperabilidad - MINSAL"/>
    <telecom>
      <system value="url"/>
      <value value="https://interoperabilidad.minsal.cl"/>
    </telecom>
  </contact>
  <description value="Destino Referencia Codigo"/>
  <jurisdiction>
    <coding>
      <system value="urn:iso:std:iso:3166"/>
      <code value="CL"/>
      <display value="Chile"/>
    </coding>
  </jurisdiction>
  <caseSensitive value="true"/>
  <content value="complete"/>
  <count value="5"/>
  <concept>
    <code value="1"/>
    <display value="Nivel Secundario"/>
  </concept>
  <concept>
    <code value="2"/>
    <display value="APS"/>
  </concept>
  <concept>
    <code value="3"/>
    <display value="Extra Sistema"/>
  </concept>
  <concept>
    <code value="4"/>
    <display value="Hospital Digital"/>
  </concept>
  <concept>
    <code value="5"/>
    <display value="Establecimiento de alta complejidad"/>
  </concept>
</CodeSystem>