<?xml version="1.0" encoding="UTF-8"?>

<Organization xmlns="http://hl7.org/fhir">
  <id value="EjemploOrganizationReferencia"/>
  <meta>
    <profile value="https://interoperabilidad.minsal.cl/fhir/ig/tiemposdeesperainteroperables/StructureDefinition/OrganizationLE"/>
  </meta>
  <text>
    <status value="generated"/><div xmlns="http://www.w3.org/1999/xhtml"><p><b>Generated Narrative: Organization</b><a name="EjemploOrganizationReferencia"> </a></p><div style="display: inline-block; background-color: #d9e0e7; padding: 6px; margin: 4px; border: 1px solid #8da1b4; border-radius: 5px; line-height: 60%"><p style="margin-bottom: 0px">Resource Organization &quot;EjemploOrganizationReferencia&quot; </p><p style="margin-bottom: 0px">Profile: <a href="StructureDefinition-OrganizationLE.html">Organization LE</a></p></div><p><b>identifier</b>: Placer Identifier: 1</p></div>
  </text>
  <identifier>
    <type>
      <coding>
        <system value="http://terminology.hl7.org/CodeSystem/v2-0203"/>
        <code value="PLAC"/>
      </coding>
    </type>
    <value value="1"/>
  </identifier>
</Organization>