<?xml version="1.0" encoding="UTF-8"?>

<PractitionerRole xmlns="http://hl7.org/fhir">
  <id value="EjemploPractitionerRolePriorizar"/>
  <meta>
    <profile value="https://interoperabilidad.minsal.cl/fhir/ig/tiemposdeesperainteroperables/StructureDefinition/PractitionerRoleLE"/>
  </meta>
  <text>
    <status value="generated"/><div xmlns="http://www.w3.org/1999/xhtml"><p><b>Generated Narrative: PractitionerRole</b><a name="EjemploPractitionerRolePriorizar"> </a></p><div style="display: inline-block; background-color: #d9e0e7; padding: 6px; margin: 4px; border: 1px solid #8da1b4; border-radius: 5px; line-height: 60%"><p style="margin-bottom: 0px">Resource PractitionerRole &quot;EjemploPractitionerRolePriorizar&quot; </p><p style="margin-bottom: 0px">Profile: <a href="StructureDefinition-PractitionerRoleLE.html">PractitionerRole LE</a></p></div><p><b>practitioner</b>: <a href="Bundle-EjemploBundlePriorizar.html#http-//acme.com/ehr/fhir/Practitioner/priorizar">http://acme.com/ehr/fhir/Practitioner/priorizar</a></p><p><b>organization</b>: <a href="Bundle-EjemploBundlePriorizar.html#http-//acme.com/ehr/fhir/Organization/priorizar">http://acme.com/ehr/fhir/Organization/priorizar</a></p><p><b>code</b>: Priorizador <span style="background: LightGoldenRodYellow; margin: 4px; border: 1px solid khaki"> (<a href="CodeSystem-CSPractitionerTipoRolLE.html">Rol de médicos</a>#priorizador)</span></p></div>
  </text>
  <practitioner>
    <reference value="http://acme.com/ehr/fhir/Practitioner/priorizar"/>
  </practitioner>
  <organization>
    <reference value="http://acme.com/ehr/fhir/Organization/priorizar"/>
  </organization>
  <code>
    <coding>
      <system value="https://interoperabilidad.minsal.cl/fhir/ig/tiemposdeesperainteroperables/CodeSystem/CSPractitionerTipoRolLE"/>
      <code value="priorizador"/>
    </coding>
  </code>
</PractitionerRole>