{"resourceType":"CodeSystem","id":"CSTiposEstabPubEsp","text":{"status":"generated","div":"<div xmlns=\"http://www.w3.org/1999/xhtml\"><p>This case-sensitive code system <code>https://interoperabilidad.minsal.cl/fhir/ig/mfr/CodeSystem/CSTiposEstabPubEsp</code> defines the following codes:</p><table class=\"codes\"><tr><td style=\"white-space:nowrap\"><b>Code</b></td><td><b>Display</b></td></tr><tr><td style=\"white-space:nowrap\">CRS<a name=\"CSTiposEstabPubEsp-CRS\"> </a></td><td>Centros de Referencia de Salud (CRS)</td></tr><tr><td style=\"white-space:nowrap\">CDT<a name=\"CSTiposEstabPubEsp-CDT\"> </a></td><td>Centros de Diagnóstico Terapéutico (CDT)</td></tr><tr><td style=\"white-space:nowrap\">CAE<a name=\"CSTiposEstabPubEsp-CAE\"> </a></td><td>Consultorios Adosados de Especialidad (CAE)</td></tr><tr><td style=\"white-space:nowrap\">COSAM<a name=\"CSTiposEstabPubEsp-COSAM\"> </a></td><td>Consultorio de Atención Mental (COSAM)</td></tr></table></div>"},"url":"https://interoperabilidad.minsal.cl/fhir/ig/mfr/CodeSystem/CSTiposEstabPubEsp","version":"0.1.4","name":"CSTiposEstabPubEsp","title":"Tipos de establecimientos públicos Especialidades","status":"active","experimental":true,"date":"2024-01-29T00:00:00-03:00","publisher":"Unidad de Interoperabilidad - MINSAL","contact":[{"name":"Unidad de Interoperabilidad - MINSAL","telecom":[{"system":"url","value":"https://interoperabilidad.minsal.cl"}]}],"description":"Tipos de establecimientos públicos Especialidades","jurisdiction":[{"coding":[{"system":"urn:iso:std:iso:3166","code":"CL","display":"Chile"}]}],"caseSensitive":true,"content":"complete","count":4,"concept":[{"code":"CRS","display":"Centros de Referencia de Salud (CRS)"},{"code":"CDT","display":"Centros de Diagnóstico Terapéutico (CDT)"},{"code":"CAE","display":"Consultorios Adosados de Especialidad (CAE)"},{"code":"COSAM","display":"Consultorio de Atención Mental (COSAM)"}]}