{"resourceType":"CodeSystem","id":"CSTiposEstabPub","text":{"status":"generated","div":"<div xmlns=\"http://www.w3.org/1999/xhtml\"><p>This case-sensitive code system <code>https://interoperabilidad.minsal.cl/fhir/ig/mfr/CodeSystem/CSTiposEstabPub</code> defines the following codes:</p><table class=\"codes\"><tr><td style=\"white-space:nowrap\"><b>Code</b></td><td><b>Display</b></td></tr><tr><td style=\"white-space:nowrap\">1<a name=\"CSTiposEstabPub-1\"> </a></td><td>Establecimientos Públicos de Atención de Especialidades</td></tr><tr><td style=\"white-space:nowrap\">2<a name=\"CSTiposEstabPub-2\"> </a></td><td>Establecimientos Públicos de Atención Primaria de Salud (APS)</td></tr><tr><td style=\"white-space:nowrap\">3<a name=\"CSTiposEstabPub-3\"> </a></td><td>Establecimientos Públicos de la Red de Urgencia</td></tr><tr><td style=\"white-space:nowrap\">4<a name=\"CSTiposEstabPub-4\"> </a></td><td>Establecimientos Hospitalarios</td></tr></table></div>"},"url":"https://interoperabilidad.minsal.cl/fhir/ig/mfr/CodeSystem/CSTiposEstabPub","version":"0.1.1","name":"CSTiposEstabPub","title":"Códigos para tipos de establecimientos públicos","status":"active","experimental":true,"date":"2024-01-29T00:00:00-03:00","publisher":"Unidad de Interoperabilidad - MINSAL","contact":[{"name":"Unidad de Interoperabilidad - MINSAL","telecom":[{"system":"url","value":"https://interoperabilidad.minsal.cl"}]}],"description":"Códigos para lo tipos de establecimientos públicos según Norma 820","jurisdiction":[{"coding":[{"system":"urn:iso:std:iso:3166","code":"CL","display":"Chile"}]}],"caseSensitive":true,"content":"complete","count":4,"concept":[{"code":"1","display":"Establecimientos Públicos de Atención de Especialidades"},{"code":"2","display":"Establecimientos Públicos de Atención Primaria de Salud (APS)"},{"code":"3","display":"Establecimientos Públicos de la Red de Urgencia"},{"code":"4","display":"Establecimientos Hospitalarios"}]}