{"resourceType":"CodeSystem","id":"CSTipoIdentificadorDEIS","text":{"status":"generated","div":"<div xmlns=\"http://www.w3.org/1999/xhtml\"><p>This case-sensitive code system <code>https://interoperabilidad.minsal.cl/fhir/ig/mfr/CodeSystem/CSTipoIdentificadorDEIS</code> defines the following codes:</p><table class=\"codes\"><tr><td style=\"white-space:nowrap\"><b>Code</b></td><td><b>Display</b></td><td><b>Definition</b></td></tr><tr><td style=\"white-space:nowrap\">1<a name=\"CSTipoIdentificadorDEIS-1\"> </a></td><td>RUN</td><td>Número Identificador de Cédula de Identidad</td></tr><tr><td style=\"white-space:nowrap\">2<a name=\"CSTipoIdentificadorDEIS-2\"> </a></td><td>RUN Materno/progenitor (a)</td><td>Número identificador RUN de la madre asociado a paciente recién nacido</td></tr><tr><td style=\"white-space:nowrap\">3<a name=\"CSTipoIdentificadorDEIS-3\"> </a></td><td>Número de Folio del Comprobante de Parto</td><td>Número del folio entregado por el Centro de Salud, acreditando el parto.</td></tr><tr><td style=\"white-space:nowrap\">4<a name=\"CSTipoIdentificadorDEIS-4\"> </a></td><td>Número de Pasaporte</td><td>Número del pasaporte asociado al paciente</td></tr><tr><td style=\"white-space:nowrap\">5<a name=\"CSTipoIdentificadorDEIS-5\"> </a></td><td>Número de Documento identificador país de origen</td><td>Número de documento extranjero</td></tr><tr><td style=\"white-space:nowrap\">6<a name=\"CSTipoIdentificadorDEIS-6\"> </a></td><td>Número de Identificador FONASA</td><td>Número que identifica al paciente en los registros de FONASA</td></tr><tr><td style=\"white-space:nowrap\">98<a name=\"CSTipoIdentificadorDEIS-98\"> </a></td><td>RNPI</td><td>Número asociado al registro nacional de prestadores individuales</td></tr></table></div>"},"url":"https://interoperabilidad.minsal.cl/fhir/ig/mfr/CodeSystem/CSTipoIdentificadorDEIS","version":"0.1.1","name":"CSTipoIdentificadorDEIS","title":"Códigos para tipops de identificadores 820","status":"active","experimental":true,"date":"2022-09-11T00:00:00-03:00","publisher":"Unidad de Interoperabilidad - MINSAL","contact":[{"name":"Unidad de Interoperabilidad - MINSAL","telecom":[{"system":"url","value":"https://interoperabilidad.minsal.cl"}]}],"description":"Códigos para lo tipos de identificadores según Norma 820, agregando RNPI","jurisdiction":[{"coding":[{"system":"urn:iso:std:iso:3166","code":"CL","display":"Chile"}]}],"caseSensitive":true,"content":"complete","count":7,"concept":[{"code":"1","display":"RUN","definition":"Número Identificador de Cédula de Identidad"},{"code":"2","display":"RUN Materno/progenitor (a)","definition":"Número identificador RUN de la madre asociado a paciente recién nacido"},{"code":"3","display":"Número de Folio del Comprobante de Parto","definition":"Número del folio entregado por el Centro de Salud, acreditando el parto."},{"code":"4","display":"Número de Pasaporte","definition":"Número del pasaporte asociado al paciente"},{"code":"5","display":"Número de Documento identificador país de origen","definition":"Número de documento extranjero"},{"code":"6","display":"Número de Identificador FONASA","definition":"Número que identifica al paciente en los registros de FONASA"},{"code":"98","display":"RNPI","definition":"Número asociado al registro nacional de prestadores individuales"}]}