{"resourceType":"ValueSet","id":"VSPertenenciaSNSS","text":{"status":"generated","div":"<div xmlns=\"http://www.w3.org/1999/xhtml\"><ul><li>Include all codes defined in <a href=\"CodeSystem-CSPertenenciaSNSS.html\"><code>https://interoperabilidad.minsal.cl/fhir/ig/mfr/CodeSystem/CSPertenenciaSNSS</code></a></li></ul></div>"},"url":"https://interoperabilidad.minsal.cl/fhir/ig/mfr/ValueSet/VSPertenenciaSNSS","version":"0.1.4","name":"VSPertenenciaSNSS","title":"PertenenciaSNSS","status":"active","experimental":false,"date":"2023-01-15","publisher":"Unidad de Interoperabilidad - MINSAL","contact":[{"name":"Unidad de Interoperabilidad - MINSAL","telecom":[{"system":"url","value":"https://interoperabilidad.minsal.cl"}]}],"description":"PertenenciaSNSS","jurisdiction":[{"coding":[{"system":"urn:iso:std:iso:3166","code":"CL","display":"Chile"}]}],"compose":{"include":[{"system":"https://interoperabilidad.minsal.cl/fhir/ig/mfr/CodeSystem/CSPertenenciaSNSS"}]}}