{"resourceType":"CodeSystem","id":"CSTituloProfesional","text":{"status":"generated","div":"<div xmlns=\"http://www.w3.org/1999/xhtml\"><p>This case-sensitive code system <code>https://interoperabilidad.minsal.cl/fhir/ig/tiemposdeesperainteroperables/CodeSystem/CSTituloProfesional</code> defines the following codes:</p><table class=\"codes\"><tr><td style=\"white-space:nowrap\"><b>Code</b></td><td><b>Display</b></td></tr><tr><td style=\"white-space:nowrap\">1<a name=\"CSTituloProfesional-1\"> </a></td><td>MÉDICO CIRUJANO</td></tr><tr><td style=\"white-space:nowrap\">2<a name=\"CSTituloProfesional-2\"> </a></td><td>CIRUJANO DENTISTA</td></tr><tr><td style=\"white-space:nowrap\">3<a name=\"CSTituloProfesional-3\"> </a></td><td>ENFERMERAS(OS)</td></tr><tr><td style=\"white-space:nowrap\">4<a name=\"CSTituloProfesional-4\"> </a></td><td>ENFERMERAS(OS) MATRONAS(ES)</td></tr><tr><td style=\"white-space:nowrap\">5<a name=\"CSTituloProfesional-5\"> </a></td><td>MATRONAS(ES)</td></tr><tr><td style=\"white-space:nowrap\">6<a name=\"CSTituloProfesional-6\"> </a></td><td>TECNÓLOGOS MÉDICOS</td></tr><tr><td style=\"white-space:nowrap\">7<a name=\"CSTituloProfesional-7\"> </a></td><td>PSICÓLOGOS/AS</td></tr><tr><td style=\"white-space:nowrap\">8<a name=\"CSTituloProfesional-8\"> </a></td><td>KINESIÓLOGOS/AS</td></tr><tr><td style=\"white-space:nowrap\">9<a name=\"CSTituloProfesional-9\"> </a></td><td>FARMACÉUTICOS Y QUÍMICO-FARMACÉUTICOS</td></tr><tr><td style=\"white-space:nowrap\">10<a name=\"CSTituloProfesional-10\"> </a></td><td>BIOQUÍMICOS</td></tr><tr><td style=\"white-space:nowrap\">11<a name=\"CSTituloProfesional-11\"> </a></td><td>NUTRICIONISTAS</td></tr><tr><td style=\"white-space:nowrap\">12<a name=\"CSTituloProfesional-12\"> </a></td><td>FONOAUDIÓLOGOS/AS</td></tr><tr><td style=\"white-space:nowrap\">13<a name=\"CSTituloProfesional-13\"> </a></td><td>TERAPEUTAS OCUPACIONALES</td></tr><tr><td style=\"white-space:nowrap\">14<a name=\"CSTituloProfesional-14\"> </a></td><td>AUXILIARES PARAMÉDICOS DE ALIMENTACIÓN</td></tr><tr><td style=\"white-space:nowrap\">15<a name=\"CSTituloProfesional-15\"> </a></td><td>A.P. DE RADIOLOGÍA, RADIOTERAPIA, LAB</td></tr><tr><td style=\"white-space:nowrap\">16<a name=\"CSTituloProfesional-16\"> </a></td><td>AUXILIARES PARAMÉDICOS DE ODONTOLOGÍA</td></tr><tr><td style=\"white-space:nowrap\">17<a name=\"CSTituloProfesional-17\"> </a></td><td>AUXILIARES PARAMÉDICOS DE FARMACIA</td></tr><tr><td style=\"white-space:nowrap\">18<a name=\"CSTituloProfesional-18\"> </a></td><td>AUXILIARES DE ENFERMERÍA</td></tr><tr><td style=\"white-space:nowrap\">19<a name=\"CSTituloProfesional-19\"> </a></td><td>TÉCNICO EN NIVEL SUPERIOR EN SALUD</td></tr><tr><td style=\"white-space:nowrap\">20<a name=\"CSTituloProfesional-20\"> </a></td><td>TÉCNICOS EN SALUD</td></tr><tr><td style=\"white-space:nowrap\">21<a name=\"CSTituloProfesional-21\"> </a></td><td>TÉCNICOS NIVEL MEDIO EN SALUD</td></tr><tr><td style=\"white-space:nowrap\">22<a name=\"CSTituloProfesional-22\"> </a></td><td>LABORATORISTAS DENTALES</td></tr><tr><td style=\"white-space:nowrap\">23<a name=\"CSTituloProfesional-23\"> </a></td><td>PODÓLOGOS/AS</td></tr><tr><td style=\"white-space:nowrap\">24<a name=\"CSTituloProfesional-24\"> </a></td><td>ÓPTICOS/AS</td></tr><tr><td style=\"white-space:nowrap\">25<a name=\"CSTituloProfesional-25\"> </a></td><td>CONTACTÓLOGOS/AS</td></tr><tr><td style=\"white-space:nowrap\">26<a name=\"CSTituloProfesional-26\"> </a></td><td>HOMEÓPATAS</td></tr><tr><td style=\"white-space:nowrap\">27<a name=\"CSTituloProfesional-27\"> </a></td><td>ACUPUNTURISTAS</td></tr><tr><td style=\"white-space:nowrap\">28<a name=\"CSTituloProfesional-28\"> </a></td><td>NATURÓPATAS</td></tr><tr><td style=\"white-space:nowrap\">29<a name=\"CSTituloProfesional-29\"> </a></td><td>COSMETÓLOGOS/AS</td></tr><tr><td style=\"white-space:nowrap\">99<a name=\"CSTituloProfesional-99\"> </a></td><td>DESCONOCIDA</td></tr></table></div>"},"url":"https://interoperabilidad.minsal.cl/fhir/ig/tiemposdeesperainteroperables/CodeSystem/CSTituloProfesional","version":"0.1.5","name":"CSTituloProfesional","title":"TituloProfesional","status":"active","experimental":false,"date":"2023-01-15","publisher":"Unidad de Interoperabilidad - MINSAL","contact":[{"name":"Unidad de Interoperabilidad - MINSAL","telecom":[{"system":"url","value":"https://interoperabilidad.minsal.cl"}]}],"description":"TituloProfesional","jurisdiction":[{"coding":[{"system":"urn:iso:std:iso:3166","code":"CL","display":"Chile"}]}],"caseSensitive":true,"content":"complete","count":30,"concept":[{"code":"1","display":"MÉDICO CIRUJANO"},{"code":"2","display":"CIRUJANO DENTISTA"},{"code":"3","display":"ENFERMERAS(OS)"},{"code":"4","display":"ENFERMERAS(OS) MATRONAS(ES)"},{"code":"5","display":"MATRONAS(ES)"},{"code":"6","display":"TECNÓLOGOS MÉDICOS"},{"code":"7","display":"PSICÓLOGOS/AS"},{"code":"8","display":"KINESIÓLOGOS/AS"},{"code":"9","display":"FARMACÉUTICOS Y QUÍMICO-FARMACÉUTICOS"},{"code":"10","display":"BIOQUÍMICOS"},{"code":"11","display":"NUTRICIONISTAS"},{"code":"12","display":"FONOAUDIÓLOGOS/AS"},{"code":"13","display":"TERAPEUTAS OCUPACIONALES"},{"code":"14","display":"AUXILIARES PARAMÉDICOS DE ALIMENTACIÓN"},{"code":"15","display":"A.P. DE RADIOLOGÍA, RADIOTERAPIA, LAB"},{"code":"16","display":"AUXILIARES PARAMÉDICOS DE ODONTOLOGÍA"},{"code":"17","display":"AUXILIARES PARAMÉDICOS DE FARMACIA"},{"code":"18","display":"AUXILIARES DE ENFERMERÍA"},{"code":"19","display":"TÉCNICO EN NIVEL SUPERIOR EN SALUD"},{"code":"20","display":"TÉCNICOS EN SALUD"},{"code":"21","display":"TÉCNICOS NIVEL MEDIO EN SALUD"},{"code":"22","display":"LABORATORISTAS DENTALES"},{"code":"23","display":"PODÓLOGOS/AS"},{"code":"24","display":"ÓPTICOS/AS"},{"code":"25","display":"CONTACTÓLOGOS/AS"},{"code":"26","display":"HOMEÓPATAS"},{"code":"27","display":"ACUPUNTURISTAS"},{"code":"28","display":"NATURÓPATAS"},{"code":"29","display":"COSMETÓLOGOS/AS"},{"code":"99","display":"DESCONOCIDA"}]}