{"resourceType":"ValueSet","id":"VSTituloProfesional","text":{"status":"generated","div":"<div xmlns=\"http://www.w3.org/1999/xhtml\"><ul><li>Include all codes defined in <a href=\"CodeSystem-CSTituloProfesional.html\"><code>https://interoperabilidad.minsal.cl/fhir/ig/tiemposdeesperainteroperables/CodeSystem/CSTituloProfesional</code></a></li></ul></div>"},"url":"https://interoperabilidad.minsal.cl/fhir/ig/tiemposdeesperainteroperables/ValueSet/VSTituloProfesional","version":"0.1.5","name":"VSTituloProfesional","title":"TituloProfesional","status":"active","experimental":false,"date":"2023-01-15","publisher":"Unidad de Interoperabilidad - MINSAL","contact":[{"name":"Unidad de Interoperabilidad - MINSAL","telecom":[{"system":"url","value":"https://interoperabilidad.minsal.cl"}]}],"description":"TituloProfesional","jurisdiction":[{"coding":[{"system":"urn:iso:std:iso:3166","code":"CL","display":"Chile"}]}],"compose":{"include":[{"system":"https://interoperabilidad.minsal.cl/fhir/ig/tiemposdeesperainteroperables/CodeSystem/CSTituloProfesional"}]}}