{
  "codeSystems" : [
    {
      "url" : "http://hl7.org/fhir/address-type",
      "version" : "4.0.1",
      "status" : "active",
      "name" : "AddressType",
      "title" : "AddressType",
      "description" : "The type of an address (physical / postal).",
      "oids" : ["2.16.840.1.113883.4.642.4.70"],
      "uses" : {
      },
      "http://hl7.org/fhir/R4/valueset-address-type.html" : "AddressType"
    },
    {
      "url" : "http://hl7.org/fhir/address-use",
      "version" : "4.0.1",
      "status" : "active",
      "name" : "AddressUse",
      "title" : "AddressUse",
      "description" : "The use of an address.",
      "oids" : ["2.16.840.1.113883.4.642.4.68"],
      "uses" : {
      },
      "http://hl7.org/fhir/R4/valueset-address-use.html" : "AddressUse"
    },
    {
      "url" : "http://hl7.org/fhir/contact-point-system",
      "version" : "4.0.1",
      "status" : "active",
      "name" : "ContactPointSystem",
      "title" : "ContactPointSystem",
      "description" : "Telecommunications form for contact point.",
      "oids" : ["2.16.840.1.113883.4.642.4.72"],
      "uses" : {
      },
      "http://hl7.org/fhir/R4/valueset-contact-point-system.html" : "ContactPointSystem"
    },
    {
      "url" : "http://hl7.org/fhir/contact-point-use",
      "version" : "4.0.1",
      "status" : "active",
      "name" : "ContactPointUse",
      "title" : "ContactPointUse",
      "description" : "Use of contact point.",
      "oids" : ["2.16.840.1.113883.4.642.4.74"],
      "uses" : {
      },
      "http://hl7.org/fhir/R4/valueset-contact-point-use.html" : "ContactPointUse"
    },
    {
      "url" : "http://hl7.org/fhir/identifier-use",
      "version" : "4.0.1",
      "status" : "active",
      "name" : "IdentifierUse",
      "title" : "IdentifierUse",
      "description" : "Identifies the purpose for this identifier, if known .",
      "oids" : ["2.16.840.1.113883.4.642.4.58"],
      "uses" : {
      },
      "http://hl7.org/fhir/R4/valueset-identifier-use.html" : "IdentifierUse"
    },
    {
      "url" : "http://hl7.org/fhir/resource-types",
      "version" : "4.0.1",
      "status" : "active",
      "name" : "ResourceType",
      "title" : "ResourceType",
      "description" : "One of the resource types defined as part of this version of FHIR.",
      "uses" : {
      },
      "http://hl7.org/fhir/R4/valueset-resource-types.html" : "ResourceType"
    },
    {
      "url" : "http://terminology.hl7.org/CodeSystem/contactentity-type",
      "version" : "0.5.0",
      "status" : "draft",
      "name" : "ContactEntityType",
      "title" : "Contact entity type",
      "description" : "This example value set defines a set of codes that can be used to indicate the purpose for which you would contact a contact party.",
      "oids" : ["2.16.840.1.113883.4.642.1.1129"],
      "uses" : {
      },
      "http://hl7.org/fhir/R4/valueset-contactentity-type.html" : "Contact entity type"
    },
    {
      "url" : "http://terminology.hl7.org/CodeSystem/v2-0203",
      "version" : "3.0.0",
      "status" : "active",
      "name" : "IdentifierType",
      "title" : "identifierType",
      "description" : "HL7-defined code system of concepts specifying type of identifier. Used in HL7 Version 2.x messaging data types CX, PLN, PPN, XCN and XON.",
      "oids" : ["2.16.840.1.113883.18.108"],
      "uses" : {
      },
      "http://hl7.org/fhir/R4/valueset-identifier-type.html" : "IdentifierType"
    },
    {
      "url" : "https://hl7chile.cl/fhir/ig/clcore/CodeSystem/CSCodComunasCL",
      "version" : "1.8.5",
      "status" : "active",
      "name" : "CSCodComunasCL",
      "title" : "Códigos de Comunas en Chile",
      "description" : "Códigos de Comunas para Chile según Códigos Únicos Territoriales Actualizados, por Decreto exento No 817 del Ministerio del Interior",
      "uses" : {
      },
      "https://hl7chile.cl/fhir/ig/clcore/1.8.5/ValueSet-VSCodigosComunaCL.html" : "Códigos de Comunas en Chile"
    },
    {
      "url" : "https://hl7chile.cl/fhir/ig/clcore/CodeSystem/CSCodProvinciasCL",
      "version" : "1.8.5",
      "status" : "active",
      "name" : "CSCodProvinciasCL",
      "title" : "Códigos de Provincias en Chile",
      "description" : "Códigos de Provincias para Chile según Códigos Únicos Territoriales Actualizados, por Decreto exento No 817 del Ministerio del Interior",
      "uses" : {
      },
      "https://hl7chile.cl/fhir/ig/clcore/1.8.5/ValueSet-VSCodigosProvinciasCL.html" : "Códigos de Provincias en Chile"
    },
    {
      "url" : "https://hl7chile.cl/fhir/ig/clcore/CodeSystem/CSCodRegionCL",
      "version" : "1.8.5",
      "status" : "active",
      "name" : "CSCodRegionCL",
      "title" : "Códigos de Regiones en Chile",
      "description" : "Códigos de Regiones para Chile según Códigos Únicos Territoriales Actualizados, por Decreto exento No 817 del Ministerio del Interior",
      "uses" : {
      },
      "https://hl7chile.cl/fhir/ig/clcore/1.8.5/ValueSet-VSCodigosRegionesCL.html" : "Códigos de Regiones en Chile"
    },
    {
      "url" : "https://hl7chile.cl/fhir/ig/clcore/CodeSystem/CodPais",
      "version" : "1.8.5",
      "status" : "active",
      "name" : "CSCodPaises",
      "title" : "Códigos de Países",
      "description" : "Codigos definidos para la identificación de países segun norma ISO3166-N",
      "uses" : {
      },
      "https://hl7chile.cl/fhir/ig/clcore/1.8.5/ValueSet-CodPais.html" : "Códigos de Países"
    },
    {
      "url" : "https://interoperabilidad.minsal.cl/fhir/ig/mfr/CodeSystem/CSAmbitoFuncionamiento",
      "version" : "0.1.4",
      "status" : "active",
      "name" : "CSAmbitoFuncionamiento",
      "title" : "Ambito Funcionamiento",
      "description" : "Ambito Funcionamiento",
      "uses" : {
      },
      "ValueSet-VSAmbitoFuncionamiento.html" : "Ambito Funcionamiento"
    },
    {
      "url" : "https://interoperabilidad.minsal.cl/fhir/ig/mfr/CodeSystem/CSCertificacionInst",
      "version" : "0.1.4",
      "status" : "active",
      "name" : "CSCertificacionInst",
      "title" : "Procedimientos de certificación",
      "description" : "Procedimientos de certificación",
      "uses" : {
      },
      "ValueSet-VSCertificacionInst.html" : "Procedimientos de certificación"
    },
    {
      "url" : "https://interoperabilidad.minsal.cl/fhir/ig/mfr/CodeSystem/CSClasificacionSapu",
      "version" : "0.1.4",
      "status" : "active",
      "name" : "CSClasificacionSapu",
      "title" : "Clasificacion SAPU",
      "description" : "Clasificacion SAPU",
      "uses" : {
      },
      "ValueSet-VSClasificacionSapu.html" : "Clasificacion SAPU"
    },
    {
      "url" : "https://interoperabilidad.minsal.cl/fhir/ig/mfr/CodeSystem/CSDependenciaAdministrativa",
      "version" : "0.1.4",
      "status" : "active",
      "name" : "CSDependenciaAdministrativa",
      "title" : "Dependencia Administrativa",
      "description" : "Dependencia Administrativa",
      "uses" : {
      },
      "ValueSet-VSDependenciaAdministrativa.html" : "Dependencia Administrativa"
    },
    {
      "url" : "https://interoperabilidad.minsal.cl/fhir/ig/mfr/CodeSystem/CSEstadoFuncionamiento",
      "version" : "0.1.4",
      "status" : "active",
      "name" : "CSEstadoFuncionamiento",
      "title" : "Estado Funcionamiento",
      "description" : "Estado Funcionamiento",
      "uses" : {
      },
      "ValueSet-VSEstadoFuncionamiento.html" : "Estado Funcionamiento"
    },
    {
      "url" : "https://interoperabilidad.minsal.cl/fhir/ig/mfr/CodeSystem/CSModalidadAtencion",
      "version" : "0.1.4",
      "status" : "active",
      "name" : "CSModalidadAtencion",
      "title" : "Modalidad atención prestador",
      "description" : "Modalidad atención",
      "uses" : {
      },
      "ValueSet-VSModalidadAtencion.html" : "Modalidad atención prestador"
    },
    {
      "url" : "https://interoperabilidad.minsal.cl/fhir/ig/mfr/CodeSystem/CSNivelAtencion",
      "version" : "0.1.4",
      "status" : "active",
      "name" : "CSNivelAtencion",
      "title" : "Nivel Atencion",
      "description" : "Nivel de Atencion",
      "uses" : {
      },
      "ValueSet-VSNivelAtencion.html" : "Nivel de Atencion"
    },
    {
      "url" : "https://interoperabilidad.minsal.cl/fhir/ig/mfr/CodeSystem/CSNivelComplejidadEstablecimiento",
      "version" : "0.1.4",
      "status" : "active",
      "name" : "CSNivelComplejidadEstablecimiento",
      "title" : "Nivel Complejidad Establecimiento",
      "description" : "Nivel Complejidad Establecimiento",
      "uses" : {
      },
      "ValueSet-VSNivelComplejidadEstablecimiento.html" : "Nivel Complejidad Establecimiento"
    },
    {
      "url" : "https://interoperabilidad.minsal.cl/fhir/ig/mfr/CodeSystem/CSPertenenciaSNSS",
      "version" : "0.1.4",
      "status" : "active",
      "name" : "CSPertenenciaSNSS",
      "title" : "PertenenciaSNSS",
      "description" : "PertenenciaSNSS",
      "uses" : {
      },
      "ValueSet-VSPertenenciaSNSS.html" : "PertenenciaSNSS"
    },
    {
      "url" : "https://interoperabilidad.minsal.cl/fhir/ig/mfr/CodeSystem/CSSEREMI",
      "version" : "0.1.4",
      "status" : "active",
      "name" : "CSSeremi",
      "title" : "SEREMIs",
      "description" : "SEREMIs",
      "uses" : {
      },
      "ValueSet-VSSeremiServiciosdeSalud.html" : "Códigos Seremi/ServiciosdeSalud"
    },
    {
      "url" : "https://interoperabilidad.minsal.cl/fhir/ig/mfr/CodeSystem/CSServiciosdeSalud",
      "version" : "0.1.4",
      "status" : "active",
      "name" : "CSServiciosdeSalud",
      "title" : "Servicios de Salud",
      "description" : "Servicios de Salud",
      "uses" : {
      },
      "ValueSet-VSSeremiServiciosdeSalud.html" : "Códigos Seremi/ServiciosdeSalud"
    },
    {
      "url" : "https://interoperabilidad.minsal.cl/fhir/ig/mfr/CodeSystem/CSSexoBiologico",
      "version" : "0.1.4",
      "status" : "active",
      "name" : "CSSexoBiologico",
      "title" : "Códigos para Sexo de Nacimiento de Paciente",
      "description" : "Codigos definidos para el sexo de nacimiento de un paciente en Chile",
      "uses" : {
      },
      "ValueSet-VSSexoBiologico.html" : "Códigos para sexo biológico en Chile"
    },
    {
      "url" : "https://interoperabilidad.minsal.cl/fhir/ig/mfr/CodeSystem/CSTipoIdentificadorDEIS",
      "version" : "0.1.4",
      "status" : "active",
      "name" : "CSTipoIdentificadorDEIS",
      "title" : "Códigos para tipops de identificadores",
      "description" : "Códigos para lo tipos de identificadores",
      "uses" : {
      },
      "ValueSet-VSTipoIdentificadorDEIS.html" : "Códigos para tipops de identificadores"
    },
    {
      "url" : "https://interoperabilidad.minsal.cl/fhir/ig/mfr/CodeSystem/CSTipoUrgencia",
      "version" : "0.1.4",
      "status" : "active",
      "name" : "CSTipoUrgencia",
      "title" : "Tipo de urgencia",
      "description" : "Tipo de urgencia",
      "uses" : {
      },
      "ValueSet-VSTipoUrgencia.html" : "Tipo de urgencia"
    },
    {
      "url" : "https://interoperabilidad.minsal.cl/fhir/ig/mfr/CodeSystem/CSTiposEstabPubAPS",
      "version" : "0.1.4",
      "status" : "active",
      "name" : "CSTiposEstabPubAPS",
      "title" : "Tipos de establecimientos públicos en APS",
      "description" : "Tipos de establecimientos públicos en APS",
      "uses" : {
      },
      "ValueSet-VSTipoEstablecimiento.html" : "Tipos de establecimiento de salud"
    },
    {
      "url" : "https://interoperabilidad.minsal.cl/fhir/ig/mfr/CodeSystem/CSTiposEstabPubEsp",
      "version" : "0.1.4",
      "status" : "active",
      "name" : "CSTiposEstabPubEsp",
      "title" : "Tipos de establecimientos públicos Especialidades",
      "description" : "Tipos de establecimientos públicos Especialidades",
      "uses" : {
      },
      "ValueSet-VSTipoEstablecimiento.html" : "Tipos de establecimiento de salud"
    },
    {
      "url" : "https://interoperabilidad.minsal.cl/fhir/ig/mfr/CodeSystem/CSTiposEstabPubHosp",
      "version" : "0.1.4",
      "status" : "active",
      "name" : "CSTiposEstabPubHosp",
      "title" : "Tipos de establecimientos públicos Hospitales",
      "description" : "Tipos de establecimientos públicos Hospitales",
      "uses" : {
      },
      "ValueSet-VSTipoEstablecimiento.html" : "Tipos de establecimiento de salud"
    },
    {
      "url" : "https://interoperabilidad.minsal.cl/fhir/ig/mfr/CodeSystem/CSTiposEstabPubOtros",
      "version" : "0.1.4",
      "status" : "active",
      "name" : "CSTiposEstabPubOtros",
      "title" : "Tipos de establecimientos públicos \"otros\"",
      "description" : "Tipos de establecimientos públicos \"otros\" ",
      "uses" : {
      },
      "ValueSet-VSTipoEstablecimiento.html" : "Tipos de establecimiento de salud"
    },
    {
      "url" : "https://interoperabilidad.minsal.cl/fhir/ig/mfr/CodeSystem/CSTiposPrestador",
      "version" : "0.1.4",
      "status" : "active",
      "name" : "CSTipoPrestador",
      "title" : "Tipos de prestadores",
      "description" : "Tipos de prestadores",
      "uses" : {
      },
      "ValueSet-VSTiposPrestador.html" : "Tipos de prestadores"
    },
    {
      "url" : "urn:ietf:bcp:47",
      "version" : "2.0.1",
      "status" : "active",
      "name" : "Ietf3066",
      "title" : "Tags for the Identification of Languages",
      "description" : "Older value from OID registry.  Superceded; see recommendations in BCP-47.",
      "oids" : ["2.16.840.1.113883.6.121"],
      "uses" : {
      },
      "http://hl7.org/fhir/R4/valueset-languages.html" : "Common Languages"
    }
  ]
}
