{
  "codeSystems" : [
    {
      "url" : "http://hl7.org/fhir/address-type",
      "version" : "4.0.1",
      "status" : "active",
      "name" : "AddressType",
      "title" : "AddressType",
      "description" : "The type of an address (physical / postal).",
      "oids" : ["2.16.840.1.113883.4.642.4.70"],
      "uses" : {
      },
      "http://hl7.org/fhir/R4/valueset-address-type.html" : "AddressType"
    },
    {
      "url" : "http://hl7.org/fhir/address-use",
      "version" : "4.0.1",
      "status" : "active",
      "name" : "AddressUse",
      "title" : "AddressUse",
      "description" : "The use of an address.",
      "oids" : ["2.16.840.1.113883.4.642.4.68"],
      "uses" : {
      },
      "http://hl7.org/fhir/R4/valueset-address-use.html" : "AddressUse"
    },
    {
      "url" : "http://hl7.org/fhir/administrative-gender",
      "version" : "4.0.1",
      "status" : "active",
      "name" : "AdministrativeGender",
      "title" : "AdministrativeGender",
      "description" : "The gender of a person used for administrative purposes.",
      "oids" : ["2.16.840.1.113883.4.642.4.2"],
      "uses" : {
      },
      "http://hl7.org/fhir/R4/valueset-administrative-gender.html" : "AdministrativeGender"
    },
    {
      "url" : "http://hl7.org/fhir/contact-point-system",
      "version" : "4.0.1",
      "status" : "active",
      "name" : "ContactPointSystem",
      "title" : "ContactPointSystem",
      "description" : "Telecommunications form for contact point.",
      "oids" : ["2.16.840.1.113883.4.642.4.72"],
      "uses" : {
      },
      "http://hl7.org/fhir/R4/valueset-contact-point-system.html" : "ContactPointSystem"
    },
    {
      "url" : "http://hl7.org/fhir/contact-point-use",
      "version" : "4.0.1",
      "status" : "active",
      "name" : "ContactPointUse",
      "title" : "ContactPointUse",
      "description" : "Use of contact point.",
      "oids" : ["2.16.840.1.113883.4.642.4.74"],
      "uses" : {
      },
      "http://hl7.org/fhir/R4/valueset-contact-point-use.html" : "ContactPointUse"
    },
    {
      "url" : "http://hl7.org/fhir/days-of-week",
      "version" : "4.0.1",
      "status" : "active",
      "name" : "DaysOfWeek",
      "title" : "DaysOfWeek",
      "description" : "The days of the week.",
      "oids" : ["2.16.840.1.113883.4.642.4.513"],
      "uses" : {
      },
      "http://hl7.org/fhir/R4/valueset-days-of-week.html" : "DaysOfWeek"
    },
    {
      "url" : "http://hl7.org/fhir/identifier-use",
      "version" : "4.0.1",
      "status" : "active",
      "name" : "IdentifierUse",
      "title" : "IdentifierUse",
      "description" : "Identifies the purpose for this identifier, if known .",
      "oids" : ["2.16.840.1.113883.4.642.4.58"],
      "uses" : {
      },
      "http://hl7.org/fhir/R4/valueset-identifier-use.html" : "IdentifierUse"
    },
    {
      "url" : "http://hl7.org/fhir/location-mode",
      "version" : "4.0.1",
      "status" : "draft",
      "name" : "LocationMode",
      "title" : "LocationMode",
      "description" : "Indicates whether a resource instance represents a specific location or a class of locations.",
      "oids" : ["2.16.840.1.113883.4.642.4.331"],
      "uses" : {
      },
      "http://hl7.org/fhir/R4/valueset-location-mode.html" : "LocationMode"
    },
    {
      "url" : "http://hl7.org/fhir/location-status",
      "version" : "4.0.1",
      "status" : "draft",
      "name" : "LocationStatus",
      "title" : "LocationStatus",
      "description" : "Indicates whether the location is still in use.",
      "oids" : ["2.16.840.1.113883.4.642.4.333"],
      "uses" : {
      },
      "http://hl7.org/fhir/R4/valueset-location-status.html" : "LocationStatus"
    },
    {
      "url" : "http://hl7.org/fhir/name-use",
      "version" : "4.0.1",
      "status" : "active",
      "name" : "NameUse",
      "title" : "NameUse",
      "description" : "The use of a human name.",
      "oids" : ["2.16.840.1.113883.4.642.4.66"],
      "uses" : {
      },
      "http://hl7.org/fhir/R4/valueset-name-use.html" : "NameUse"
    },
    {
      "url" : "http://hl7.org/fhir/resource-types",
      "version" : "4.0.1",
      "status" : "active",
      "name" : "ResourceType",
      "title" : "ResourceType",
      "description" : "One of the resource types defined as part of this version of FHIR.",
      "uses" : {
      },
      "http://hl7.org/fhir/R4/valueset-resource-types.html" : "ResourceType"
    },
    {
      "url" : "http://terminology.hl7.org/CodeSystem/contactentity-type",
      "version" : "0.5.0",
      "status" : "draft",
      "name" : "ContactEntityType",
      "title" : "Contact entity type",
      "description" : "This example value set defines a set of codes that can be used to indicate the purpose for which you would contact a contact party.",
      "oids" : ["2.16.840.1.113883.4.642.1.1129"],
      "uses" : {
      },
      "http://hl7.org/fhir/R4/valueset-contactentity-type.html" : "Contact entity type"
    },
    {
      "url" : "http://terminology.hl7.org/CodeSystem/location-physical-type",
      "version" : "1.0.0",
      "status" : "draft",
      "name" : "LocationType",
      "title" : "Location type",
      "description" : "This example value set defines a set of codes that can be used to indicate the physical form of the Location.\r\rThis includes several 'non physical' codes which are still considered a location.",
      "oids" : ["2.16.840.1.113883.4.642.1.1108"],
      "uses" : {
      },
      "http://hl7.org/fhir/R4/valueset-location-physical-type.html" : "Location type"
    },
    {
      "url" : "http://terminology.hl7.org/CodeSystem/v2-0203",
      "version" : "3.0.0",
      "status" : "active",
      "name" : "IdentifierType",
      "title" : "identifierType",
      "description" : "HL7-defined code system of concepts specifying type of identifier. Used in HL7 Version 2.x messaging data types CX, PLN, PPN, XCN and XON.",
      "oids" : ["2.16.840.1.113883.18.108"],
      "uses" : {
      },
      "http://hl7.org/fhir/R4/valueset-identifier-type.html" : "IdentifierType"
    },
    {
      "url" : "http://terminology.hl7.org/CodeSystem/v3-RoleCode",
      "version" : "2.2.0",
      "status" : "active",
      "name" : "RoleCode",
      "title" : "RoleCode",
      "description" : "A set of codes further specifying the kind of Role; specific classification codes for further qualifying RoleClass codes.",
      "oids" : ["2.16.840.1.113883.5.111"],
      "uses" : {
      },
      "http://terminology.hl7.org/5.3.0/ValueSet-v3-ServiceDeliveryLocationRoleType.html" : "ServiceDeliveryLocationRoleType"
    },
    {
      "url" : "https://hl7chile.cl/fhir/ig/clcore/CodeSystem/CodPais",
      "version" : "1.8.7",
      "status" : "active",
      "name" : "CSCodPaises",
      "title" : "Códigos de Países",
      "description" : "Codigos definidos para la identificación de países segun norma ISO3166-N",
      "uses" : {
      },
      "https://hl7chile.cl/fhir/ig/clcore/1.8.6/ValueSet-CodPais.html" : "Códigos de Países"
    },
    {
      "url" : "https://interoperabilidad.minsal.cl/fhir/ig/mfr/CodeSystem/CSAmbitoFuncionamiento",
      "version" : "0.1.1",
      "status" : "active",
      "name" : "CSAmbitoFuncionamiento",
      "title" : "AmbitoFuncionamiento",
      "description" : "AmbitoFuncionamiento",
      "uses" : {
      },
      "ValueSet-VSAmbitoFuncionamiento.html" : "AmbitoFuncionamiento"
    },
    {
      "url" : "https://interoperabilidad.minsal.cl/fhir/ig/mfr/CodeSystem/CSCertificacionInst",
      "version" : "0.1.1",
      "status" : "active",
      "name" : "CSCertificacionInst",
      "title" : "Códigos paa procedimientos de certificación",
      "description" : "Códigos para procedimientos de certificación según Norma 820",
      "uses" : {
      },
      "ValueSet-VSCertificacionInst.html" : "Códigos paa procedimientos de certificación"
    },
    {
      "url" : "https://interoperabilidad.minsal.cl/fhir/ig/mfr/CodeSystem/CSClasUrgAPS",
      "version" : "0.1.1",
      "status" : "active",
      "name" : "CSClasUrgAPS",
      "title" : "Códigos para clasificación de urgencia en APS",
      "description" : "Códigos para clasificación de urgencia en APS según Norma 820",
      "uses" : {
      },
      "ValueSet-VSClasUrgAPS.html" : "Códigos para clasificación de urgencia en APS"
    },
    {
      "url" : "https://interoperabilidad.minsal.cl/fhir/ig/mfr/CodeSystem/CSDependenciaAdministrativa",
      "version" : "0.1.1",
      "status" : "active",
      "name" : "CSDependenciaAdministrativa",
      "title" : "DependenciaAdministrativa",
      "description" : "DependenciaAdministrativa",
      "uses" : {
      },
      "ValueSet-VSDependenciaAdministrativa.html" : "DependenciaAdministrativa"
    },
    {
      "url" : "https://interoperabilidad.minsal.cl/fhir/ig/mfr/CodeSystem/CSEstadoFuncionamiento",
      "version" : "0.1.1",
      "status" : "active",
      "name" : "CSEstadoFuncionamiento",
      "title" : "EstadoFuncionamiento",
      "description" : "EstadoFuncionamiento",
      "uses" : {
      },
      "ValueSet-VSEstadoFuncionamiento.html" : "EstadoFuncionamiento"
    },
    {
      "url" : "https://interoperabilidad.minsal.cl/fhir/ig/mfr/CodeSystem/CSModalidadAte",
      "version" : "0.1.1",
      "status" : "active",
      "name" : "CSModalidadAte",
      "title" : "Códigos para modalidad atención prestador",
      "description" : "Códigos para modalidad atención prestador según Norma 820",
      "uses" : {
      },
      "ValueSet-VSModalidadAte.html" : "Códigos para modalidad atención prestador"
    },
    {
      "url" : "https://interoperabilidad.minsal.cl/fhir/ig/mfr/CodeSystem/CSNivelPrestador",
      "version" : "0.1.1",
      "status" : "active",
      "name" : "CSNivelPrestador",
      "title" : "Códigos para nivel del prestador",
      "description" : "Códigos para nivel del prestador según Norma 820",
      "uses" : {
      },
      "ValueSet-VSNivelPrestador.html" : "Códigos para nivel del prestador"
    },
    {
      "url" : "https://interoperabilidad.minsal.cl/fhir/ig/mfr/CodeSystem/CSSexoBiologico",
      "version" : "0.1.1",
      "status" : "active",
      "name" : "CSSexoBiologico",
      "title" : "Códigos para Sexo de Nacimiento de Paciente",
      "description" : "Codigos definidos para el sexo de nacimiento de un paciente en Chile",
      "uses" : {
      },
      "ValueSet-VSSexoBiologico.html" : "Códigos para sexo biológico en Chile"
    },
    {
      "url" : "https://interoperabilidad.minsal.cl/fhir/ig/mfr/CodeSystem/CSTipoIdentificadorDEIS",
      "version" : "0.1.1",
      "status" : "active",
      "name" : "CSTipoIdentificadorDEIS",
      "title" : "Códigos para tipops de identificadores 820",
      "description" : "Códigos para lo tipos de identificadores según Norma 820, agregando RNPI",
      "uses" : {
      },
      "ValueSet-VSTipoIdentificadorDEIS.html" : "Códigos para tipops de identificadores 820"
    },
    {
      "url" : "https://interoperabilidad.minsal.cl/fhir/ig/mfr/CodeSystem/CSTipoUrgencia",
      "version" : "0.1.1",
      "status" : "active",
      "name" : "CSTipoUrgencia",
      "title" : "Códigos para tipo de urgencia",
      "description" : "Códigos para tipo de urgencia según Norma 820",
      "uses" : {
      },
      "ValueSet-VSTipoUrgencia.html" : "Códigos para tipo de urgencia"
    },
    {
      "url" : "https://interoperabilidad.minsal.cl/fhir/ig/mfr/CodeSystem/CSTiposEstabPub",
      "version" : "0.1.1",
      "status" : "active",
      "name" : "CSTiposEstabPub",
      "title" : "Códigos para tipos de establecimientos públicos",
      "description" : "Códigos para lo tipos de establecimientos públicos según Norma 820",
      "uses" : {
      },
      "ValueSet-VSTipoEstablecimiento.html" : "Códigos para tipo de establecimiento de salud"
    },
    {
      "url" : "https://interoperabilidad.minsal.cl/fhir/ig/mfr/CodeSystem/CSTiposEstabPubAPS",
      "version" : "0.1.1",
      "status" : "active",
      "name" : "CSTiposEstabPubAPS",
      "title" : "Códigos para tipos de establecimientos públicos en APS",
      "description" : "Códigos para lo tipos de establecimientos públicos en APS según Norma 820",
      "uses" : {
      },
      "ValueSet-VSTipoEstablecimiento.html" : "Códigos para tipo de establecimiento de salud"
    },
    {
      "url" : "https://interoperabilidad.minsal.cl/fhir/ig/mfr/CodeSystem/CSTiposEstabPubEsp",
      "version" : "0.1.1",
      "status" : "active",
      "name" : "CSTiposEstabPubEsp",
      "title" : "Códigos para tipos de establecimientos públicos Especialidades",
      "description" : "Códigos para lo tipos de establecimientos públicos Especialidades según Norma 820",
      "uses" : {
      },
      "ValueSet-VSTipoEstablecimiento.html" : "Códigos para tipo de establecimiento de salud"
    },
    {
      "url" : "https://interoperabilidad.minsal.cl/fhir/ig/mfr/CodeSystem/CSTiposEstabPubHosp",
      "version" : "0.1.1",
      "status" : "active",
      "name" : "CSTiposEstabPubHosp",
      "title" : "Códigos para tipos de establecimientos públicos Hospitales",
      "description" : "Códigos para lo tipos de establecimientos públicos Hospitales según Norma 820",
      "uses" : {
      },
      "ValueSet-VSTipoEstablecimiento.html" : "Códigos para tipo de establecimiento de salud"
    },
    {
      "url" : "https://interoperabilidad.minsal.cl/fhir/ig/mfr/CodeSystem/CSTiposEstabPubOtros",
      "version" : "0.1.1",
      "status" : "active",
      "name" : "CSTiposEstabPubOtros",
      "title" : "Códigos para tipos de establecimientos públicos categoría otros",
      "description" : "Códigos para lo tipos de establecimientos públicos categoría otros según Norma 820",
      "uses" : {
      },
      "ValueSet-VSTipoEstablecimiento.html" : "Códigos para tipo de establecimiento de salud"
    },
    {
      "url" : "https://interoperabilidad.minsal.cl/fhir/ig/mfr/CodeSystem/CSTiposPrestador",
      "version" : "0.1.1",
      "status" : "active",
      "name" : "CSTipoPrestador",
      "title" : "Códigos para tipos de prestadores",
      "description" : "Códigos para lo tipos de prestadores según Norma 820",
      "uses" : {
      },
      "ValueSet-VSTiposPrestador.html" : "Códigos para tipos de prestadores"
    },
    {
      "url" : "urn:ietf:bcp:47",
      "version" : "2.0.1",
      "status" : "active",
      "name" : "Ietf3066",
      "title" : "Tags for the Identification of Languages",
      "description" : "Older value from OID registry.  Superceded; see recommendations in BCP-47.",
      "oids" : ["2.16.840.1.113883.6.121"],
      "uses" : {
      },
      "http://hl7.org/fhir/R4/valueset-languages.html" : "Common Languages"
    }
  ]
}
