<?xml version="1.0" encoding="UTF-8"?>

<ValueSet xmlns="http://hl7.org/fhir">
  <id value="VSClasUrgAPS"/>
  <text>
    <status value="generated"/><div xmlns="http://www.w3.org/1999/xhtml"><ul><li>Include all codes defined in <a href="CodeSystem-CSClasUrgAPS.html"><code>https://interoperabilidad.minsal.cl/fhir/ig/mfr/CodeSystem/CSClasUrgAPS</code></a></li></ul></div>
  </text>
  <url value="https://interoperabilidad.minsal.cl/fhir/ig/mfr/ValueSet/VSClasUrgAPS"/>
  <version value="0.1.1"/>
  <name value="VSClasUrgAPS"/>
  <title value="Códigos para clasificación de urgencia en APS"/>
  <status value="active"/>
  <experimental value="true"/>
  <date value="2024-01-29T00:00:00-03:00"/>
  <publisher value="Unidad de Interoperabilidad - MINSAL"/>
  <contact>
    <name value="Unidad de Interoperabilidad - MINSAL"/>
    <telecom>
      <system value="url"/>
      <value value="https://interoperabilidad.minsal.cl"/>
    </telecom>
  </contact>
  <description value="Códigos para clasificación de urgencia en APS según Norma 820"/>
  <jurisdiction>
    <coding>
      <system value="urn:iso:std:iso:3166"/>
      <code value="CL"/>
      <display value="Chile"/>
    </coding>
  </jurisdiction>
  <compose>
    <include>
      <system value="https://interoperabilidad.minsal.cl/fhir/ig/mfr/CodeSystem/CSClasUrgAPS"/>
    </include>
  </compose>
</ValueSet>