<?xml version="1.0" encoding="UTF-8"?>

<CodeSystem xmlns="http://hl7.org/fhir">
  <id value="CSNivelEducacionalDesc"/>
  <text>
    <status value="generated"/><div xmlns="http://www.w3.org/1999/xhtml">Placeholder</div>
  </text>
  <url value="http://minsal.cl/fhir/ig/mpi/CodeSystem/CSNivelEducacionalDesc"/>
  <version value="0.1.3"/>
  <name value="CSNivelEducacionalDesc"/>
  <title value="NivelEducacionalDesc"/>
  <status value="active"/>
  <experimental value="false"/>
  <date value="2023-01-15"/>
  <publisher value="MINSAL"/>
  <contact>
    <name value="MINSAL"/>
    <telecom>
      <system value="url"/>
      <value value="http://minsal.cl"/>
    </telecom>
  </contact>
  <description value="NivelEducacionalDesc"/>
  <jurisdiction>
    <coding>
      <system value="urn:iso:std:iso:3166"/>
      <code value="CL"/>
      <display value="Chile"/>
    </coding>
  </jurisdiction>
  <caseSensitive value="true"/>
  <content value="complete"/>
  <count value="2"/>
  <concept>
    <code value="01"/>
    <display value="Ultimo curso aprobado"/>
  </concept>
  <concept>
    <code value="02"/>
    <display value="Ultimo nivel aprobado"/>
  </concept>
</CodeSystem>