<?xml version="1.0" encoding="UTF-8"?>

<MessageHeader xmlns="http://hl7.org/fhir">
  <id value="EjemploMessageHeaderAgendar"/>
  <meta>
    <lastUpdated value="2023-02-14T14:12:10Z"/>
    <profile value="https://interoperabilidad.minsal.cl/fhir/ig/tei/StructureDefinition/MessageHeaderLE"/>
  </meta>
  <text>
    <status value="generated"/><div xmlns="http://www.w3.org/1999/xhtml"><p><b>Generated Narrative: MessageHeader</b><a name="EjemploMessageHeaderAgendar"> </a><a name="hcEjemploMessageHeaderAgendar"> </a></p><div style="display: inline-block; background-color: #d9e0e7; padding: 6px; margin: 4px; border: 1px solid #8da1b4; border-radius: 5px; line-height: 60%"><p style="margin-bottom: 0px">Resource MessageHeader &quot;EjemploMessageHeaderAgendar&quot; Updated &quot;2023-02-14 14:12:10+0000&quot; </p><p style="margin-bottom: 0px">Profile: <a href="StructureDefinition-MessageHeaderLE.html">MessageHeader LE</a></p></div><p><b>event</b>: Agendar (Details: https://interoperabilidad.minsal.cl/fhir/ig/tei/CodeSystem/CSTipoEventoLE code agendar = 'Agendar', stated as 'null')</p><p><b>author</b>: <a href="PractitionerRole-EjemploPractitionerRoleAgendarMH.html">PractitionerRole/EjemploPractitionerRoleAgendarMH</a></p><h3>Sources</h3><table class="grid"><tr><td style="display: none">-</td><td><b>Software</b></td><td><b>Endpoint</b></td></tr><tr><td style="display: none">*</td><td>SolucionInformatica</td><td><a href="http://link-to-sending.cl">http://link-to-sending.cl</a></td></tr></table><p><b>focus</b>: </p><ul><li><a href="Appointment-EjemploAppointmentAgendar.html">Appointment/EjemploAppointmentAgendar</a></li><li><a href="ServiceRequest-EjemploServiceRequestAgendar.html">ServiceRequest/EjemploServiceRequestAgendar</a></li></ul></div>
  </text>
  <eventCoding>
    <system value="https://interoperabilidad.minsal.cl/fhir/ig/tei/CodeSystem/CSTipoEventoLE"/>
    <code value="agendar"/>
  </eventCoding>
  <author>
    <reference value="PractitionerRole/EjemploPractitionerRoleAgendarMH"/>
  </author>
  <source>
    <software value="SolucionInformatica"/>
    <endpoint value="http://link-to-sending.cl"/>
  </source>
  <focus>
    <reference value="Appointment/EjemploAppointmentAgendar"/>
  </focus>
  <focus>
    <reference value="ServiceRequest/EjemploServiceRequestAgendar"/>
  </focus>
</MessageHeader>