<?xml version="1.0" encoding="UTF-8"?>

<ServiceRequest xmlns="http://hl7.org/fhir">
  <id value="EjemploServiceRequestAgendar"/>
  <meta>
    <profile value="https://interoperabilidad.minsal.cl/fhir/ig/tei/StructureDefinition/ServiceRequestLE"/>
  </meta>
  <text>
    <status value="extensions"/><div xmlns="http://www.w3.org/1999/xhtml"><p><b>Generated Narrative: ServiceRequest</b><a name="EjemploServiceRequestAgendar"> </a><a name="hcEjemploServiceRequestAgendar"> </a></p><div style="display: inline-block; background-color: #d9e0e7; padding: 6px; margin: 4px; border: 1px solid #8da1b4; border-radius: 5px; line-height: 60%"><p style="margin-bottom: 0px">Resource ServiceRequest &quot;EjemploServiceRequestAgendar&quot; </p><p style="margin-bottom: 0px">Profile: <a href="StructureDefinition-ServiceRequestLE.html">ServiceRequest LE</a></p></div><p><b>Estado Interconsulta Codigo</b>: En espera de la atención <span style="background: LightGoldenRodYellow; margin: 4px; border: 1px solid khaki"> (<a href="CodeSystem-CSEstadoInterconsulta.html">Estado Interconsulta</a>#5)</span></p><p><b>identifier</b>: IdInterconsulta/323121</p><p><b>status</b>: draft</p><p><b>intent</b>: order</p><p><b>priority</b>: urgent</p><p><b>subject</b>: <a href="Patient-EjemploPatient.html">Patient/EjemploPatient: Anibal Diaz Cortés</a> &quot; DIAZ&quot;</p><p><b>performer</b>: <a href="PractitionerRole-EjemploPractitionerRoleAgendarMH.html">PractitionerRole/EjemploPractitionerRoleAgendarMH</a></p><p><b>supportingInfo</b>: <a href="Observation-EjemploObservationDiscapacidad.html">Observation/EjemploObservationDiscapacidad: No presenta discapacidad</a></p></div>
  </text>
  <extension url="https://interoperabilidad.minsal.cl/fhir/ig/tei/StructureDefinition/EstadoInterconsultaCodigoLE">
    <valueCodeableConcept>
      <coding>
        <system value="https://interoperabilidad.minsal.cl/fhir/ig/tei/CodeSystem/CSEstadoInterconsulta"/>
        <code value="5"/>
      </coding>
    </valueCodeableConcept>
  </extension>
  <identifier>
    <type>
      <coding>
        <system value="http://terminology.cens.cl/CodeSystem/listaespera"/>
        <code value="IdInterconsulta"/>
      </coding>
    </type>
    <value value="323121"/>
  </identifier>
  <status value="draft"/>
  <intent value="order"/>
  <priority value="urgent"/>
  <subject>
    <reference value="Patient/EjemploPatient"/>
    <display value="Anibal Diaz Cortés"/>
  </subject>
  <performer>
    <reference value="PractitionerRole/EjemploPractitionerRoleAgendarMH"/>
  </performer>
  <supportingInfo>
    <reference value="Observation/EjemploObservationDiscapacidad"/>
    <display value="No presenta discapacidad"/>
  </supportingInfo>
</ServiceRequest>