<?xml version="1.0" encoding="UTF-8"?>

<Observation xmlns="http://hl7.org/fhir">
  <id value="AnamnesisEjemplo"/>
  <meta>
    <profile value="https://interoperabilidad.minsal.cl/fhir/ig/tei/StructureDefinition/ObservationAnamnesisLE"/>
  </meta>
  <text>
    <status value="generated"/><div xmlns="http://www.w3.org/1999/xhtml"><p class="res-header-id"><b>Generated Narrative: Observation AnamnesisEjemplo</b></p><a name="AnamnesisEjemplo"> </a><a name="hcAnamnesisEjemplo"> </a><a name="AnamnesisEjemplo-es-CL"> </a><div style="display: inline-block; background-color: #d9e0e7; padding: 6px; margin: 4px; border: 1px solid #8da1b4; border-radius: 5px; line-height: 60%"><p style="margin-bottom: 0px"/><p style="margin-bottom: 0px">Profile: <a href="StructureDefinition-ObservationAnamnesisLE.html">Observation Anamnesis LE</a></p></div><p><b>status</b>: Registered</p><p><b>code</b>: <span title="Codes:{http://snomed.info/sct 84100007}">Anamnesis</span></p><p><b>subject</b>: <a href="Patient-EjemploPatientLE.html">María Josefina Gonzalez (official) Male, DoB: 1974-12-25 ( Rol Único Nacional: 90000000-6 (use: official, ))</a></p><p><b>encounter</b>: <a href="Encounter-AtencionEjemplo.html">Encounter: extension = true; identifier = 123; status = finished; class = Presencial (Modalidad Atencion Codigo#1); type = Nueva; period = 2024-02-22 08:00:00-0300 --&gt; 2024-02-22 08:30:00-0300</a></p><p><b>effective</b>: 2024-01-24 08:30:00-0300</p><p><b>value</b>: A pesar de la severidad de la condición del paciente, se encuentra estable, por lo que, dar un tratamiento más fuerte podría afectar su condición, lo mejor será iniciar con algo lo suficientemente suave. Hay que mantenerlo vigilado.</p></div>
  </text>
  <status value="registered"/>
  <code>
    <coding>
      <system value="http://snomed.info/sct"/>
      <code value="84100007"/>
    </coding>
    <text value="Anamnesis"/>
  </code>
  <subject>
    <reference value="Patient/EjemploPatientLE"/>
  </subject>
  <encounter>
    <reference value="Encounter/AtencionEjemplo"/>
  </encounter>
  <effectiveDateTime value="2024-01-24T08:30:00-03:00"/>
  <valueString value="A pesar de la severidad de la condición del paciente, se encuentra estable, por lo que, dar un tratamiento más fuerte podría afectar su condición, lo mejor será iniciar con algo lo suficientemente suave. Hay que mantenerlo vigilado."/>
</Observation>