<?xml version="1.0" encoding="UTF-8"?>

<Observation xmlns="http://hl7.org/fhir">
  <id value="EjemploObservationCuidador"/>
  <meta>
    <profile value="https://interoperabilidad.minsal.cl/fhir/ig/tei/StructureDefinition/ObservationIniciarCuidadorLE"/>
  </meta>
  <text>
    <status value="generated"/><div xmlns="http://www.w3.org/1999/xhtml"><p class="res-header-id"><b>Generated Narrative: Observation EjemploObservationCuidador</b></p><a name="EjemploObservationCuidador"> </a><a name="hcEjemploObservationCuidador"> </a><a name="EjemploObservationCuidador-es-CL"> </a><p><b>status</b>: Final</p><p><b>code</b>: <span title="Codes:{http://loinc.org 95385-1}">Cuidador de una persona con dolencias relacionadas con la edad o enfermedades crónicas.</span></p><p><b>subject</b>: <a href="Patient-EjemploPatientLE.html">María Josefina Gonzalez (official) Male, DoB: 1974-12-25 ( Rol Único Nacional: 90000000-6 (use: official, ))</a></p><p><b>value</b>: true</p></div>
  </text>
  <status value="final"/>
  <code>
    <coding>
      <system value="http://loinc.org"/>
      <code value="95385-1"/>
      <display value="Caregiver for person with age-related complaints, chronic diseases or frailty"/>
    </coding>
    <text value="Cuidador de una persona con dolencias relacionadas con la edad o enfermedades crónicas."/>
  </code>
  <subject>
    <reference value="Patient/EjemploPatientLE"/>
  </subject>
  <valueBoolean value="true"/>
</Observation>