<?xml version="1.0" encoding="UTF-8"?>

<ValueSet xmlns="http://hl7.org/fhir">
  <id value="VsEspecialidadDest"/>
  <text>
    <status value="generated"/><div xmlns="http://www.w3.org/1999/xhtml"><p class="res-header-id"><b>Generated Narrative: ValueSet VsEspecialidadDest</b></p><a name="VsEspecialidadDest"> </a><a name="hcVsEspecialidadDest"> </a><a name="VsEspecialidadDest-es-CL"> </a><p>This value set includes codes based on the following rules:</p><ul><li>Include all codes defined in <a href="CodeSystem-CSEspecialidadMed.html"><code>https://interoperabilidad.minsal.cl/fhir/ig/tei/CodeSystem/CSEspecialidadMed</code></a></li><li>Include all codes defined in <a href="CodeSystem-CSEspecialidadOdont.html"><code>https://interoperabilidad.minsal.cl/fhir/ig/tei/CodeSystem/CSEspecialidadOdont</code></a></li></ul></div>
  </text>
  <url value="https://interoperabilidad.minsal.cl/fhir/ig/tei/ValueSet/VsEspecialidadDest"/>
  <version value="0.2.1"/>
  <name value="VsEspecialidadDest"/>
  <title value="Especialidad de Destino"/>
  <status value="active"/>
  <experimental value="false"/>
  <date value="2023-01-15"/>
  <publisher value="Unidad de Interoperabilidad - MINSAL"/>
  <contact>
    <name value="Unidad de Interoperabilidad - MINSAL"/>
    <telecom>
      <system value="url"/>
      <value value="https://interoperabilidad.minsal.cl"/>
    </telecom>
  </contact>
  <description value="Son todas las especialidades de destino de una interconsulta"/>
  <jurisdiction>
    <coding>
      <system value="urn:iso:std:iso:3166"/>
      <code value="CL"/>
      <display value="Chile"/>
    </coding>
  </jurisdiction>
  <compose>
    <include>
      <system value="https://interoperabilidad.minsal.cl/fhir/ig/tei/CodeSystem/CSEspecialidadMed"/>
    </include>
    <include>
      <system value="https://interoperabilidad.minsal.cl/fhir/ig/tei/CodeSystem/CSEspecialidadOdont"/>
    </include>
  </compose>
</ValueSet>