{
  "resourceType" : "PractitionerRole",
  "id" : "EjemploPractitionerRolePriorizar",
  "meta" : {
    "profile" : ["https://interoperabilidad.minsal.cl/fhir/ig/tei/StructureDefinition/PractitionerRoleLE"]
  },
  "text" : {
    "status" : "generated",
    "div" : "<div xmlns=\"http://www.w3.org/1999/xhtml\"><p><b>Generated Narrative: PractitionerRole</b><a name=\"EjemploPractitionerRolePriorizar\"> </a><a name=\"hcEjemploPractitionerRolePriorizar\"> </a></p><div style=\"display: inline-block; background-color: #d9e0e7; padding: 6px; margin: 4px; border: 1px solid #8da1b4; border-radius: 5px; line-height: 60%\"><p style=\"margin-bottom: 0px\">Resource PractitionerRole &quot;EjemploPractitionerRolePriorizar&quot; </p><p style=\"margin-bottom: 0px\">Profile: <a href=\"StructureDefinition-PractitionerRoleLE.html\">PractitionerRole LE</a></p></div><p><b>practitioner</b>: <a href=\"Practitioner-EjemploPractitionerPriorizar.html\">Practitioner/EjemploPractitionerPriorizar</a> &quot; SEPULVEDA&quot;</p><p><b>organization</b>: <a href=\"Organization-EjemploOrganizationPriorizar.html\">Organization/EjemploOrganizationPriorizar</a></p><p><b>code</b>: Priorizador <span style=\"background: LightGoldenRodYellow; margin: 4px; border: 1px solid khaki\"> (<a href=\"CodeSystem-CSPractitionerTipoRolLE.html\">Rol de profesionales</a>#priorizador)</span></p></div>"
  },
  "practitioner" : {
    "reference" : "Practitioner/EjemploPractitionerPriorizar"
  },
  "organization" : {
    "reference" : "Organization/EjemploOrganizationPriorizar"
  },
  "code" : [{
    "coding" : [{
      "system" : "https://interoperabilidad.minsal.cl/fhir/ig/tei/CodeSystem/CSPractitionerTipoRolLE",
      "code" : "priorizador"
    }]
  }]
}