{
  "resourceType" : "ServiceRequest",
  "id" : "EjemploServiceRequestPriorizar",
  "meta" : {
    "profile" : ["https://interoperabilidad.minsal.cl/fhir/ig/tei/StructureDefinition/ServiceRequestLE"]
  },
  "text" : {
    "status" : "extensions",
    "div" : "<div xmlns=\"http://www.w3.org/1999/xhtml\"><p><b>Generated Narrative: ServiceRequest</b><a name=\"EjemploServiceRequestPriorizar\"> </a><a name=\"hcEjemploServiceRequestPriorizar\"> </a></p><div style=\"display: inline-block; background-color: #d9e0e7; padding: 6px; margin: 4px; border: 1px solid #8da1b4; border-radius: 5px; line-height: 60%\"><p style=\"margin-bottom: 0px\">Resource ServiceRequest &quot;EjemploServiceRequestPriorizar&quot; </p><p style=\"margin-bottom: 0px\">Profile: <a href=\"StructureDefinition-ServiceRequestLE.html\">ServiceRequest LE</a></p></div><p><b>Estado Interconsulta Codigo</b>: A la espera de agendamiento <span style=\"background: LightGoldenRodYellow; margin: 4px; border: 1px solid khaki\"> (<a href=\"CodeSystem-CSEstadoInterconsulta.html\">Estado Interconsulta</a>#4)</span></p><p><b>ExtBool Atención Preferente</b>: true</p><p><b>identifier</b>: IdInterconsulta/323121</p><p><b>status</b>: draft</p><p><b>intent</b>: order</p><p><b>priority</b>: urgent</p><p><b>subject</b>: <a href=\"Patient-EjemploPatient.html\">Patient/EjemploPatient: Anibal Diaz Cortés</a> &quot; DIAZ&quot;</p><p><b>performer</b>: <a href=\"PractitionerRole-EjemploPractitionerRolePriorizar.html\">PractitionerRole/EjemploPractitionerRolePriorizar</a></p><p><b>supportingInfo</b>: <a href=\"Observation-EjemploObservationDiscapacidad.html\">Observation/EjemploObservationDiscapacidad: No presenta discapacidad</a></p></div>"
  },
  "extension" : [{
    "url" : "https://interoperabilidad.minsal.cl/fhir/ig/tei/StructureDefinition/EstadoInterconsultaCodigoLE",
    "valueCodeableConcept" : {
      "coding" : [{
        "system" : "https://interoperabilidad.minsal.cl/fhir/ig/tei/CodeSystem/CSEstadoInterconsulta",
        "code" : "4"
      }]
    }
  },
  {
    "url" : "https://interoperabilidad.minsal.cl/fhir/ig/tei/StructureDefinition/ExtBoolAtencionPreferente",
    "valueBoolean" : true
  }],
  "identifier" : [{
    "type" : {
      "coding" : [{
        "system" : "http://terminology.cens.cl/CodeSystem/listaespera",
        "code" : "IdInterconsulta"
      }]
    },
    "value" : "323121"
  }],
  "status" : "draft",
  "intent" : "order",
  "priority" : "urgent",
  "subject" : {
    "reference" : "Patient/EjemploPatient",
    "display" : "Anibal Diaz Cortés"
  },
  "performer" : [{
    "reference" : "PractitionerRole/EjemploPractitionerRolePriorizar"
  }],
  "supportingInfo" : [{
    "reference" : "Observation/EjemploObservationDiscapacidad",
    "display" : "No presenta discapacidad"
  }]
}