<?xml version="1.0" encoding="UTF-8"?>

<CodeSystem xmlns="http://hl7.org/fhir">
  <id value="CSTipoIdentificadorDEIS"/>
  <text>
    <status value="generated"/><div xmlns="http://www.w3.org/1999/xhtml"><p>This case-sensitive code system <code>http://minsal.cl/fhir/core/CodeSystem/CSTipoIdentificadorDEIS</code> defines the following codes:</p><table class="codes"><tr><td style="white-space:nowrap"><b>Code</b></td><td><b>Display</b></td><td><b>Definition</b></td></tr><tr><td style="white-space:nowrap">1<a name="CSTipoIdentificadorDEIS-1"> </a></td><td>RUN</td><td>Número Identificador de Cédula de Identidad</td></tr><tr><td style="white-space:nowrap">2<a name="CSTipoIdentificadorDEIS-2"> </a></td><td>RUN Materno/progenitor (a)</td><td>Número identificador RUN de la madre asociado a paciente recién nacido</td></tr><tr><td style="white-space:nowrap">3<a name="CSTipoIdentificadorDEIS-3"> </a></td><td>Número de Folio del Comprobante de Parto</td><td>Número del folio entregado por el Centro de Salud, acreditando el parto.</td></tr><tr><td style="white-space:nowrap">4<a name="CSTipoIdentificadorDEIS-4"> </a></td><td>Número de Pasaporte</td><td>Número del pasaporte asociado al paciente</td></tr><tr><td style="white-space:nowrap">5<a name="CSTipoIdentificadorDEIS-5"> </a></td><td>Número de Documento identificador país de origen</td><td>Número de documento extranjero</td></tr><tr><td style="white-space:nowrap">6<a name="CSTipoIdentificadorDEIS-6"> </a></td><td>Número de Identificador FONASA</td><td>Número que identifica al paciente en los registros de FONASA</td></tr><tr><td style="white-space:nowrap">98<a name="CSTipoIdentificadorDEIS-98"> </a></td><td>RNPI</td><td>Número asociado al registro nacional de prestadores individuales</td></tr></table></div>
  </text>
  <url value="http://minsal.cl/fhir/core/CodeSystem/CSTipoIdentificadorDEIS"/>
  <version value="0.1.1"/>
  <name value="CSTipoIdentificadorDEIS"/>
  <title value="Códigos para tipos de identificadores 820"/>
  <status value="active"/>
  <experimental value="true"/>
  <date value="2022-09-11T00:00:00-03:00"/>
  <publisher value="HL7 Chile"/>
  <contact>
    <name value="HL7 Chile"/>
    <telecom>
      <system value="url"/>
      <value value="https://hl7chile.cl/"/>
    </telecom>
  </contact>
  <description value="Códigos para lo tipos de identificadores según Norma 820, agregando RNPI"/>
  <jurisdiction>
    <coding>
      <system value="urn:iso:std:iso:3166"/>
      <code value="CL"/>
      <display value="Chile"/>
    </coding>
  </jurisdiction>
  <caseSensitive value="true"/>
  <content value="complete"/>
  <count value="7"/>
  <concept>
    <code value="1"/>
    <display value="RUN"/>
    <definition value="Número Identificador de Cédula de Identidad"/>
  </concept>
  <concept>
    <code value="2"/>
    <display value="RUN Materno/progenitor (a)"/>
    <definition value="Número identificador RUN de la madre asociado a paciente recién nacido"/>
  </concept>
  <concept>
    <code value="3"/>
    <display value="Número de Folio del Comprobante de Parto"/>
    <definition value="Número del folio entregado por el Centro de Salud, acreditando el parto."/>
  </concept>
  <concept>
    <code value="4"/>
    <display value="Número de Pasaporte"/>
    <definition value="Número del pasaporte asociado al paciente"/>
  </concept>
  <concept>
    <code value="5"/>
    <display value="Número de Documento identificador país de origen"/>
    <definition value="Número de documento extranjero"/>
  </concept>
  <concept>
    <code value="6"/>
    <display value="Número de Identificador FONASA"/>
    <definition value="Número que identifica al paciente en los registros de FONASA"/>
  </concept>
  <concept>
    <code value="98"/>
    <display value="RNPI"/>
    <definition value="Número asociado al registro nacional de prestadores individuales"/>
  </concept>
</CodeSystem>