{
  "resourceType" : "CodeSystem",
  "id" : "CSorigenInterconsulta",
  "language" : "es-CL",
  "text" : {
    "status" : "generated",
    "div" : "<div xml:lang=\"es-CL\" xmlns=\"http://www.w3.org/1999/xhtml\" lang=\"es-CL\"><p class=\"res-header-id\"><b>Generated Narrative: SistemaDeCodigos CSorigenInterconsulta</b></p><a name=\"CSorigenInterconsulta\"> </a><a name=\"hcCSorigenInterconsulta\"> </a><div style=\"display: inline-block; background-color: #d9e0e7; padding: 6px; margin: 4px; border: 1px solid #8da1b4; border-radius: 5px; line-height: 60%\"><p style=\"margin-bottom: 0px\">Language: es-CL</p></div><p>This case-sensitive code system <code>https://interoperabilidad.minsal.cl/fhir/ig/tei/CodeSystem/CSorigenInterconsulta</code> defines the following codes:</p><table class=\"codes\"><tr><td style=\"white-space:nowrap\"><b>Code</b></td><td><b>Display</b></td><td><b>Definition</b></td></tr><tr><td style=\"white-space:nowrap\">1<a name=\"CSorigenInterconsulta-1\"> </a></td><td>APS</td><td>APS</td></tr><tr><td style=\"white-space:nowrap\">2<a name=\"CSorigenInterconsulta-2\"> </a></td><td>Urgencia</td><td>Urgencia</td></tr><tr><td style=\"white-space:nowrap\">3<a name=\"CSorigenInterconsulta-3\"> </a></td><td>Derivación</td><td>Derivación</td></tr></table></div>"
  },
  "url" : "https://interoperabilidad.minsal.cl/fhir/ig/tei/CodeSystem/CSorigenInterconsulta",
  "version" : "0.2.1",
  "name" : "CSorigenInterconsulta",
  "title" : "Origen Interconsulta",
  "status" : "active",
  "experimental" : false,
  "date" : "2023-01-15",
  "publisher" : "Unidad de Interoperabilidad - MINSAL",
  "contact" : [{
    "name" : "Unidad de Interoperabilidad - MINSAL",
    "telecom" : [{
      "system" : "url",
      "value" : "https://interoperabilidad.minsal.cl"
    }]
  }],
  "description" : "Origen Interconsulta",
  "jurisdiction" : [{
    "coding" : [{
      "system" : "urn:iso:std:iso:3166",
      "code" : "CL",
      "display" : "Chile"
    }]
  }],
  "caseSensitive" : true,
  "content" : "complete",
  "count" : 3,
  "concept" : [{
    "code" : "1",
    "display" : "APS",
    "definition" : "APS"
  },
  {
    "code" : "2",
    "display" : "Urgencia",
    "definition" : "Urgencia"
  },
  {
    "code" : "3",
    "display" : "Derivación",
    "definition" : "Derivación"
  }]
}