<?xml version="1.0" encoding="UTF-8"?>

<CodeSystem xmlns="http://hl7.org/fhir">
  <id value="CSMediodeContacto"/>
  <language value="es-CL"/>
  <text>
    <status value="generated"/><div xml:lang="es-CL" xmlns="http://www.w3.org/1999/xhtml" lang="es-CL"><p class="res-header-id"><b>Generated Narrative: SistemaDeCodigos CSMediodeContacto</b></p><a name="CSMediodeContacto"> </a><a name="hcCSMediodeContacto"> </a><div style="display: inline-block; background-color: #d9e0e7; padding: 6px; margin: 4px; border: 1px solid #8da1b4; border-radius: 5px; line-height: 60%"><p style="margin-bottom: 0px">Language: es-CL</p></div><p>This case-sensitive code system <code>https://interoperabilidad.minsal.cl/fhir/ig/tei/CodeSystem/CSMediodeContacto</code> defines the following codes:</p><table class="codes"><tr><td style="white-space:nowrap"><b>Code</b></td><td><b>Display</b></td><td><b>Definition</b></td></tr><tr><td style="white-space:nowrap">1<a name="CSMediodeContacto-1"> </a></td><td>Correo electronico y/o carta certificada</td><td>Correo electronico y/o carta certificada</td></tr><tr><td style="white-space:nowrap">2<a name="CSMediodeContacto-2"> </a></td><td>SMS</td><td>SMS</td></tr><tr><td style="white-space:nowrap">3<a name="CSMediodeContacto-3"> </a></td><td>Llamada</td><td>Llamada</td></tr><tr><td style="white-space:nowrap">4<a name="CSMediodeContacto-4"> </a></td><td>Whatsapp</td><td>Whatsapp</td></tr><tr><td style="white-space:nowrap">5<a name="CSMediodeContacto-5"> </a></td><td>Presencial</td><td>Presencial</td></tr><tr><td style="white-space:nowrap">6<a name="CSMediodeContacto-6"> </a></td><td>Otro</td><td>Otro</td></tr></table></div>
  </text>
  <url value="https://interoperabilidad.minsal.cl/fhir/ig/tei/CodeSystem/CSMediodeContacto"/>
  <version value="0.2.1"/>
  <name value="CSMediodeContacto"/>
  <title value="Medio Notificación"/>
  <status value="active"/>
  <experimental value="false"/>
  <date value="2023-01-15"/>
  <publisher value="Unidad de Interoperabilidad - MINSAL"/>
  <contact>
    <name value="Unidad de Interoperabilidad - MINSAL"/>
    <telecom>
      <system value="url"/>
      <value value="https://interoperabilidad.minsal.cl"/>
    </telecom>
  </contact>
  <description value="Medio Notificación"/>
  <jurisdiction>
    <coding>
      <system value="urn:iso:std:iso:3166"/>
      <code value="CL"/>
      <display value="Chile"/>
    </coding>
  </jurisdiction>
  <caseSensitive value="true"/>
  <content value="complete"/>
  <count value="6"/>
  <concept>
    <code value="1"/>
    <display value="Correo electronico y/o carta certificada"/>
    <definition value="Correo electronico y/o carta certificada"/>
  </concept>
  <concept>
    <code value="2"/>
    <display value="SMS"/>
    <definition value="SMS"/>
  </concept>
  <concept>
    <code value="3"/>
    <display value="Llamada"/>
    <definition value="Llamada"/>
  </concept>
  <concept>
    <code value="4"/>
    <display value="Whatsapp"/>
    <definition value="Whatsapp"/>
  </concept>
  <concept>
    <code value="5"/>
    <display value="Presencial"/>
    <definition value="Presencial"/>
  </concept>
  <concept>
    <code value="6"/>
    <display value="Otro"/>
    <definition value="Otro"/>
  </concept>
</CodeSystem>