{
  "resourceType" : "CodeSystem",
  "id" : "CSDerivadoParaCodigo",
  "language" : "es-CL",
  "text" : {
    "status" : "generated",
    "div" : "<div xml:lang=\"es-CL\" xmlns=\"http://www.w3.org/1999/xhtml\" lang=\"es-CL\"><p class=\"res-header-id\"><b>Generated Narrative: SistemaDeCodigos CSDerivadoParaCodigo</b></p><a name=\"CSDerivadoParaCodigo\"> </a><a name=\"hcCSDerivadoParaCodigo\"> </a><div style=\"display: inline-block; background-color: #d9e0e7; padding: 6px; margin: 4px; border: 1px solid #8da1b4; border-radius: 5px; line-height: 60%\"><p style=\"margin-bottom: 0px\">Language: es-CL</p></div><p>This case-sensitive code system <code>https://interoperabilidad.minsal.cl/fhir/ig/tei/CodeSystem/CSDerivadoParaCodigo</code> defines the following codes:</p><table class=\"codes\"><tr><td style=\"white-space:nowrap\"><b>Code</b></td><td><b>Display</b></td><td><b>Definition</b></td></tr><tr><td style=\"white-space:nowrap\">1<a name=\"CSDerivadoParaCodigo-1\"> </a></td><td>Confirmación</td><td>Confirmación</td></tr><tr><td style=\"white-space:nowrap\">2<a name=\"CSDerivadoParaCodigo-2\"> </a></td><td>Control Especialista</td><td>Control Especialista</td></tr><tr><td style=\"white-space:nowrap\">3<a name=\"CSDerivadoParaCodigo-3\"> </a></td><td>Realiza Tratamiento</td><td>Realiza Tratamiento</td></tr><tr><td style=\"white-space:nowrap\">4<a name=\"CSDerivadoParaCodigo-4\"> </a></td><td>Seguimiento</td><td>Seguimiento</td></tr><tr><td style=\"white-space:nowrap\">5<a name=\"CSDerivadoParaCodigo-5\"> </a></td><td>Otro</td><td>Otro</td></tr></table></div>"
  },
  "url" : "https://interoperabilidad.minsal.cl/fhir/ig/tei/CodeSystem/CSDerivadoParaCodigo",
  "version" : "0.2.1",
  "name" : "CSDerivadoParaCodigo",
  "title" : "Derivado Para",
  "status" : "active",
  "experimental" : false,
  "date" : "2023-01-15",
  "publisher" : "Unidad de Interoperabilidad - MINSAL",
  "contact" : [{
    "name" : "Unidad de Interoperabilidad - MINSAL",
    "telecom" : [{
      "system" : "url",
      "value" : "https://interoperabilidad.minsal.cl"
    }]
  }],
  "description" : "Derivado Para",
  "jurisdiction" : [{
    "coding" : [{
      "system" : "urn:iso:std:iso:3166",
      "code" : "CL",
      "display" : "Chile"
    }]
  }],
  "caseSensitive" : true,
  "content" : "complete",
  "count" : 5,
  "concept" : [{
    "code" : "1",
    "display" : "Confirmación",
    "definition" : "Confirmación"
  },
  {
    "code" : "2",
    "display" : "Control Especialista",
    "definition" : "Control Especialista"
  },
  {
    "code" : "3",
    "display" : "Realiza Tratamiento",
    "definition" : "Realiza Tratamiento"
  },
  {
    "code" : "4",
    "display" : "Seguimiento",
    "definition" : "Seguimiento"
  },
  {
    "code" : "5",
    "display" : "Otro",
    "definition" : "Otro"
  }]
}