<?xml version="1.0" encoding="UTF-8"?>

<CodeSystem xmlns="http://hl7.org/fhir">
  <id value="CSConsecuenciaAtencionCodigo"/>
  <text>
    <status value="generated"/><div xmlns="http://www.w3.org/1999/xhtml"><p class="res-header-id"><b>Generated Narrative: CodeSystem CSConsecuenciaAtencionCodigo</b></p><a name="CSConsecuenciaAtencionCodigo"> </a><a name="hcCSConsecuenciaAtencionCodigo"> </a><a name="CSConsecuenciaAtencionCodigo-es-CL"> </a><p>This case-sensitive code system <code>https://interoperabilidad.minsal.cl/fhir/ig/tei/CodeSystem/CSConsecuenciaAtencionCodigo</code> defines the following codes:</p><table class="codes"><tr><td style="white-space:nowrap"><b>Code</b></td><td><b>Display</b></td></tr><tr><td style="white-space:nowrap">1<a name="CSConsecuenciaAtencionCodigo-1"> </a></td><td>Control</td></tr><tr><td style="white-space:nowrap">2<a name="CSConsecuenciaAtencionCodigo-2"> </a></td><td>Alta</td></tr><tr><td style="white-space:nowrap">3<a name="CSConsecuenciaAtencionCodigo-3"> </a></td><td>Derivación</td></tr></table></div>
  </text>
  <url value="https://interoperabilidad.minsal.cl/fhir/ig/tei/CodeSystem/CSConsecuenciaAtencionCodigo"/>
  <version value="0.2.1"/>
  <name value="CSConsecuenciaAtencionCodigo"/>
  <title value="Consecuencia Atención Codigo"/>
  <status value="active"/>
  <experimental value="false"/>
  <date value="2023-01-15"/>
  <publisher value="Unidad de Interoperabilidad - MINSAL"/>
  <contact>
    <name value="Unidad de Interoperabilidad - MINSAL"/>
    <telecom>
      <system value="url"/>
      <value value="https://interoperabilidad.minsal.cl"/>
    </telecom>
  </contact>
  <description value="Consecuencia Atención Codigo"/>
  <jurisdiction>
    <coding>
      <system value="urn:iso:std:iso:3166"/>
      <code value="CL"/>
      <display value="Chile"/>
    </coding>
  </jurisdiction>
  <caseSensitive value="true"/>
  <content value="complete"/>
  <count value="3"/>
  <concept>
    <code value="1"/>
    <display value="Control"/>
  </concept>
  <concept>
    <code value="2"/>
    <display value="Alta"/>
  </concept>
  <concept>
    <code value="3"/>
    <display value="Derivación"/>
  </concept>
</CodeSystem>