{
  "resourceType" : "CodeSystem",
  "id" : "CSTipoObservacionMinsal",
  "language" : "es-CL",
  "text" : {
    "status" : "generated",
    "div" : "<div xml:lang=\"es-CL\" xmlns=\"http://www.w3.org/1999/xhtml\" lang=\"es-CL\"><p class=\"res-header-id\"><b>Generated Narrative: SistemaDeCodigos CSTipoObservacionMinsal</b></p><a name=\"CSTipoObservacionMinsal\"> </a><a name=\"hcCSTipoObservacionMinsal\"> </a><div style=\"display: inline-block; background-color: #d9e0e7; padding: 6px; margin: 4px; border: 1px solid #8da1b4; border-radius: 5px; line-height: 60%\"><p style=\"margin-bottom: 0px\">Language: es-CL</p></div><p>This case-sensitive code system <code>https://interoperabilidad.minsal.cl/fhir/ig/tei/CodeSystem/CSTipoObservacionMinsal</code> defines the following code:</p><table class=\"codes\"><tr><td style=\"white-space:nowrap\"><b>Code</b></td><td><b>Display</b></td><td><b>Definition</b></td></tr><tr><td style=\"white-space:nowrap\">ECICEP<a name=\"CSTipoObservacionMinsal-ECICEP\"> </a></td><td>Estrategia de cuidado integral centrado en las personas</td><td>Estrategia de cuidado integral centrado en las personas</td></tr></table></div>"
  },
  "url" : "https://interoperabilidad.minsal.cl/fhir/ig/tei/CodeSystem/CSTipoObservacionMinsal",
  "version" : "0.2.1",
  "name" : "CSTipoObservacionMinsal",
  "title" : "Tipo de Observación",
  "status" : "active",
  "experimental" : false,
  "date" : "2023-01-15",
  "publisher" : "Unidad de Interoperabilidad - MINSAL",
  "contact" : [{
    "name" : "Unidad de Interoperabilidad - MINSAL",
    "telecom" : [{
      "system" : "url",
      "value" : "https://interoperabilidad.minsal.cl"
    }]
  }],
  "description" : "Son todos los tipos de observaciones dadas por el Ministerio De Salud",
  "jurisdiction" : [{
    "coding" : [{
      "system" : "urn:iso:std:iso:3166",
      "code" : "CL",
      "display" : "Chile"
    }]
  }],
  "caseSensitive" : true,
  "content" : "complete",
  "count" : 1,
  "concept" : [{
    "code" : "ECICEP",
    "display" : "Estrategia de cuidado integral centrado en las personas",
    "definition" : "Estrategia de cuidado integral centrado en las personas"
  }]
}