<?xml version="1.0" encoding="UTF-8"?>

<CodeSystem xmlns="http://hl7.org/fhir">
  <id value="CSPertinenciaInterconsulta"/>
  <text>
    <status value="generated"/><div xmlns="http://www.w3.org/1999/xhtml"><p class="res-header-id"><b>Generated Narrative: CodeSystem CSPertinenciaInterconsulta</b></p><a name="CSPertinenciaInterconsulta"> </a><a name="hcCSPertinenciaInterconsulta"> </a><a name="CSPertinenciaInterconsulta-es-CL"> </a><p>This case-sensitive code system <code>https://interoperabilidad.minsal.cl/fhir/ig/tei/CodeSystem/CSPertinenciaInterconsulta</code> defines the following codes:</p><table class="codes"><tr><td style="white-space:nowrap"><b>Code</b></td><td><b>Display</b></td></tr><tr><td style="white-space:nowrap">1<a name="CSPertinenciaInterconsulta-1"> </a></td><td>Pertinente</td></tr><tr><td style="white-space:nowrap">2<a name="CSPertinenciaInterconsulta-2"> </a></td><td>No Pertinente</td></tr><tr><td style="white-space:nowrap">3<a name="CSPertinenciaInterconsulta-3"> </a></td><td>Pertinente Incompleta</td></tr></table></div>
  </text>
  <url value="https://interoperabilidad.minsal.cl/fhir/ig/tei/CodeSystem/CSPertinenciaInterconsulta"/>
  <version value="0.2.1"/>
  <name value="CSPertinenciaInterconsulta"/>
  <title value="Pertinencia Interconsulta"/>
  <status value="active"/>
  <experimental value="false"/>
  <date value="2023-01-15"/>
  <publisher value="Unidad de Interoperabilidad - MINSAL"/>
  <contact>
    <name value="Unidad de Interoperabilidad - MINSAL"/>
    <telecom>
      <system value="url"/>
      <value value="https://interoperabilidad.minsal.cl"/>
    </telecom>
  </contact>
  <description value="Pertinencia Interconsulta"/>
  <jurisdiction>
    <coding>
      <system value="urn:iso:std:iso:3166"/>
      <code value="CL"/>
      <display value="Chile"/>
    </coding>
  </jurisdiction>
  <caseSensitive value="true"/>
  <content value="complete"/>
  <count value="3"/>
  <concept>
    <code value="1"/>
    <display value="Pertinente"/>
  </concept>
  <concept>
    <code value="2"/>
    <display value="No Pertinente"/>
  </concept>
  <concept>
    <code value="3"/>
    <display value="Pertinente Incompleta"/>
  </concept>
</CodeSystem>