<?xml version="1.0" encoding="UTF-8"?>

<MedicationRequest xmlns="http://hl7.org/fhir">
  <id value="PrednisonaEjemplo"/>
  <meta>
    <profile value="https://interoperabilidad.minsal.cl/fhir/ig/tei/StructureDefinition/MedicationRequestLE"/>
  </meta>
  <text>
    <status value="generated"/><div xmlns="http://www.w3.org/1999/xhtml"><p class="res-header-id"><b>Generated Narrative: PrescripciónMedicaciónTODO  /PrescripcionMedicamento PrednisonaEjemplo</b></p><a name="PrednisonaEjemplo"> </a><a name="hcPrednisonaEjemplo"> </a><div style="display: inline-block; background-color: #d9e0e7; padding: 6px; margin: 4px; border: 1px solid #8da1b4; border-radius: 5px; line-height: 60%"><p style="margin-bottom: 0px"/><p style="margin-bottom: 0px">Profile: <a href="StructureDefinition-MedicationRequestLE.html">Solicitud de Medicamento LE</a></p></div><p><b>status</b>: Draft</p><p><b>intent</b>: Order</p><p><b>medication</b>: <span title="Codes:">Prednisona 5mg</span></p><p><b>subject</b>: <a href="Patient-EjemploPatientLE.html">María Josefina Gonzalez (official) Male, DoB: 1974-12-25 ( Rol Único Nacional: 90000000-6 (use: official, ))</a></p><p><b>encounter</b>: <a href="Encounter-AtencionEjemplo.html">Encounter: extension = true; identifier = 123; status = finished; class = Presencial (Modalidad Atencion Codigo#1); type = Nueva; period = 2024-02-22 08:00:00-0300 --&gt; 2024-02-22 08:30:00-0300</a></p><p><b>requester</b>: <a href="Practitioner-PractitionerProfesionalLEAtendedor.html">Practitioner Gonzalo Gonzalez </a></p><p><b>note</b>: </p><blockquote><div><p>2 veces al día por 1 mes</p>
</div></blockquote></div>
  </text>
  <status value="draft"/>
  <intent value="order"/>
  <medicationCodeableConcept>
    <text value="Prednisona 5mg"/>
  </medicationCodeableConcept>
  <subject>
    <reference value="Patient/EjemploPatientLE"/>
  </subject>
  <encounter>
    <reference value="Encounter/AtencionEjemplo"/>
  </encounter>
  <requester>
    <reference value="Practitioner/PractitionerProfesionalLEAtendedor"/>
  </requester>
  <note>
    <text value="2 veces al día por 1 mes"/>
  </note>
</MedicationRequest>