[
  {
    "id" : "CSEspecialidadBioquim",
    "type" : "CodeSystem",
    "url" : "https://interoperabilidad.minsal.cl/fhir/ig/hpd/CodeSystem/CSEspecialidadBioquim",
    "version" : "0.2.2",
    "name" : "CSEspecialidadBioquim"
  },
  {
    "id" : "CSEspecialidadFarma",
    "type" : "CodeSystem",
    "url" : "https://interoperabilidad.minsal.cl/fhir/ig/hpd/CodeSystem/CSEspecialidadFarma",
    "version" : "0.2.2",
    "name" : "CSEspecialidadFarma"
  },
  {
    "id" : "CSEspecialidadOdonto",
    "type" : "CodeSystem",
    "url" : "https://interoperabilidad.minsal.cl/fhir/ig/hpd/CodeSystem/CSEspecialidadOdonto",
    "version" : "0.2.2",
    "name" : "CSEspecialidadOdonto"
  },
  {
    "id" : "CSSexoBiologico",
    "type" : "CodeSystem",
    "url" : "https://interoperabilidad.minsal.cl/fhir/ig/hpd/CodeSystem/CSSexoBiologico",
    "version" : "0.2.2",
    "name" : "CSSexoBiologico"
  },
  {
    "id" : "CSTipoIdentificadorDEIS",
    "type" : "CodeSystem",
    "url" : "https://interoperabilidad.minsal.cl/fhir/ig/hpd/CodeSystem/CSTipoIdentificadorDEIS",
    "version" : "0.2.2",
    "name" : "CSTipoIdentificadorDEIS"
  },
  {
    "id" : "CSTituloProf",
    "type" : "CodeSystem",
    "url" : "https://interoperabilidad.minsal.cl/fhir/ig/hpd/CodeSystem/CSTituloProf",
    "version" : "0.2.2",
    "name" : "CSTituloProf"
  },
  {
    "id" : "hl7.fhir.cl.minsal.hpd",
    "type" : "ImplementationGuide",
    "url" : "https://interoperabilidad.minsal.cl/fhir/ig/hpd/ImplementationGuide/hl7.fhir.cl.minsal.hpd",
    "version" : "0.2.2",
    "name" : "MaestroDePrestadoresIndividuales"
  },
  {
    "id" : "MINSALPrestadorAdministrativo",
    "type" : "StructureDefinition",
    "url" : "https://interoperabilidad.minsal.cl/fhir/ig/hpd/StructureDefinition/MINSALPrestadorAdministrativo",
    "version" : "0.2.2",
    "name" : "MINSALPrestadorAdministrativo"
  },
  {
    "id" : "MINSALPrestadorProfesional",
    "type" : "StructureDefinition",
    "url" : "https://interoperabilidad.minsal.cl/fhir/ig/hpd/StructureDefinition/MINSALPrestadorProfesional",
    "version" : "0.2.2",
    "name" : "MINSALPrestadorProfesional"
  },
  {
    "id" : "Mencion",
    "type" : "StructureDefinition",
    "url" : "https://interoperabilidad.minsal.cl/fhir/ig/hpd/StructureDefinition/Mencion",
    "version" : "0.2.2",
    "name" : "Mencion"
  },
  {
    "id" : "SexoNacimiento820",
    "type" : "StructureDefinition",
    "url" : "https://interoperabilidad.minsal.cl/fhir/ig/hpd/StructureDefinition/SexoNacimiento820",
    "version" : "0.2.2",
    "name" : "SexoNacimiento820"
  },
  {
    "id" : "VSEspecialidadBioquim",
    "type" : "ValueSet",
    "url" : "https://interoperabilidad.minsal.cl/fhir/ig/hpd/ValueSet/VSEspecialidadBioquim",
    "version" : "0.2.2",
    "name" : "VSEspecialidadBioquim"
  },
  {
    "id" : "VSEspecialidadFarma",
    "type" : "ValueSet",
    "url" : "https://interoperabilidad.minsal.cl/fhir/ig/hpd/ValueSet/VSEspecialidadFarma",
    "version" : "0.2.2",
    "name" : "VSEspecialidadFarma"
  },
  {
    "id" : "VSEspecialidadOdonto",
    "type" : "ValueSet",
    "url" : "https://interoperabilidad.minsal.cl/fhir/ig/hpd/ValueSet/VSEspecialidadOdonto",
    "version" : "0.2.2",
    "name" : "VSEspecialidadOdonto"
  },
  {
    "id" : "VSSexoBiologico",
    "type" : "ValueSet",
    "url" : "https://interoperabilidad.minsal.cl/fhir/ig/hpd/ValueSet/VSSexoBiologico",
    "version" : "0.2.2",
    "name" : "VSSexoBiologico"
  },
  {
    "id" : "VSTipoIdentificadorDEIS",
    "type" : "ValueSet",
    "url" : "https://interoperabilidad.minsal.cl/fhir/ig/hpd/ValueSet/VSTipoIdentificadorDEIS",
    "version" : "0.2.2",
    "name" : "VSTipoIdentificadorDEIS"
  },
  {
    "id" : "VSTituloProf",
    "type" : "ValueSet",
    "url" : "https://interoperabilidad.minsal.cl/fhir/ig/hpd/ValueSet/VSTituloProf",
    "version" : "0.2.2",
    "name" : "VSTituloProf"
  }
]
