{
  "codeSystems" : [
    {
      "url" : "https://interoperabilidad.minsal.cl/fhir/ig/hpd/CodeSystem/CSEspecialidadBioquim",
      "version" : "0.2.1",
      "status" : "active",
      "name" : "CSEspecialidadBioquim",
      "title" : "Especialidad y Subespecialidad Bioquímica",
      "description" : "Códigos de Especialidad y Subespecialidad Bioquímica."
    },
    {
      "url" : "https://interoperabilidad.minsal.cl/fhir/ig/hpd/CodeSystem/CSEspecialidadFarma",
      "version" : "0.2.1",
      "status" : "active",
      "name" : "CSEspecialidadFarma",
      "title" : "Especialidad y Subespecialidad Farmacéuticas o Química Farmacéutica",
      "description" : "Códigos de Especialidad y Subespecialidad Farmacéutica o Química Farmacéutica."
    },
    {
      "url" : "https://interoperabilidad.minsal.cl/fhir/ig/hpd/CodeSystem/CSEspecialidadOdonto",
      "version" : "0.2.1",
      "status" : "active",
      "name" : "CSEspecialidadOdonto",
      "title" : "Especialidad y Subespecialidad Odontológica",
      "description" : "Códigos de Especialidad y Subespecialidad Odontológica."
    },
    {
      "url" : "https://interoperabilidad.minsal.cl/fhir/ig/hpd/CodeSystem/CSSexoBiologico",
      "version" : "0.2.1",
      "status" : "active",
      "name" : "CSSexoBiologico",
      "title" : "Códigos para Sexo de Nacimiento de Paciente",
      "description" : "Codigos definidos para el sexo de nacimiento de un paciente en Chile"
    },
    {
      "url" : "https://interoperabilidad.minsal.cl/fhir/ig/hpd/CodeSystem/CSTipoIdentificadorDEIS",
      "version" : "0.2.1",
      "status" : "active",
      "name" : "CSTipoIdentificadorDEIS",
      "title" : "Códigos para tipos de identificadores 820",
      "description" : "Códigos para lo tipos de identificadores según Norma 820, agregando RNPI"
    },
    {
      "url" : "https://interoperabilidad.minsal.cl/fhir/ig/hpd/CodeSystem/CSTituloProf",
      "version" : "0.2.1",
      "status" : "active",
      "name" : "CSTituloProf",
      "title" : "Códigos para título profesional",
      "description" : "Códigos para títulos profesionales según Norma Técnica 820"
    }
  ]
}
