<?xml version="1.0" encoding="UTF-8"?>

<CodeSystem xmlns="http://hl7.org/fhir">
  <id value="CSSexoBiologico"/>
  <text>
    <status value="generated"/><div xmlns="http://www.w3.org/1999/xhtml">Placeholder</div>
  </text>
  <url value="http://minsal.cl/fhir/core/CodeSystem/CSSexoBiologico"/>
  <version value="0.1.1"/>
  <name value="CSSexoBiologico"/>
  <title value="Códigos para Sexo de Nacimiento de Paciente"/>
  <status value="active"/>
  <experimental value="true"/>
  <date value="2022-01-18T00:00:00-03:00"/>
  <publisher value="HL7 Chile"/>
  <contact>
    <name value="HL7 Chile"/>
    <telecom>
      <system value="url"/>
      <value value="https://hl7chile.cl/"/>
    </telecom>
  </contact>
  <description value="Codigos definidos para el sexo de nacimiento de un paciente en Chile"/>
  <caseSensitive value="true"/>
  <content value="complete"/>
  <count value="4"/>
  <concept>
    <code value="1"/>
    <display value="Hombre"/>
    <definition value="Persona que al nacer se observa anatómicamente que tiene a nivel genital pene, escroto y/o testículos."/>
  </concept>
  <concept>
    <code value="2"/>
    <display value="Mujer"/>
    <definition value="Persona que al nacerse se observa anatómicamente que tiene a nivel genital vulva u orificio vaginal."/>
  </concept>
  <concept>
    <code value="3"/>
    <display value="Intersexual"/>
    <definition value="Persona que al nacer se observa variaciones anatómicas en los órganos genitales del cuerpo que no permite clasificar de forma dicotómica en hombre o mujer. No constituye un tercer sexo."/>
  </concept>
  <concept>
    <code value="99"/>
    <display value="Desconocido"/>
    <definition value="No es posible determinarlo al momento de la atención de salud."/>
  </concept>
</CodeSystem>