URL,Version,Status,OIDs,Name,Title,Descriptino,Used
https://interoperabilidad.minsal.cl/fhir/ig/hpd/CodeSystem/CSEspecialidadBioquim,0.2.1,active,,CSEspecialidadBioquim,Especialidad y Subespecialidad Bioquímica,"Códigos de Especialidad y Subespecialidad Bioquímica.",
https://interoperabilidad.minsal.cl/fhir/ig/hpd/CodeSystem/CSEspecialidadFarma,0.2.1,active,,CSEspecialidadFarma,Especialidad y Subespecialidad Farmacéuticas o Química Farmacéutica,"Códigos de Especialidad y Subespecialidad Farmacéutica o Química Farmacéutica.",
https://interoperabilidad.minsal.cl/fhir/ig/hpd/CodeSystem/CSEspecialidadOdonto,0.2.1,active,,CSEspecialidadOdonto,Especialidad y Subespecialidad Odontológica,"Códigos de Especialidad y Subespecialidad Odontológica.",
https://interoperabilidad.minsal.cl/fhir/ig/hpd/CodeSystem/CSSexoBiologico,0.2.1,active,,CSSexoBiologico,Códigos para Sexo de Nacimiento de Paciente,"Codigos definidos para el sexo de nacimiento de un paciente en Chile",
https://interoperabilidad.minsal.cl/fhir/ig/hpd/CodeSystem/CSTipoIdentificadorDEIS,0.2.1,active,,CSTipoIdentificadorDEIS,Códigos para tipos de identificadores 820,"Códigos para lo tipos de identificadores según Norma 820, agregando RNPI",
https://interoperabilidad.minsal.cl/fhir/ig/hpd/CodeSystem/CSTituloProf,0.2.1,active,,CSTituloProf,Códigos para título profesional,"Códigos para títulos profesionales según Norma Técnica 820",
