<?xml version="1.0" encoding="UTF-8"?>

<Bundle xmlns="http://hl7.org/fhir">
  <id value="a85929d3-3cbd-47c6-b3ca-2c739b5b5b06"/>
  <meta>
    <lastUpdated value="2023-10-12T17:20:42.487-03:00"/>
  </meta>
  <type value="collection"/>
  <entry>
    <fullUrl value="https://interoperabilidad.minsal.cl/fhir/ig/snre/ValueSet/VSSexoBiologico"/>
    <resource>
      <ValueSet>
        <text>
          <status value="generated"/>
          <div xmlns="http://www.w3.org/1999/xhtml">
            <p>This value set contains 4 concepts</p>
            <p style="border: black 1px dotted; background-color: #EEEEEE; padding: 8px; margin-bottom: 8px">Expansion based on 
              <a href="CodeSystem-CSSexoBiologico.html">codesystem Códigos para Sexo de Nacimiento de Paciente v0.2.0 (CodeSystem)</a>
            </p>
            <table class="codes">
              <tr>
                <td style="white-space:nowrap">
                  <b>Code</b>
                </td>
                <td>
                  <b>System</b>
                </td>
                <td>
                  <b>Display</b>
                </td>
                <td>
                  <b>Definition</b>
                </td>
              </tr>
              <tr>
                <td style="white-space:nowrap">
                  <a name="https---interoperabilidad.minsal.cl-fhir-ig-snre-CodeSystem-CSSexoBiologico-1"> </a>  
                  <a href="CodeSystem-CSSexoBiologico.html#CSSexoBiologico-1">1</a>
                </td>
                <td>https://interoperabilidad.minsal.cl/fhir/ig/snre/CodeSystem/CSSexoBiologico</td>
                <td>Hombre</td>
                <td>
                  <div>
                    <p>Persona que al nacer se observa anatómicamente que tiene a nivel genital pene, escroto y/o testículos.</p>

                  </div>
                </td>
              </tr>
              <tr>
                <td style="white-space:nowrap">
                  <a name="https---interoperabilidad.minsal.cl-fhir-ig-snre-CodeSystem-CSSexoBiologico-2"> </a>  
                  <a href="CodeSystem-CSSexoBiologico.html#CSSexoBiologico-2">2</a>
                </td>
                <td>https://interoperabilidad.minsal.cl/fhir/ig/snre/CodeSystem/CSSexoBiologico</td>
                <td>Mujer</td>
                <td>
                  <div>
                    <p>Persona que al nacerse se observa anatómicamente que tiene a nivel genital vulva u orificio vaginal.</p>

                  </div>
                </td>
              </tr>
              <tr>
                <td style="white-space:nowrap">
                  <a name="https---interoperabilidad.minsal.cl-fhir-ig-snre-CodeSystem-CSSexoBiologico-3"> </a>  
                  <a href="CodeSystem-CSSexoBiologico.html#CSSexoBiologico-3">3</a>
                </td>
                <td>https://interoperabilidad.minsal.cl/fhir/ig/snre/CodeSystem/CSSexoBiologico</td>
                <td>Intersexual</td>
                <td>
                  <div>
                    <p>Persona que al nacer se observa variaciones anatómicas en los órganos genitales del cuerpo que no permite clasificar de forma dicotómica en hombre o mujer. No constituye un tercer sexo.</p>

                  </div>
                </td>
              </tr>
              <tr>
                <td style="white-space:nowrap">
                  <a name="https---interoperabilidad.minsal.cl-fhir-ig-snre-CodeSystem-CSSexoBiologico-99"> </a>  
                  <a href="CodeSystem-CSSexoBiologico.html#CSSexoBiologico-99">99</a>
                </td>
                <td>https://interoperabilidad.minsal.cl/fhir/ig/snre/CodeSystem/CSSexoBiologico</td>
                <td>Desconocido</td>
                <td>
                  <div>
                    <p>No es posible determinarlo al momento de la atención de salud.</p>

                  </div>
                </td>
              </tr>
            </table>
          </div>
        </text>
        <url value="https://interoperabilidad.minsal.cl/fhir/ig/snre/ValueSet/VSSexoBiologico"/>
        <version value="0.2.0"/>
        <name value="VSSexoBiologico"/>
        <title value="Códigos para sexo biológico en Chile"/>
        <status value="active"/>
        <experimental value="true"/>
        <date value="2022-01-18T00:00:00-03:00"/>
        <jurisdiction>
          <coding>
            <system value="urn:iso:std:iso:3166"/>
            <code value="CL"/>
            <display value="Chile"/>
          </coding>
        </jurisdiction>
        <expansion>
          <identifier value="urn:uuid:7e1fcc11-04d3-425d-bd16-e2c3ec44afe0"/>
          <timestamp value="2023-10-12T17:20:54-03:00"/>
          <total value="4"/>
          <parameter>
            <name value="excludeNested"/>
            <valueBoolean value="false"/>
          </parameter>
          <parameter>
            <name value="used-codesystem"/>
            <valueUri value="https://interoperabilidad.minsal.cl/fhir/ig/snre/CodeSystem/CSSexoBiologico|0.2.0"/>
          </parameter>
          <contains>
            <system value="https://interoperabilidad.minsal.cl/fhir/ig/snre/CodeSystem/CSSexoBiologico"/>
            <code value="1"/>
            <display value="Hombre"/>
          </contains>
          <contains>
            <system value="https://interoperabilidad.minsal.cl/fhir/ig/snre/CodeSystem/CSSexoBiologico"/>
            <code value="2"/>
            <display value="Mujer"/>
          </contains>
          <contains>
            <system value="https://interoperabilidad.minsal.cl/fhir/ig/snre/CodeSystem/CSSexoBiologico"/>
            <code value="3"/>
            <display value="Intersexual"/>
          </contains>
          <contains>
            <system value="https://interoperabilidad.minsal.cl/fhir/ig/snre/CodeSystem/CSSexoBiologico"/>
            <code value="99"/>
            <display value="Desconocido"/>
          </contains>
        </expansion>
      </ValueSet>
    </resource>
  </entry>
  <entry>
    <fullUrl value="https://interoperabilidad.minsal.cl/fhir/ig/snre/ValueSet/VSTipoIdentificadorDEIS"/>
    <resource>
      <ValueSet>
        <text>
          <status value="generated"/>
          <div xmlns="http://www.w3.org/1999/xhtml">
            <p>This value set contains 7 concepts</p>
            <p style="border: black 1px dotted; background-color: #EEEEEE; padding: 8px; margin-bottom: 8px">Expansion based on 
              <a href="CodeSystem-CSTipoIdentificadorDEIS.html">codesystem Códigos para tipos de identificadores 820 v0.2.0 (CodeSystem)</a>
            </p>
            <table class="codes">
              <tr>
                <td style="white-space:nowrap">
                  <b>Code</b>
                </td>
                <td>
                  <b>System</b>
                </td>
                <td>
                  <b>Display</b>
                </td>
                <td>
                  <b>Definition</b>
                </td>
              </tr>
              <tr>
                <td style="white-space:nowrap">
                  <a name="https---interoperabilidad.minsal.cl-fhir-ig-snre-CodeSystem-CSTipoIdentificadorDEIS-1"> </a>  
                  <a href="CodeSystem-CSTipoIdentificadorDEIS.html#CSTipoIdentificadorDEIS-1">1</a>
                </td>
                <td>https://interoperabilidad.minsal.cl/fhir/ig/snre/CodeSystem/CSTipoIdentificadorDEIS</td>
                <td>RUN</td>
                <td>
                  <div>
                    <p>Número Identificador de Cédula de Identidad</p>

                  </div>
                </td>
              </tr>
              <tr>
                <td style="white-space:nowrap">
                  <a name="https---interoperabilidad.minsal.cl-fhir-ig-snre-CodeSystem-CSTipoIdentificadorDEIS-2"> </a>  
                  <a href="CodeSystem-CSTipoIdentificadorDEIS.html#CSTipoIdentificadorDEIS-2">2</a>
                </td>
                <td>https://interoperabilidad.minsal.cl/fhir/ig/snre/CodeSystem/CSTipoIdentificadorDEIS</td>
                <td>RUN Materno/progenitor (a)</td>
                <td>
                  <div>
                    <p>Número identificador RUN de la madre asociado a paciente recién nacido</p>

                  </div>
                </td>
              </tr>
              <tr>
                <td style="white-space:nowrap">
                  <a name="https---interoperabilidad.minsal.cl-fhir-ig-snre-CodeSystem-CSTipoIdentificadorDEIS-3"> </a>  
                  <a href="CodeSystem-CSTipoIdentificadorDEIS.html#CSTipoIdentificadorDEIS-3">3</a>
                </td>
                <td>https://interoperabilidad.minsal.cl/fhir/ig/snre/CodeSystem/CSTipoIdentificadorDEIS</td>
                <td>Número de Folio del Comprobante de Parto</td>
                <td>
                  <div>
                    <p>Número del folio entregado por el Centro de Salud, acreditando el parto.</p>

                  </div>
                </td>
              </tr>
              <tr>
                <td style="white-space:nowrap">
                  <a name="https---interoperabilidad.minsal.cl-fhir-ig-snre-CodeSystem-CSTipoIdentificadorDEIS-4"> </a>  
                  <a href="CodeSystem-CSTipoIdentificadorDEIS.html#CSTipoIdentificadorDEIS-4">4</a>
                </td>
                <td>https://interoperabilidad.minsal.cl/fhir/ig/snre/CodeSystem/CSTipoIdentificadorDEIS</td>
                <td>Número de Pasaporte</td>
                <td>
                  <div>
                    <p>Número del pasaporte asociado al paciente</p>

                  </div>
                </td>
              </tr>
              <tr>
                <td style="white-space:nowrap">
                  <a name="https---interoperabilidad.minsal.cl-fhir-ig-snre-CodeSystem-CSTipoIdentificadorDEIS-5"> </a>  
                  <a href="CodeSystem-CSTipoIdentificadorDEIS.html#CSTipoIdentificadorDEIS-5">5</a>
                </td>
                <td>https://interoperabilidad.minsal.cl/fhir/ig/snre/CodeSystem/CSTipoIdentificadorDEIS</td>
                <td>Número de Documento identificador país de origen</td>
                <td>
                  <div>
                    <p>Número de documento extranjero</p>

                  </div>
                </td>
              </tr>
              <tr>
                <td style="white-space:nowrap">
                  <a name="https---interoperabilidad.minsal.cl-fhir-ig-snre-CodeSystem-CSTipoIdentificadorDEIS-6"> </a>  
                  <a href="CodeSystem-CSTipoIdentificadorDEIS.html#CSTipoIdentificadorDEIS-6">6</a>
                </td>
                <td>https://interoperabilidad.minsal.cl/fhir/ig/snre/CodeSystem/CSTipoIdentificadorDEIS</td>
                <td>Número de Identificador FONASA</td>
                <td>
                  <div>
                    <p>Número que identifica al paciente en los registros de FONASA</p>

                  </div>
                </td>
              </tr>
              <tr>
                <td style="white-space:nowrap">
                  <a name="https---interoperabilidad.minsal.cl-fhir-ig-snre-CodeSystem-CSTipoIdentificadorDEIS-98"> </a>  
                  <a href="CodeSystem-CSTipoIdentificadorDEIS.html#CSTipoIdentificadorDEIS-98">98</a>
                </td>
                <td>https://interoperabilidad.minsal.cl/fhir/ig/snre/CodeSystem/CSTipoIdentificadorDEIS</td>
                <td>RNPI</td>
                <td>
                  <div>
                    <p>Número asociado al registro nacional de prestadores individuales</p>

                  </div>
                </td>
              </tr>
            </table>
          </div>
        </text>
        <url value="https://interoperabilidad.minsal.cl/fhir/ig/snre/ValueSet/VSTipoIdentificadorDEIS"/>
        <version value="0.2.0"/>
        <name value="VSTipoIdentificadorDEIS"/>
        <title value="Códigos para tipos de identificadores 820"/>
        <status value="active"/>
        <experimental value="true"/>
        <date value="2022-01-18T00:00:00-03:00"/>
        <jurisdiction>
          <coding>
            <system value="urn:iso:std:iso:3166"/>
            <code value="CL"/>
            <display value="Chile"/>
          </coding>
        </jurisdiction>
        <expansion>
          <identifier value="urn:uuid:221ce748-6069-4672-bf6b-3e434d018cfd"/>
          <timestamp value="2023-10-12T17:20:57-03:00"/>
          <total value="7"/>
          <parameter>
            <name value="excludeNested"/>
            <valueBoolean value="false"/>
          </parameter>
          <parameter>
            <name value="used-codesystem"/>
            <valueUri value="https://interoperabilidad.minsal.cl/fhir/ig/snre/CodeSystem/CSTipoIdentificadorDEIS|0.2.0"/>
          </parameter>
          <contains>
            <system value="https://interoperabilidad.minsal.cl/fhir/ig/snre/CodeSystem/CSTipoIdentificadorDEIS"/>
            <code value="1"/>
            <display value="RUN"/>
          </contains>
          <contains>
            <system value="https://interoperabilidad.minsal.cl/fhir/ig/snre/CodeSystem/CSTipoIdentificadorDEIS"/>
            <code value="2"/>
            <display value="RUN Materno/progenitor (a)"/>
          </contains>
          <contains>
            <system value="https://interoperabilidad.minsal.cl/fhir/ig/snre/CodeSystem/CSTipoIdentificadorDEIS"/>
            <code value="3"/>
            <display value="Número de Folio del Comprobante de Parto"/>
          </contains>
          <contains>
            <system value="https://interoperabilidad.minsal.cl/fhir/ig/snre/CodeSystem/CSTipoIdentificadorDEIS"/>
            <code value="4"/>
            <display value="Número de Pasaporte"/>
          </contains>
          <contains>
            <system value="https://interoperabilidad.minsal.cl/fhir/ig/snre/CodeSystem/CSTipoIdentificadorDEIS"/>
            <code value="5"/>
            <display value="Número de Documento identificador país de origen"/>
          </contains>
          <contains>
            <system value="https://interoperabilidad.minsal.cl/fhir/ig/snre/CodeSystem/CSTipoIdentificadorDEIS"/>
            <code value="6"/>
            <display value="Número de Identificador FONASA"/>
          </contains>
          <contains>
            <system value="https://interoperabilidad.minsal.cl/fhir/ig/snre/CodeSystem/CSTipoIdentificadorDEIS"/>
            <code value="98"/>
            <display value="RNPI"/>
          </contains>
        </expansion>
      </ValueSet>
    </resource>
  </entry>
  <entry>
    <fullUrl value="https://interoperabilidad.minsal.cl/fhir/ig/snre/ValueSet/VSEspecialidadFarma"/>
    <resource>
      <ValueSet>
        <text>
          <status value="generated"/>
          <div xmlns="http://www.w3.org/1999/xhtml">
            <p>This value set contains 5 concepts</p>
            <p style="border: black 1px dotted; background-color: #EEEEEE; padding: 8px; margin-bottom: 8px">Expansion based on 
              <a href="CodeSystem-CSEspecialidadFarma.html">codesystem Especialidad y Subespecialidad Farmacéuticas o Química Farmacéutica v0.2.0 (CodeSystem)</a>
            </p>
            <table class="codes">
              <tr>
                <td style="white-space:nowrap">
                  <b>Code</b>
                </td>
                <td>
                  <b>System</b>
                </td>
                <td>
                  <b>Display</b>
                </td>
              </tr>
              <tr>
                <td style="white-space:nowrap">
                  <a name="https---interoperabilidad.minsal.cl-fhir-ig-snre-CodeSystem-CSEspecialidadFarma-1"> </a>  
                  <a href="CodeSystem-CSEspecialidadFarma.html#CSEspecialidadFarma-1">1</a>
                </td>
                <td>https://interoperabilidad.minsal.cl/fhir/ig/snre/CodeSystem/CSEspecialidadFarma</td>
                <td>Farmacia Clínica</td>
              </tr>
              <tr>
                <td style="white-space:nowrap">
                  <a name="https---interoperabilidad.minsal.cl-fhir-ig-snre-CodeSystem-CSEspecialidadFarma-2"> </a>  
                  <a href="CodeSystem-CSEspecialidadFarma.html#CSEspecialidadFarma-2">2</a>
                </td>
                <td>https://interoperabilidad.minsal.cl/fhir/ig/snre/CodeSystem/CSEspecialidadFarma</td>
                <td>Farmacia Hospitalaria</td>
              </tr>
              <tr>
                <td style="white-space:nowrap">
                  <a name="https---interoperabilidad.minsal.cl-fhir-ig-snre-CodeSystem-CSEspecialidadFarma-3"> </a>  
                  <a href="CodeSystem-CSEspecialidadFarma.html#CSEspecialidadFarma-3">3</a>
                </td>
                <td>https://interoperabilidad.minsal.cl/fhir/ig/snre/CodeSystem/CSEspecialidadFarma</td>
                <td>Laboratorio Clínico</td>
              </tr>
              <tr>
                <td style="white-space:nowrap">
                  <a name="https---interoperabilidad.minsal.cl-fhir-ig-snre-CodeSystem-CSEspecialidadFarma-4"> </a>  
                  <a href="CodeSystem-CSEspecialidadFarma.html#CSEspecialidadFarma-4">4</a>
                </td>
                <td>https://interoperabilidad.minsal.cl/fhir/ig/snre/CodeSystem/CSEspecialidadFarma</td>
                <td>Salud Pública</td>
              </tr>
              <tr>
                <td style="white-space:nowrap">
                  <a name="https---interoperabilidad.minsal.cl-fhir-ig-snre-CodeSystem-CSEspecialidadFarma-5"> </a>  
                  <a href="CodeSystem-CSEspecialidadFarma.html#CSEspecialidadFarma-5">5</a>
                </td>
                <td>https://interoperabilidad.minsal.cl/fhir/ig/snre/CodeSystem/CSEspecialidadFarma</td>
                <td>Laboratorio Forense</td>
              </tr>
            </table>
          </div>
        </text>
        <url value="https://interoperabilidad.minsal.cl/fhir/ig/snre/ValueSet/VSEspecialidadFarma"/>
        <version value="0.2.0"/>
        <name value="VSEspecialidadFarma"/>
        <title value="Especialidad y Subespecialidad Farmacéuticas o Química Farmacéutica"/>
        <status value="active"/>
        <experimental value="true"/>
        <date value="2022-01-18T00:00:00-03:00"/>
        <jurisdiction>
          <coding>
            <system value="urn:iso:std:iso:3166"/>
            <code value="CL"/>
            <display value="Chile"/>
          </coding>
        </jurisdiction>
        <expansion>
          <identifier value="urn:uuid:73087095-3351-47fe-aa6d-5e137372de83"/>
          <timestamp value="2023-10-12T17:20:57-03:00"/>
          <total value="5"/>
          <parameter>
            <name value="excludeNested"/>
            <valueBoolean value="false"/>
          </parameter>
          <parameter>
            <name value="used-codesystem"/>
            <valueUri value="https://interoperabilidad.minsal.cl/fhir/ig/snre/CodeSystem/CSEspecialidadFarma|0.2.0"/>
          </parameter>
          <contains>
            <system value="https://interoperabilidad.minsal.cl/fhir/ig/snre/CodeSystem/CSEspecialidadFarma"/>
            <code value="1"/>
            <display value="Farmacia Clínica"/>
          </contains>
          <contains>
            <system value="https://interoperabilidad.minsal.cl/fhir/ig/snre/CodeSystem/CSEspecialidadFarma"/>
            <code value="2"/>
            <display value="Farmacia Hospitalaria"/>
          </contains>
          <contains>
            <system value="https://interoperabilidad.minsal.cl/fhir/ig/snre/CodeSystem/CSEspecialidadFarma"/>
            <code value="3"/>
            <display value="Laboratorio Clínico"/>
          </contains>
          <contains>
            <system value="https://interoperabilidad.minsal.cl/fhir/ig/snre/CodeSystem/CSEspecialidadFarma"/>
            <code value="4"/>
            <display value="Salud Pública"/>
          </contains>
          <contains>
            <system value="https://interoperabilidad.minsal.cl/fhir/ig/snre/CodeSystem/CSEspecialidadFarma"/>
            <code value="5"/>
            <display value="Laboratorio Forense"/>
          </contains>
        </expansion>
      </ValueSet>
    </resource>
  </entry>
  <entry>
    <fullUrl value="https://interoperabilidad.minsal.cl/fhir/ig/snre/ValueSet/VSEspecialidadOdonto"/>
    <resource>
      <ValueSet>
        <text>
          <status value="generated"/>
          <div xmlns="http://www.w3.org/1999/xhtml">
            <p>This value set contains 14 concepts</p>
            <p style="border: black 1px dotted; background-color: #EEEEEE; padding: 8px; margin-bottom: 8px">Expansion based on 
              <a href="CodeSystem-CSEspecialidadOdonto.html">codesystem Especialidad y Subespecialidad Odontológica v0.2.0 (CodeSystem)</a>
            </p>
            <table class="codes">
              <tr>
                <td style="white-space:nowrap">
                  <b>Code</b>
                </td>
                <td>
                  <b>System</b>
                </td>
                <td>
                  <b>Display</b>
                </td>
              </tr>
              <tr>
                <td style="white-space:nowrap">
                  <a name="https---interoperabilidad.minsal.cl-fhir-ig-snre-CodeSystem-CSEspecialidadOdonto-1"> </a>  
                  <a href="CodeSystem-CSEspecialidadOdonto.html#CSEspecialidadOdonto-1">1</a>
                </td>
                <td>https://interoperabilidad.minsal.cl/fhir/ig/snre/CodeSystem/CSEspecialidadOdonto</td>
                <td>Cirugía y Traumatología Buco Maxilofacial</td>
              </tr>
              <tr>
                <td style="white-space:nowrap">
                  <a name="https---interoperabilidad.minsal.cl-fhir-ig-snre-CodeSystem-CSEspecialidadOdonto-2"> </a>  
                  <a href="CodeSystem-CSEspecialidadOdonto.html#CSEspecialidadOdonto-2">2</a>
                </td>
                <td>https://interoperabilidad.minsal.cl/fhir/ig/snre/CodeSystem/CSEspecialidadOdonto</td>
                <td>Cirugía Bucal</td>
              </tr>
              <tr>
                <td style="white-space:nowrap">
                  <a name="https---interoperabilidad.minsal.cl-fhir-ig-snre-CodeSystem-CSEspecialidadOdonto-3"> </a>  
                  <a href="CodeSystem-CSEspecialidadOdonto.html#CSEspecialidadOdonto-3">3</a>
                </td>
                <td>https://interoperabilidad.minsal.cl/fhir/ig/snre/CodeSystem/CSEspecialidadOdonto</td>
                <td>Endodoncia</td>
              </tr>
              <tr>
                <td style="white-space:nowrap">
                  <a name="https---interoperabilidad.minsal.cl-fhir-ig-snre-CodeSystem-CSEspecialidadOdonto-4"> </a>  
                  <a href="CodeSystem-CSEspecialidadOdonto.html#CSEspecialidadOdonto-4">4</a>
                </td>
                <td>https://interoperabilidad.minsal.cl/fhir/ig/snre/CodeSystem/CSEspecialidadOdonto</td>
                <td>Imagenología Oral y Maxilofacial</td>
              </tr>
              <tr>
                <td style="white-space:nowrap">
                  <a name="https---interoperabilidad.minsal.cl-fhir-ig-snre-CodeSystem-CSEspecialidadOdonto-5"> </a>  
                  <a href="CodeSystem-CSEspecialidadOdonto.html#CSEspecialidadOdonto-5">5</a>
                </td>
                <td>https://interoperabilidad.minsal.cl/fhir/ig/snre/CodeSystem/CSEspecialidadOdonto</td>
                <td>Implantología Buco Maxilofacial</td>
              </tr>
              <tr>
                <td style="white-space:nowrap">
                  <a name="https---interoperabilidad.minsal.cl-fhir-ig-snre-CodeSystem-CSEspecialidadOdonto-6"> </a>  
                  <a href="CodeSystem-CSEspecialidadOdonto.html#CSEspecialidadOdonto-6">6</a>
                </td>
                <td>https://interoperabilidad.minsal.cl/fhir/ig/snre/CodeSystem/CSEspecialidadOdonto</td>
                <td>Odontología legal</td>
              </tr>
              <tr>
                <td style="white-space:nowrap">
                  <a name="https---interoperabilidad.minsal.cl-fhir-ig-snre-CodeSystem-CSEspecialidadOdonto-7"> </a>  
                  <a href="CodeSystem-CSEspecialidadOdonto.html#CSEspecialidadOdonto-7">7</a>
                </td>
                <td>https://interoperabilidad.minsal.cl/fhir/ig/snre/CodeSystem/CSEspecialidadOdonto</td>
                <td>Odontopediatría</td>
              </tr>
              <tr>
                <td style="white-space:nowrap">
                  <a name="https---interoperabilidad.minsal.cl-fhir-ig-snre-CodeSystem-CSEspecialidadOdonto-8"> </a>  
                  <a href="CodeSystem-CSEspecialidadOdonto.html#CSEspecialidadOdonto-8">8</a>
                </td>
                <td>https://interoperabilidad.minsal.cl/fhir/ig/snre/CodeSystem/CSEspecialidadOdonto</td>
                <td>Ortodoncia y Ortopedia Dento Máxilo Facial</td>
              </tr>
              <tr>
                <td style="white-space:nowrap">
                  <a name="https---interoperabilidad.minsal.cl-fhir-ig-snre-CodeSystem-CSEspecialidadOdonto-9"> </a>  
                  <a href="CodeSystem-CSEspecialidadOdonto.html#CSEspecialidadOdonto-9">9</a>
                </td>
                <td>https://interoperabilidad.minsal.cl/fhir/ig/snre/CodeSystem/CSEspecialidadOdonto</td>
                <td>Patología Oral</td>
              </tr>
              <tr>
                <td style="white-space:nowrap">
                  <a name="https---interoperabilidad.minsal.cl-fhir-ig-snre-CodeSystem-CSEspecialidadOdonto-10"> </a>  
                  <a href="CodeSystem-CSEspecialidadOdonto.html#CSEspecialidadOdonto-10">10</a>
                </td>
                <td>https://interoperabilidad.minsal.cl/fhir/ig/snre/CodeSystem/CSEspecialidadOdonto</td>
                <td>Periodoncia</td>
              </tr>
              <tr>
                <td style="white-space:nowrap">
                  <a name="https---interoperabilidad.minsal.cl-fhir-ig-snre-CodeSystem-CSEspecialidadOdonto-11"> </a>  
                  <a href="CodeSystem-CSEspecialidadOdonto.html#CSEspecialidadOdonto-11">11</a>
                </td>
                <td>https://interoperabilidad.minsal.cl/fhir/ig/snre/CodeSystem/CSEspecialidadOdonto</td>
                <td>Rehabilitación Oral</td>
              </tr>
              <tr>
                <td style="white-space:nowrap">
                  <a name="https---interoperabilidad.minsal.cl-fhir-ig-snre-CodeSystem-CSEspecialidadOdonto-12"> </a>  
                  <a href="CodeSystem-CSEspecialidadOdonto.html#CSEspecialidadOdonto-12">12</a>
                </td>
                <td>https://interoperabilidad.minsal.cl/fhir/ig/snre/CodeSystem/CSEspecialidadOdonto</td>
                <td>Salud Pública</td>
              </tr>
              <tr>
                <td style="white-space:nowrap">
                  <a name="https---interoperabilidad.minsal.cl-fhir-ig-snre-CodeSystem-CSEspecialidadOdonto-13"> </a>  
                  <a href="CodeSystem-CSEspecialidadOdonto.html#CSEspecialidadOdonto-13">13</a>
                </td>
                <td>https://interoperabilidad.minsal.cl/fhir/ig/snre/CodeSystem/CSEspecialidadOdonto</td>
                <td>Somato-Prótesis</td>
              </tr>
              <tr>
                <td style="white-space:nowrap">
                  <a name="https---interoperabilidad.minsal.cl-fhir-ig-snre-CodeSystem-CSEspecialidadOdonto-14"> </a>  
                  <a href="CodeSystem-CSEspecialidadOdonto.html#CSEspecialidadOdonto-14">14</a>
                </td>
                <td>https://interoperabilidad.minsal.cl/fhir/ig/snre/CodeSystem/CSEspecialidadOdonto</td>
                <td>Trastornos Temporomandibulares Y Dolor Orofacial</td>
              </tr>
            </table>
          </div>
        </text>
        <url value="https://interoperabilidad.minsal.cl/fhir/ig/snre/ValueSet/VSEspecialidadOdonto"/>
        <version value="0.2.0"/>
        <name value="VSEspecialidadOdonto"/>
        <title value="Especialidad y Subespecialidad Odontológica"/>
        <status value="active"/>
        <experimental value="true"/>
        <date value="2022-01-18T00:00:00-03:00"/>
        <jurisdiction>
          <coding>
            <system value="urn:iso:std:iso:3166"/>
            <code value="CL"/>
            <display value="Chile"/>
          </coding>
        </jurisdiction>
        <expansion>
          <identifier value="urn:uuid:2d825e4d-c9de-4caa-9c05-0e3e01d7ccdc"/>
          <timestamp value="2023-10-12T17:20:58-03:00"/>
          <total value="14"/>
          <parameter>
            <name value="excludeNested"/>
            <valueBoolean value="false"/>
          </parameter>
          <parameter>
            <name value="used-codesystem"/>
            <valueUri value="https://interoperabilidad.minsal.cl/fhir/ig/snre/CodeSystem/CSEspecialidadOdonto|0.2.0"/>
          </parameter>
          <contains>
            <system value="https://interoperabilidad.minsal.cl/fhir/ig/snre/CodeSystem/CSEspecialidadOdonto"/>
            <code value="1"/>
            <display value="Cirugía y Traumatología Buco Maxilofacial"/>
          </contains>
          <contains>
            <system value="https://interoperabilidad.minsal.cl/fhir/ig/snre/CodeSystem/CSEspecialidadOdonto"/>
            <code value="2"/>
            <display value="Cirugía Bucal"/>
          </contains>
          <contains>
            <system value="https://interoperabilidad.minsal.cl/fhir/ig/snre/CodeSystem/CSEspecialidadOdonto"/>
            <code value="3"/>
            <display value="Endodoncia"/>
          </contains>
          <contains>
            <system value="https://interoperabilidad.minsal.cl/fhir/ig/snre/CodeSystem/CSEspecialidadOdonto"/>
            <code value="4"/>
            <display value="Imagenología Oral y Maxilofacial"/>
          </contains>
          <contains>
            <system value="https://interoperabilidad.minsal.cl/fhir/ig/snre/CodeSystem/CSEspecialidadOdonto"/>
            <code value="5"/>
            <display value="Implantología Buco Maxilofacial"/>
          </contains>
          <contains>
            <system value="https://interoperabilidad.minsal.cl/fhir/ig/snre/CodeSystem/CSEspecialidadOdonto"/>
            <code value="6"/>
            <display value="Odontología legal"/>
          </contains>
          <contains>
            <system value="https://interoperabilidad.minsal.cl/fhir/ig/snre/CodeSystem/CSEspecialidadOdonto"/>
            <code value="7"/>
            <display value="Odontopediatría"/>
          </contains>
          <contains>
            <system value="https://interoperabilidad.minsal.cl/fhir/ig/snre/CodeSystem/CSEspecialidadOdonto"/>
            <code value="8"/>
            <display value="Ortodoncia y Ortopedia Dento Máxilo Facial"/>
          </contains>
          <contains>
            <system value="https://interoperabilidad.minsal.cl/fhir/ig/snre/CodeSystem/CSEspecialidadOdonto"/>
            <code value="9"/>
            <display value="Patología Oral"/>
          </contains>
          <contains>
            <system value="https://interoperabilidad.minsal.cl/fhir/ig/snre/CodeSystem/CSEspecialidadOdonto"/>
            <code value="10"/>
            <display value="Periodoncia"/>
          </contains>
          <contains>
            <system value="https://interoperabilidad.minsal.cl/fhir/ig/snre/CodeSystem/CSEspecialidadOdonto"/>
            <code value="11"/>
            <display value="Rehabilitación Oral"/>
          </contains>
          <contains>
            <system value="https://interoperabilidad.minsal.cl/fhir/ig/snre/CodeSystem/CSEspecialidadOdonto"/>
            <code value="12"/>
            <display value="Salud Pública"/>
          </contains>
          <contains>
            <system value="https://interoperabilidad.minsal.cl/fhir/ig/snre/CodeSystem/CSEspecialidadOdonto"/>
            <code value="13"/>
            <display value="Somato-Prótesis"/>
          </contains>
          <contains>
            <system value="https://interoperabilidad.minsal.cl/fhir/ig/snre/CodeSystem/CSEspecialidadOdonto"/>
            <code value="14"/>
            <display value="Trastornos Temporomandibulares Y Dolor Orofacial"/>
          </contains>
        </expansion>
      </ValueSet>
    </resource>
  </entry>
  <entry>
    <fullUrl value="https://interoperabilidad.minsal.cl/fhir/ig/snre/ValueSet/VSTituloProf"/>
    <resource>
      <ValueSet>
        <text>
          <status value="generated"/>
          <div xmlns="http://www.w3.org/1999/xhtml">
            <p>This value set contains 2 concepts</p>
            <p style="border: black 1px dotted; background-color: #EEEEEE; padding: 8px; margin-bottom: 8px">Expansion based on 
              <a href="CodeSystem-CSTituloProf.html">codesystem Códigos para título profesional v0.2.0 (CodeSystem)</a>
            </p>
            <table class="codes">
              <tr>
                <td style="white-space:nowrap">
                  <b>Code</b>
                </td>
                <td>
                  <b>System</b>
                </td>
                <td>
                  <b>Display</b>
                </td>
              </tr>
              <tr>
                <td style="white-space:nowrap">
                  <a name="https---interoperabilidad.minsal.cl-fhir-ig-snre-CodeSystem-CSTituloProf-1"> </a>  
                  <a href="CodeSystem-CSTituloProf.html#CSTituloProf-1">1</a>
                </td>
                <td>https://interoperabilidad.minsal.cl/fhir/ig/snre/CodeSystem/CSTituloProf</td>
                <td>Médico(a) Cirujano(a)</td>
              </tr>
              <tr>
                <td style="white-space:nowrap">
                  <a name="https---interoperabilidad.minsal.cl-fhir-ig-snre-CodeSystem-CSTituloProf-2"> </a>  
                  <a href="CodeSystem-CSTituloProf.html#CSTituloProf-2">2</a>
                </td>
                <td>https://interoperabilidad.minsal.cl/fhir/ig/snre/CodeSystem/CSTituloProf</td>
                <td>Cirujano(a) Dentista</td>
              </tr>
            </table>
          </div>
        </text>
        <url value="https://interoperabilidad.minsal.cl/fhir/ig/snre/ValueSet/VSTituloProf"/>
        <version value="0.2.0"/>
        <name value="VSTituloProf"/>
        <title value="Códigos para título profesional"/>
        <status value="active"/>
        <experimental value="true"/>
        <date value="2023-09-20T00:00:00-03:00"/>
        <jurisdiction>
          <coding>
            <system value="urn:iso:std:iso:3166"/>
            <code value="CL"/>
            <display value="Chile"/>
          </coding>
        </jurisdiction>
        <expansion>
          <identifier value="urn:uuid:d991d52c-6354-4ed8-89c0-9a102c16f3bf"/>
          <timestamp value="2023-10-12T17:20:58-03:00"/>
          <total value="2"/>
          <parameter>
            <name value="excludeNested"/>
            <valueBoolean value="false"/>
          </parameter>
          <parameter>
            <name value="used-codesystem"/>
            <valueUri value="https://interoperabilidad.minsal.cl/fhir/ig/snre/CodeSystem/CSTituloProf|0.2.0"/>
          </parameter>
          <contains>
            <system value="https://interoperabilidad.minsal.cl/fhir/ig/snre/CodeSystem/CSTituloProf"/>
            <code value="1"/>
            <display value="Médico(a) Cirujano(a)"/>
          </contains>
          <contains>
            <system value="https://interoperabilidad.minsal.cl/fhir/ig/snre/CodeSystem/CSTituloProf"/>
            <code value="2"/>
            <display value="Cirujano(a) Dentista"/>
          </contains>
        </expansion>
      </ValueSet>
    </resource>
  </entry>
  <entry>
    <fullUrl value="https://interoperabilidad.minsal.cl/fhir/ig/snre/ValueSet/VSEspecialidadBioquim"/>
    <resource>
      <ValueSet>
        <text>
          <status value="generated"/>
          <div xmlns="http://www.w3.org/1999/xhtml">
            <p>This value set contains 3 concepts</p>
            <p style="border: black 1px dotted; background-color: #EEEEEE; padding: 8px; margin-bottom: 8px">Expansion based on 
              <a href="CodeSystem-CSEspecialidadBioquim.html">codesystem Especialidad y Subespecialidad Bioquímica v0.2.0 (CodeSystem)</a>
            </p>
            <table class="codes">
              <tr>
                <td style="white-space:nowrap">
                  <b>Code</b>
                </td>
                <td>
                  <b>System</b>
                </td>
                <td>
                  <b>Display</b>
                </td>
              </tr>
              <tr>
                <td style="white-space:nowrap">
                  <a name="https---interoperabilidad.minsal.cl-fhir-ig-snre-CodeSystem-CSEspecialidadBioquim-1"> </a>  
                  <a href="CodeSystem-CSEspecialidadBioquim.html#CSEspecialidadBioquim-1">1</a>
                </td>
                <td>https://interoperabilidad.minsal.cl/fhir/ig/snre/CodeSystem/CSEspecialidadBioquim</td>
                <td>Laboratorio Clínico</td>
              </tr>
              <tr>
                <td style="white-space:nowrap">
                  <a name="https---interoperabilidad.minsal.cl-fhir-ig-snre-CodeSystem-CSEspecialidadBioquim-2"> </a>  
                  <a href="CodeSystem-CSEspecialidadBioquim.html#CSEspecialidadBioquim-2">2</a>
                </td>
                <td>https://interoperabilidad.minsal.cl/fhir/ig/snre/CodeSystem/CSEspecialidadBioquim</td>
                <td>Laboratorio Forense</td>
              </tr>
              <tr>
                <td style="white-space:nowrap">
                  <a name="https---interoperabilidad.minsal.cl-fhir-ig-snre-CodeSystem-CSEspecialidadBioquim-3"> </a>  
                  <a href="CodeSystem-CSEspecialidadBioquim.html#CSEspecialidadBioquim-3">3</a>
                </td>
                <td>https://interoperabilidad.minsal.cl/fhir/ig/snre/CodeSystem/CSEspecialidadBioquim</td>
                <td>Salud Pública</td>
              </tr>
            </table>
          </div>
        </text>
        <url value="https://interoperabilidad.minsal.cl/fhir/ig/snre/ValueSet/VSEspecialidadBioquim"/>
        <version value="0.2.0"/>
        <name value="VSEspecialidadBioquim"/>
        <title value="Especialidad y Subespecialidad Bioquímica"/>
        <status value="active"/>
        <experimental value="true"/>
        <date value="2022-01-18T00:00:00-03:00"/>
        <jurisdiction>
          <coding>
            <system value="urn:iso:std:iso:3166"/>
            <code value="CL"/>
            <display value="Chile"/>
          </coding>
        </jurisdiction>
        <expansion>
          <identifier value="urn:uuid:c6555fcf-3377-4523-8900-019bdaa13bc3"/>
          <timestamp value="2023-10-12T17:20:58-03:00"/>
          <total value="3"/>
          <parameter>
            <name value="excludeNested"/>
            <valueBoolean value="false"/>
          </parameter>
          <parameter>
            <name value="used-codesystem"/>
            <valueUri value="https://interoperabilidad.minsal.cl/fhir/ig/snre/CodeSystem/CSEspecialidadBioquim|0.2.0"/>
          </parameter>
          <contains>
            <system value="https://interoperabilidad.minsal.cl/fhir/ig/snre/CodeSystem/CSEspecialidadBioquim"/>
            <code value="1"/>
            <display value="Laboratorio Clínico"/>
          </contains>
          <contains>
            <system value="https://interoperabilidad.minsal.cl/fhir/ig/snre/CodeSystem/CSEspecialidadBioquim"/>
            <code value="2"/>
            <display value="Laboratorio Forense"/>
          </contains>
          <contains>
            <system value="https://interoperabilidad.minsal.cl/fhir/ig/snre/CodeSystem/CSEspecialidadBioquim"/>
            <code value="3"/>
            <display value="Salud Pública"/>
          </contains>
        </expansion>
      </ValueSet>
    </resource>
  </entry>
</Bundle>