{
  "package": "hl7.fhir.cl.minsal.hpd",
  "version": "0.2.1",
  "fhirVersion": "4.0.1",
  "jurisdiction": "CL",
  "extensions": [
    {
      "url": "https://interoperabilidad.minsal.cl/fhir/ig/hpd/StructureDefinition/Mencion",
      "title": "Mención profesional añadida l título profesional",
      "types": [
        "string"
      ]
    },
    {
      "url": "https://interoperabilidad.minsal.cl/fhir/ig/hpd/StructureDefinition/SexoNacimiento820",
      "title": "Sexo de Nacimiento 820",
      "types": [
        "code"
      ]
    }
  ],
  "profiles": {
    "Practitioner": [
      {
        "url": "https://interoperabilidad.minsal.cl/fhir/ig/hpd/StructureDefinition/MINSALPrestadorAdministrativo",
        "title": "MINSAL Prestador Administrativo"
      },
      {
        "url": "https://interoperabilidad.minsal.cl/fhir/ig/hpd/StructureDefinition/MINSALPrestadorProfesional",
        "title": "MINSAL Prestador Profesional"
      }
    ]
  },
  "usage": {
    "http://hl7.org/fhir/StructureDefinition/elementdefinition-bestpractice": [
      "StructureDefinition.snapshot.element.constraint"
    ],
    "http://hl7.org/fhir/StructureDefinition/elementdefinition-bestpractice-explanation": [
      "StructureDefinition.snapshot.element.constraint"
    ],
    "http://hl7.org/fhir/StructureDefinition/elementdefinition-bindingName": [
      "StructureDefinition.snapshot.element.binding"
    ],
    "http://hl7.org/fhir/StructureDefinition/elementdefinition-isCommonBinding": [
      "StructureDefinition.snapshot.element.binding"
    ],
    "http://hl7.org/fhir/StructureDefinition/elementdefinition-maxValueSet": [
      "StructureDefinition.snapshot.element.binding"
    ],
    "http://hl7.org/fhir/StructureDefinition/elementdefinition-translatable": [
      "StructureDefinition.snapshot.element"
    ],
    "http://hl7.org/fhir/StructureDefinition/regex": [
      "StructureDefinition.snapshot.element.type"
    ],
    "http://hl7.org/fhir/StructureDefinition/structuredefinition-fhir-type": [
      "StructureDefinition.snapshot.element.type"
    ],
    "http://hl7.org/fhir/tools/StructureDefinition/ig-internal-dependency": [
      "ImplementationGuide.definition"
    ],
    "http://hl7.org/fhir/tools/StructureDefinition/ig-page-name": [
      "ImplementationGuide.definition.page",
      "ImplementationGuide.definition.page.page"
    ],
    "http://hl7.org/fhir/tools/StructureDefinition/ig-parameter": [
      "ImplementationGuide.definition"
    ],
    "http://hl7.org/fhir/tools/StructureDefinition/implementationguide-dependency-comment": [
      "ImplementationGuide.dependsOn"
    ],
    "http://hl7.org/fhir/tools/StructureDefinition/resource-information": [
      "ImplementationGuide.definition.resource"
    ],
    "https://hl7chile.cl/fhir/ig/clcore/StructureDefinition/CodigoPaises": [
      "Practitioner",
      "Practitioner.address.country"
    ],
    "https://hl7chile.cl/fhir/ig/clcore/StructureDefinition/ComunasCl": [
      "Practitioner.address.city"
    ],
    "https://hl7chile.cl/fhir/ig/clcore/StructureDefinition/IdentidadDeGenero": [
      "Practitioner"
    ],
    "https://hl7chile.cl/fhir/ig/clcore/StructureDefinition/ProvinciasCl": [
      "Practitioner.address.district"
    ],
    "https://hl7chile.cl/fhir/ig/clcore/StructureDefinition/RegionesCl": [
      "Practitioner.address.state"
    ],
    "https://hl7chile.cl/fhir/ig/clcore/StructureDefinition/SegundoApellido": [
      "Practitioner.name.family"
    ],
    "https://hl7chile.cl/fhir/ig/clcore/StructureDefinition/SexoBiologico": [
      "Practitioner"
    ],
    "https://interoperabilidad.minsal.cl/fhir/ig/hpd/StructureDefinition/Mencion": [
      "Practitioner.qualification"
    ]
  }
}