<?xml version="1.0" encoding="UTF-8"?>

<ValueSet xmlns="http://hl7.org/fhir">
  <id value="VSTipoIdentificadorDEIS"/>
  <text>
    <status value="generated"/><div xmlns="http://www.w3.org/1999/xhtml">Placeholder</div>
  </text>
  <url value="http://minsal.cl/fhir/core/ValueSet/VSTipoIdentificadorDEIS"/>
  <version value="0.1.1"/>
  <name value="VSTipoIdentificadorDEIS"/>
  <title value="Códigos para tipos de identificadores 820"/>
  <status value="active"/>
  <experimental value="true"/>
  <date value="2022-01-18T00:00:00-03:00"/>
  <publisher value="HL7 Chile"/>
  <contact>
    <name value="HL7 Chile"/>
    <telecom>
      <system value="url"/>
      <value value="https://hl7chile.cl/"/>
    </telecom>
  </contact>
  <description value="Códigos para lo tipos de identificadores según Norma 820, agregando RNPI"/>
  <jurisdiction>
    <coding>
      <system value="urn:iso:std:iso:3166"/>
      <code value="CL"/>
      <display value="Chile"/>
    </coding>
  </jurisdiction>
  <compose>
    <include>
      <system value="http://minsal.cl/fhir/core/CodeSystem/CSTipoIdentificadorDEIS"/>
    </include>
  </compose>
</ValueSet>