<?xml version="1.0" encoding="UTF-8"?>

<ValueSet xmlns="http://hl7.org/fhir">
  <id value="VSEspecialidadOdonto"/>
  <text>
    <status value="generated"/><div xmlns="http://www.w3.org/1999/xhtml"><ul><li>Include all codes defined in <a href="CodeSystem-CSEspecialidadOdonto.html"><code>https://interoperabilidad.minsal.cl/fhir/ig/hpd/CodeSystem/CSEspecialidadOdonto</code></a></li></ul></div>
  </text>
  <url value="https://interoperabilidad.minsal.cl/fhir/ig/hpd/ValueSet/VSEspecialidadOdonto"/>
  <version value="0.2.1"/>
  <name value="VSEspecialidadOdonto"/>
  <title value="Especialidad y Subespecialidad Odontológica"/>
  <status value="active"/>
  <experimental value="true"/>
  <date value="2022-01-18T00:00:00-03:00"/>
  <publisher value="Unidad de Interoperabilidad - MINSAL"/>
  <contact>
    <name value="Unidad de Interoperabilidad - MINSAL"/>
    <telecom>
      <system value="url"/>
      <value value="https://interoperabilidad.minsal.cl"/>
    </telecom>
  </contact>
  <description value="Códigos de Especialidad y Subespecialidad Odontológica."/>
  <jurisdiction>
    <coding>
      <system value="urn:iso:std:iso:3166"/>
      <code value="CL"/>
      <display value="Chile"/>
    </coding>
  </jurisdiction>
  <compose>
    <include>
      <system value="https://interoperabilidad.minsal.cl/fhir/ig/hpd/CodeSystem/CSEspecialidadOdonto"/>
    </include>
  </compose>
</ValueSet>