<?xml version="1.0" encoding="UTF-8"?><CodeSystem xmlns="http://hl7.org/fhir"><id value="CSPertenenciaSNSS"/><text><status value="generated"/><div xmlns="http://www.w3.org/1999/xhtml"><p>This case-sensitive code system <code>https://interoperabilidad.minsal.cl/fhir/ig/mfr/CodeSystem/CSPertenenciaSNSS</code> defines the following codes:</p><table class="codes"><tr><td style="white-space:nowrap"><b>Code</b></td><td><b>Display</b></td></tr><tr><td style="white-space:nowrap">1<a name="CSPertenenciaSNSS-1"> </a></td><td>Perteneciente</td></tr><tr><td style="white-space:nowrap">2<a name="CSPertenenciaSNSS-2"> </a></td><td>No Perteneciente</td></tr><tr><td style="white-space:nowrap">95<a name="CSPertenenciaSNSS-95"> </a></td><td>No Aplica</td></tr></table></div></text><url value="https://interoperabilidad.minsal.cl/fhir/ig/mfr/CodeSystem/CSPertenenciaSNSS"/><version value="0.1.4"/><name value="CSPertenenciaSNSS"/><title value="PertenenciaSNSS"/><status value="active"/><experimental value="false"/><date value="2023-01-15"/><publisher value="Unidad de Interoperabilidad - MINSAL"/><contact><name value="Unidad de Interoperabilidad - MINSAL"/><telecom><system value="url"/><value value="https://interoperabilidad.minsal.cl"/></telecom></contact><description value="PertenenciaSNSS"/><jurisdiction><coding><system value="urn:iso:std:iso:3166"/><code value="CL"/><display value="Chile"/></coding></jurisdiction><caseSensitive value="true"/><content value="complete"/><count value="3"/><concept><code value="1"/><display value="Perteneciente"/></concept><concept><code value="2"/><display value="No Perteneciente"/></concept><concept><code value="95"/><display value="No Aplica"/></concept></CodeSystem>