<?xml version="1.0" encoding="UTF-8"?><ValueSet xmlns="http://hl7.org/fhir"><id value="VSTiposPrestador"/><text><status value="generated"/><div xmlns="http://www.w3.org/1999/xhtml"><ul><li>Include all codes defined in <a href="CodeSystem-CSTiposPrestador.html"><code>https://interoperabilidad.minsal.cl/fhir/ig/mfr/CodeSystem/CSTiposPrestador</code></a></li></ul></div></text><url value="https://interoperabilidad.minsal.cl/fhir/ig/mfr/ValueSet/VSTiposPrestador"/><version value="0.1.4"/><name value="VSTipoPrestador"/><title value="Tipos de prestadores"/><status value="active"/><experimental value="true"/><date value="2024-01-29T00:00:00-03:00"/><publisher value="Unidad de Interoperabilidad - MINSAL"/><contact><name value="Unidad de Interoperabilidad - MINSAL"/><telecom><system value="url"/><value value="https://interoperabilidad.minsal.cl"/></telecom></contact><description value="Tipos de prestadores"/><jurisdiction><coding><system value="urn:iso:std:iso:3166"/><code value="CL"/><display value="Chile"/></coding></jurisdiction><compose><include><system value="https://interoperabilidad.minsal.cl/fhir/ig/mfr/CodeSystem/CSTiposPrestador"/></include></compose></ValueSet>