<?xml version="1.0" encoding="UTF-8"?><ValueSet xmlns="http://hl7.org/fhir"><id value="VSEstadoFuncionamiento"/><text><status value="generated"/><div xmlns="http://www.w3.org/1999/xhtml"><ul><li>Include all codes defined in <a href="CodeSystem-CSEstadoFuncionamiento.html"><code>https://interoperabilidad.minsal.cl/fhir/ig/mfr/CodeSystem/CSEstadoFuncionamiento</code></a></li></ul></div></text><url value="https://interoperabilidad.minsal.cl/fhir/ig/mfr/ValueSet/VSEstadoFuncionamiento"/><version value="0.1.4"/><name value="VSEstadoFuncionamiento"/><title value="Estado Funcionamiento"/><status value="active"/><experimental value="false"/><date value="2023-01-15"/><publisher value="Unidad de Interoperabilidad - MINSAL"/><contact><name value="Unidad de Interoperabilidad - MINSAL"/><telecom><system value="url"/><value value="https://interoperabilidad.minsal.cl"/></telecom></contact><description value="Estado Funcionamiento"/><jurisdiction><coding><system value="urn:iso:std:iso:3166"/><code value="CL"/><display value="Chile"/></coding></jurisdiction><compose><include><system value="https://interoperabilidad.minsal.cl/fhir/ig/mfr/CodeSystem/CSEstadoFuncionamiento"/></include></compose></ValueSet>