{"resourceType":"ValueSet","id":"VSTipoDeQuirofanoCL","text":{"status":"generated","div":"<div xmlns=\"http://www.w3.org/1999/xhtml\"><ul><li>Include all codes defined in <a href=\"CodeSystem-CSTipoDeQuirofanoCL.html\"><code>https://interoperabilidad.minsal.cl/fhir/ig/eis/CodeSystem/CSTipoDeQuirofanoCL</code></a></li></ul></div>"},"url":"https://interoperabilidad.minsal.cl/fhir/ig/eis/ValueSet/VSTipoDeQuirofanoCL","version":"0.1.0","name":"VSTipoDeQuirofanoCL","title":"Corresponde al tipo o clasificación de calle.","status":"active","experimental":false,"date":"2022-01-18T00:00:00-03:00","publisher":"Unidad de Interoperabilidad - MINSAL","contact":[{"name":"Unidad de Interoperabilidad - MINSAL","telecom":[{"system":"url","value":"https://interoperabilidad.minsal.cl"}]}],"description":"Corresponde al tipo o clasificación de calle.","jurisdiction":[{"coding":[{"system":"urn:iso:std:iso:3166","code":"CL","display":"Chile"}]}],"compose":{"include":[{"system":"https://interoperabilidad.minsal.cl/fhir/ig/eis/CodeSystem/CSTipoDeQuirofanoCL"}]}}