{"resourceType":"CodeSystem","id":"CSCodificacionCategoria","text":{"status":"generated","div":"<div xmlns=\"http://www.w3.org/1999/xhtml\"><p>This case-sensitive code system <code>https://interoperabilidad.minsal.cl/fhir/ig/tei/CodeSystem/CSCodificacionCategoria</code> defines the following codes:</p><table class=\"codes\"><tr><td style=\"white-space:nowrap\"><b>Code</b></td><td><b>Display</b></td><td><b>Definition</b></td></tr><tr><td style=\"white-space:nowrap\">inpatient<a name=\"CSCodificacionCategoria-inpatient\"> </a></td><td>Hospitalizado</td><td>Incluye solicitudes de medicamentos para ser administrados o consumidos en contexto de hospitalización o cuidados primarios</td></tr><tr><td style=\"white-space:nowrap\">outpatient<a name=\"CSCodificacionCategoria-outpatient\"> </a></td><td>Ambulatorio</td><td>Incluye solicitudes de medicamentos para ser administrados o consumidos en el contexto ambulatorio (por ejemplo, departamento de urgencia, clínica ambulatoria, cirugía ambulatoria, oficina del doctor)</td></tr><tr><td style=\"white-space:nowrap\">community<a name=\"CSCodificacionCategoria-community\"> </a></td><td>community</td><td>Incluye solicitudes de medicamentos para ser administrados o consumidos por el paciente en su hogar (esto incluiría cuidados a largo plazo u hogares de ancianos, asilos, etc.)</td></tr><tr><td style=\"white-space:nowrap\">discharge<a name=\"CSCodificacionCategoria-discharge\"> </a></td><td>Alta</td><td>Incluye solicitudes de medicamentos creadas cuando el paciente es dado de alta de un centro</td></tr></table></div>"},"url":"https://interoperabilidad.minsal.cl/fhir/ig/tei/CodeSystem/CSCodificacionCategoria","version":"0.2.0","name":"CSCodificacionCategoria","title":"Codificación del estado de una prescripción","status":"active","experimental":false,"date":"2022-01-18T00:00:00-03:00","publisher":"Unidad de Interoperabilidad - MINSAL","contact":[{"name":"Unidad de Interoperabilidad - MINSAL","telecom":[{"system":"url","value":"https://interoperabilidad.minsal.cl"}]}],"description":"Estado de una prescripción","jurisdiction":[{"coding":[{"system":"urn:iso:std:iso:3166","code":"CL","display":"Chile"}]}],"caseSensitive":true,"content":"complete","count":4,"concept":[{"code":"inpatient","display":"Hospitalizado","definition":"Incluye solicitudes de medicamentos para ser administrados o consumidos en contexto de hospitalización o cuidados primarios"},{"code":"outpatient","display":"Ambulatorio","definition":"Incluye solicitudes de medicamentos para ser administrados o consumidos en el contexto ambulatorio (por ejemplo, departamento de urgencia, clínica ambulatoria, cirugía ambulatoria, oficina del doctor)"},{"code":"community","display":"community","definition":"Incluye solicitudes de medicamentos para ser administrados o consumidos por el paciente en su hogar (esto incluiría cuidados a largo plazo u hogares de ancianos, asilos, etc.)"},{"code":"discharge","display":"Alta","definition":"Incluye solicitudes de medicamentos creadas cuando el paciente es dado de alta de un centro"}]}