{"resourceType":"CodeSystem","id":"CSHipotesisDiagnosticaCodigo","text":{"status":"generated","div":"<div xmlns=\"http://www.w3.org/1999/xhtml\"><p>This case-sensitive code system <code>https://interoperabilidad.minsal.cl/fhir/ig/tei/CodeSystem/CSHipotesisDiagnosticaCodigo</code> defines the following codes:</p><table class=\"codes\"><tr><td style=\"white-space:nowrap\"><b>Code</b></td><td><b>Display</b></td></tr><tr><td style=\"white-space:nowrap\">1<a name=\"CSHipotesisDiagnosticaCodigo-1\"> </a></td><td>Confirmada</td></tr><tr><td style=\"white-space:nowrap\">2<a name=\"CSHipotesisDiagnosticaCodigo-2\"> </a></td><td>Descartada</td></tr></table></div>"},"url":"https://interoperabilidad.minsal.cl/fhir/ig/tei/CodeSystem/CSHipotesisDiagnosticaCodigo","version":"0.2.0","name":"CSHipotesisDiagnosticaCodigo","title":"HipotesisDiagnosticaCodigo","status":"active","experimental":false,"date":"2023-01-15","publisher":"Unidad de Interoperabilidad - MINSAL","contact":[{"name":"Unidad de Interoperabilidad - MINSAL","telecom":[{"system":"url","value":"https://interoperabilidad.minsal.cl"}]}],"description":"HipotesisDiagnosticaCodigo","jurisdiction":[{"coding":[{"system":"urn:iso:std:iso:3166","code":"CL","display":"Chile"}]}],"caseSensitive":true,"content":"complete","count":2,"concept":[{"code":"1","display":"Confirmada"},{"code":"2","display":"Descartada"}]}