<?xml version="1.0" encoding="UTF-8"?><CodeSystem xmlns="http://hl7.org/fhir"><id value="abandono"/><text><status value="generated"/><div xmlns="http://www.w3.org/1999/xhtml"><p class="res-header-id"><b>Generated Narrative: CodeSystem abandono</b></p><a name="abandono"> </a><a name="hcabandono"> </a><a name="abandono-es-CL"> </a><p>This case-sensitive code system <code>https://interoperabilidad.minsal.cl/fhir/ig/urgencia/CodeSystem/abandono</code> defines the following codes:</p><table class="codes"><tr><td style="white-space:nowrap"><b>Code</b></td><td><b>Display</b></td></tr><tr><td style="white-space:nowrap">1<a name="abandono-1"> </a></td><td>Abandono antes de la atención médica</td></tr><tr><td style="white-space:nowrap">2<a name="abandono-2"> </a></td><td>Abandono durante el proceso de atención médica</td></tr></table></div></text><url value="https://interoperabilidad.minsal.cl/fhir/ig/urgencia/CodeSystem/abandono"/><version value="0.1.0"/><name value="CSAbandono"/><title value="Abandono"/><status value="active"/><experimental value="false"/><date value="2024-12-16T14:50:05-03:00"/><publisher value="Unidad de Interoperabilidad - MINSAL"/><contact><name value="Unidad de Interoperabilidad - MINSAL"/><telecom><system value="url"/><value value="https://interoperabilidad.minsal.cl"/></telecom></contact><contact><name value="Roberto Araneda"/><telecom><system value="email"/><value value="roberto.araneda@chiledata.cl"/><use value="work"/></telecom></contact><contact><name value="John Díaz"/><telecom><system value="email"/><value value="john.diaz@chiledata.cl"/><use value="work"/></telecom></contact><description value="Códigos asociados al tipo de abandono del paciente desde urgencia."/><jurisdiction><coding><system value="urn:iso:std:iso:3166"/><code value="CL"/><display value="Chile"/></coding></jurisdiction><caseSensitive value="true"/><content value="complete"/><count value="2"/><concept><code value="1"/><display value="Abandono antes de la atención médica"/></concept><concept><code value="2"/><display value="Abandono durante el proceso de atención médica"/></concept></CodeSystem>