<?xml version="1.0" encoding="UTF-8"?><CodeSystem xmlns="http://hl7.org/fhir"><id value="lesion-autoinflingida"/><text><status value="generated"/><div xmlns="http://www.w3.org/1999/xhtml"><p class="res-header-id"><b>Generated Narrative: CodeSystem lesion-autoinflingida</b></p><a name="lesion-autoinflingida"> </a><a name="hclesion-autoinflingida"> </a><a name="lesion-autoinflingida-es-CL"> </a><p>This case-insensitive code system <code>https://interoperabilidad.minsal.cl/fhir/ig/urgencia/CodeSystem/lesion-autoinflingida</code> defines the following codes:</p><table class="codes"><tr><td style="white-space:nowrap"><b>Code</b></td><td><b>Display</b></td></tr><tr><td style="white-space:nowrap">1<a name="lesion-autoinflingida-1"> </a></td><td>No</td></tr><tr><td style="white-space:nowrap">2<a name="lesion-autoinflingida-2"> </a></td><td>Sí, con intención suicida</td></tr><tr><td style="white-space:nowrap">3<a name="lesion-autoinflingida-3"> </a></td><td>Sí, sin intención suicida</td></tr><tr><td style="white-space:nowrap">4<a name="lesion-autoinflingida-4"> </a></td><td>No se puede determinar</td></tr></table></div></text><url value="https://interoperabilidad.minsal.cl/fhir/ig/urgencia/CodeSystem/lesion-autoinflingida"/><version value="0.1.0"/><name value="CSLesionAutoinflingida"/><title value="Lesión Autoinflingida"/><status value="draft"/><experimental value="false"/><date value="2024-11-07T14:38:19-03:00"/><publisher value="Unidad de Interoperabilidad - MINSAL"/><contact><name value="Unidad de Interoperabilidad - MINSAL"/><telecom><system value="url"/><value value="https://interoperabilidad.minsal.cl"/></telecom></contact><contact><name value="Roberto Araneda"/><telecom><system value="email"/><value value="roberto.araneda@chiledata.cl"/><use value="work"/></telecom></contact><contact><name value="John Díaz"/><telecom><system value="email"/><value value="john.diaz@chiledata.cl"/><use value="work"/></telecom></contact><description value="Códigos de lesión autoinflingida"/><jurisdiction><coding><system value="urn:iso:std:iso:3166"/><code value="CL"/><display value="Chile"/></coding></jurisdiction><caseSensitive value="false"/><content value="complete"/><count value="4"/><concept><code value="1"/><display value="No"/></concept><concept><code value="2"/><display value="Sí, con intención suicida"/></concept><concept><code value="3"/><display value="Sí, sin intención suicida"/></concept><concept><code value="4"/><display value="No se puede determinar"/></concept></CodeSystem>