<?xml version="1.0" encoding="UTF-8"?><CodeSystem xmlns="http://hl7.org/fhir"><id value="tipos-participante-encounter"/><text><status value="generated"/><div xmlns="http://www.w3.org/1999/xhtml"><p class="res-header-id"><b>Generated Narrative: CodeSystem tipos-participante-encounter</b></p><a name="tipos-participante-encounter"> </a><a name="hctipos-participante-encounter"> </a><a name="tipos-participante-encounter-en-US"> </a><p>This case-insensitive code system <code>http://proceso-urgencia.minsal.cl/CodeSystem/tipos-participante-encounter</code> defines the following codes:</p><table class="codes"><tr><td style="white-space:nowrap"><b>Code</b></td><td><b>Display</b></td></tr><tr><td style="white-space:nowrap">companion<a name="tipos-participante-encounter-companion"> </a></td><td>Acompañante</td></tr><tr><td style="white-space:nowrap">categorizer<a name="tipos-participante-encounter-categorizer"> </a></td><td>Categorizador</td></tr></table></div></text><url value="http://proceso-urgencia.minsal.cl/CodeSystem/tipos-participante-encounter"/><version value="0.1.0"/><name value="CSTiposParticipanteEncounter"/><title value="CSTiposParticipanteEncounter"/><status value="draft"/><experimental value="false"/><date value="2024-08-29T09:57:29-04:00"/><publisher value="ChileData"/><contact><name value="ChileData"/><telecom><system value="url"/><value value="http://chiledata.cl"/></telecom></contact><contact><name value="Roberto Araneda"/><telecom><system value="email"/><value value="roberto.araneda@chiledata.cl"/><use value="work"/></telecom></contact><contact><name value="John Díaz"/><telecom><system value="email"/><value value="john.diaz@chiledata.cl"/><use value="work"/></telecom></contact><description value="Códigos de tipos de participante en un encuentro"/><caseSensitive value="false"/><content value="complete"/><count value="2"/><concept><code value="companion"/><display value="Acompañante"/></concept><concept><code value="categorizer"/><display value="Categorizador"/></concept></CodeSystem>