<?xml version="1.0" encoding="UTF-8"?><CodeSystem xmlns="http://hl7.org/fhir"><id value="Prevision"/><text><status value="generated"/><div xmlns="http://www.w3.org/1999/xhtml"><p class="res-header-id"><b>Generated Narrative: CodeSystem Prevision</b></p><a name="Prevision"> </a><a name="hcPrevision"> </a><a name="Prevision-es-CL"> </a><p>This case-insensitive code system <code>https://interoperabilidad.minsal.cl/fhir/ig/urgencia/CodeSystem/Prevision</code> defines the following codes:</p><table class="codes"><tr><td style="white-space:nowrap"><b>Code</b></td><td><b>Display</b></td><td><b>Definition</b></td></tr><tr><td style="white-space:nowrap">1<a name="Prevision-1"> </a></td><td>FONASA</td><td>Fondo Nacional de Salud</td></tr><tr><td style="white-space:nowrap">2<a name="Prevision-2"> </a></td><td>ISAPRE</td><td>Instituciones de Salud Previsional</td></tr><tr><td style="white-space:nowrap">3<a name="Prevision-3"> </a></td><td>CAPREDENA</td><td>Caja de Previsión de la Defensa Nacional</td></tr><tr><td style="white-space:nowrap">4<a name="Prevision-4"> </a></td><td>DIPRECA</td><td>Dirección de Previsión de Carabineros, PDI y Gendarmería</td></tr><tr><td style="white-space:nowrap">5<a name="Prevision-5"> </a></td><td>SISA</td><td>Sistema de Salud de las Fuerzas Armadas (Ejército, Armada y Fuerza Aérea)</td></tr><tr><td style="white-space:nowrap">96<a name="Prevision-96"> </a></td><td>NINGUNA</td><td>Sin previsión de salud</td></tr><tr><td style="white-space:nowrap">99<a name="Prevision-99"> </a></td><td>DESCONOCIDO</td><td>Previsión de salud desconocida</td></tr></table></div></text><url value="https://interoperabilidad.minsal.cl/fhir/ig/urgencia/CodeSystem/Prevision"/><version value="0.1.0"/><name value="CSPrevision"/><title value="Prevision"/><status value="draft"/><experimental value="false"/><date value="2024-11-07T14:38:19-03:00"/><publisher value="Unidad de Interoperabilidad - MINSAL"/><contact><name value="Unidad de Interoperabilidad - MINSAL"/><telecom><system value="url"/><value value="https://interoperabilidad.minsal.cl"/></telecom></contact><contact><name value="Roberto Araneda"/><telecom><system value="email"/><value value="roberto.araneda@chiledata.cl"/><use value="work"/></telecom></contact><contact><name value="John Díaz"/><telecom><system value="email"/><value value="john.diaz@chiledata.cl"/><use value="work"/></telecom></contact><description value="Previsión de salud del paciente"/><jurisdiction><coding><system value="urn:iso:std:iso:3166"/><code value="CL"/><display value="Chile"/></coding></jurisdiction><caseSensitive value="false"/><content value="complete"/><count value="7"/><concept><code value="1"/><display value="FONASA"/><definition value="Fondo Nacional de Salud"/></concept><concept><code value="2"/><display value="ISAPRE"/><definition value="Instituciones de Salud Previsional"/></concept><concept><code value="3"/><display value="CAPREDENA"/><definition value="Caja de Previsión de la Defensa Nacional"/></concept><concept><code value="4"/><display value="DIPRECA"/><definition value="Dirección de Previsión de Carabineros, PDI y Gendarmería"/></concept><concept><code value="5"/><display value="SISA"/><definition value="Sistema de Salud de las Fuerzas Armadas (Ejército, Armada y Fuerza Aérea)"/></concept><concept><code value="96"/><display value="NINGUNA"/><definition value="Sin previsión de salud"/></concept><concept><code value="99"/><display value="DESCONOCIDO"/><definition value="Previsión de salud desconocida"/></concept></CodeSystem>