<?xml version="1.0" encoding="UTF-8"?><CodeSystem xmlns="http://hl7.org/fhir"><id value="codigos-deis-servicio-salud"/><text><status value="generated"/><div xmlns="http://www.w3.org/1999/xhtml"><p class="res-header-id"><b>Generated Narrative: CodeSystem codigos-deis-servicio-salud</b></p><a name="codigos-deis-servicio-salud"> </a><a name="hccodigos-deis-servicio-salud"> </a><a name="codigos-deis-servicio-salud-en-US"> </a><p>This case-insensitive code system <code>http://proceso-urgencia.minsal.cl/CodeSystem/codigos-deis-servicio-salud</code> defines the following codes:</p><table class="codes"><tr><td style="white-space:nowrap"><b>Code</b></td><td><b>Display</b></td></tr><tr><td style="white-space:nowrap">1<a name="codigos-deis-servicio-salud-1"> </a></td><td>Servicio de Salud Arica y Parinacota</td></tr><tr><td style="white-space:nowrap">2<a name="codigos-deis-servicio-salud-2"> </a></td><td>Servicio de Salud Tarapacá</td></tr><tr><td style="white-space:nowrap">3<a name="codigos-deis-servicio-salud-3"> </a></td><td>Servicio de Salud Antofagasta</td></tr><tr><td style="white-space:nowrap">4<a name="codigos-deis-servicio-salud-4"> </a></td><td>Servicio de Salud Atacama</td></tr><tr><td style="white-space:nowrap">5<a name="codigos-deis-servicio-salud-5"> </a></td><td>Servicio de Salud Coquimbo</td></tr><tr><td style="white-space:nowrap">6<a name="codigos-deis-servicio-salud-6"> </a></td><td>Servicio de Salud Valparaíso San Antonio</td></tr><tr><td style="white-space:nowrap">7<a name="codigos-deis-servicio-salud-7"> </a></td><td>Servicio de Salud Viña del Mar Quillota</td></tr><tr><td style="white-space:nowrap">8<a name="codigos-deis-servicio-salud-8"> </a></td><td>Servicio de Salud Aconcagua</td></tr><tr><td style="white-space:nowrap">9<a name="codigos-deis-servicio-salud-9"> </a></td><td>Servicio de Salud Metropolitano Norte</td></tr><tr><td style="white-space:nowrap">10<a name="codigos-deis-servicio-salud-10"> </a></td><td>Servicio de Salud Metropolitano Occidente</td></tr><tr><td style="white-space:nowrap">11<a name="codigos-deis-servicio-salud-11"> </a></td><td>Servicio de Salud Metropolitano Central</td></tr><tr><td style="white-space:nowrap">12<a name="codigos-deis-servicio-salud-12"> </a></td><td>Servicio de Salud Metropolitano Oriente</td></tr><tr><td style="white-space:nowrap">13<a name="codigos-deis-servicio-salud-13"> </a></td><td>Servicio de Salud Metropolitano Sur</td></tr><tr><td style="white-space:nowrap">14<a name="codigos-deis-servicio-salud-14"> </a></td><td>Servicio de Salud Metropolitano Sur Oriente</td></tr><tr><td style="white-space:nowrap">15<a name="codigos-deis-servicio-salud-15"> </a></td><td>Servicio de Salud Del Libertador B. O'Higgins</td></tr><tr><td style="white-space:nowrap">16<a name="codigos-deis-servicio-salud-16"> </a></td><td>Servicio de Salud Del Maule</td></tr><tr><td style="white-space:nowrap">17<a name="codigos-deis-servicio-salud-17"> </a></td><td>Servicio de Salud Ñuble</td></tr><tr><td style="white-space:nowrap">18<a name="codigos-deis-servicio-salud-18"> </a></td><td>Servicio de Salud Concepción</td></tr><tr><td style="white-space:nowrap">19<a name="codigos-deis-servicio-salud-19"> </a></td><td>Servicio de Salud Talcahuano</td></tr><tr><td style="white-space:nowrap">20<a name="codigos-deis-servicio-salud-20"> </a></td><td>Servicio de Salud Biobío</td></tr><tr><td style="white-space:nowrap">21<a name="codigos-deis-servicio-salud-21"> </a></td><td>Servicio de Salud Araucanía Sur</td></tr><tr><td style="white-space:nowrap">22<a name="codigos-deis-servicio-salud-22"> </a></td><td>Servicio de Salud Los Ríos</td></tr><tr><td style="white-space:nowrap">23<a name="codigos-deis-servicio-salud-23"> </a></td><td>Servicio de Salud Osorno</td></tr><tr><td style="white-space:nowrap">24<a name="codigos-deis-servicio-salud-24"> </a></td><td>Servicio de Salud Del Reloncaví</td></tr><tr><td style="white-space:nowrap">25<a name="codigos-deis-servicio-salud-25"> </a></td><td>Servicio de Salud Aisén</td></tr><tr><td style="white-space:nowrap">26<a name="codigos-deis-servicio-salud-26"> </a></td><td>Servicio de Salud Magallanes</td></tr><tr><td style="white-space:nowrap">28<a name="codigos-deis-servicio-salud-28"> </a></td><td>Servicio de Salud Arauco</td></tr><tr><td style="white-space:nowrap">29<a name="codigos-deis-servicio-salud-29"> </a></td><td>Servicio de Salud Araucanía Norte</td></tr><tr><td style="white-space:nowrap">33<a name="codigos-deis-servicio-salud-33"> </a></td><td>Servicio de Salud Chiloé</td></tr><tr><td style="white-space:nowrap">95<a name="codigos-deis-servicio-salud-95"> </a></td><td>Hospital  Digital</td></tr></table></div></text><url value="http://proceso-urgencia.minsal.cl/CodeSystem/codigos-deis-servicio-salud"/><version value="0.1.0"/><name value="CSCodigosDeisServicioSalud"/><title value="CSCodigosServicioSalud"/><status value="draft"/><experimental value="false"/><date value="2024-08-29T09:57:29-04:00"/><publisher value="ChileData"/><contact><name value="ChileData"/><telecom><system value="url"/><value value="http://chiledata.cl"/></telecom></contact><contact><name value="Roberto Araneda"/><telecom><system value="email"/><value value="roberto.araneda@chiledata.cl"/><use value="work"/></telecom></contact><contact><name value="John Díaz"/><telecom><system value="email"/><value value="john.diaz@chiledata.cl"/><use value="work"/></telecom></contact><description value="Códigos DEIS de Servicio de Salud"/><caseSensitive value="false"/><content value="complete"/><count value="30"/><concept><code value="1"/><display value="Servicio de Salud Arica y Parinacota"/></concept><concept><code value="2"/><display value="Servicio de Salud Tarapacá"/></concept><concept><code value="3"/><display value="Servicio de Salud Antofagasta"/></concept><concept><code value="4"/><display value="Servicio de Salud Atacama"/></concept><concept><code value="5"/><display value="Servicio de Salud Coquimbo"/></concept><concept><code value="6"/><display value="Servicio de Salud Valparaíso San Antonio"/></concept><concept><code value="7"/><display value="Servicio de Salud Viña del Mar Quillota"/></concept><concept><code value="8"/><display value="Servicio de Salud Aconcagua"/></concept><concept><code value="9"/><display value="Servicio de Salud Metropolitano Norte"/></concept><concept><code value="10"/><display value="Servicio de Salud Metropolitano Occidente"/></concept><concept><code value="11"/><display value="Servicio de Salud Metropolitano Central"/></concept><concept><code value="12"/><display value="Servicio de Salud Metropolitano Oriente"/></concept><concept><code value="13"/><display value="Servicio de Salud Metropolitano Sur"/></concept><concept><code value="14"/><display value="Servicio de Salud Metropolitano Sur Oriente"/></concept><concept><code value="15"/><display value="Servicio de Salud Del Libertador B. O'Higgins"/></concept><concept><code value="16"/><display value="Servicio de Salud Del Maule"/></concept><concept><code value="17"/><display value="Servicio de Salud Ñuble"/></concept><concept><code value="18"/><display value="Servicio de Salud Concepción"/></concept><concept><code value="19"/><display value="Servicio de Salud Talcahuano"/></concept><concept><code value="20"/><display value="Servicio de Salud Biobío"/></concept><concept><code value="21"/><display value="Servicio de Salud Araucanía Sur"/></concept><concept><code value="22"/><display value="Servicio de Salud Los Ríos"/></concept><concept><code value="23"/><display value="Servicio de Salud Osorno"/></concept><concept><code value="24"/><display value="Servicio de Salud Del Reloncaví"/></concept><concept><code value="25"/><display value="Servicio de Salud Aisén"/></concept><concept><code value="26"/><display value="Servicio de Salud Magallanes"/></concept><concept><code value="28"/><display value="Servicio de Salud Arauco"/></concept><concept><code value="29"/><display value="Servicio de Salud Araucanía Norte"/></concept><concept><code value="33"/><display value="Servicio de Salud Chiloé"/></concept><concept><code value="95"/><display value="Hospital  Digital"/></concept></CodeSystem>