<?xml version="1.0" encoding="UTF-8"?><CodeSystem xmlns="http://hl7.org/fhir"><id value="categorizacion-discrecional"/><text><status value="generated"/><div xmlns="http://www.w3.org/1999/xhtml"><p class="res-header-id"><b>Generated Narrative: CodeSystem categorizacion-discrecional</b></p><a name="categorizacion-discrecional"> </a><a name="hccategorizacion-discrecional"> </a><a name="categorizacion-discrecional-es-CL"> </a><p>This case-insensitive code system <code>https://interoperabilidad.minsal.cl/fhir/ig/urgencia/CodeSystem/categorizacion-discrecional</code> defines the following codes:</p><table class="codes"><tr><td style="white-space:nowrap"><b>Code</b></td><td><b>Display</b></td></tr><tr><td style="white-space:nowrap">1<a name="categorizacion-discrecional-1"> </a></td><td>Riesgo Vital y/o secuela funcional grave</td></tr><tr><td style="white-space:nowrap">2<a name="categorizacion-discrecional-2"> </a></td><td>Emergencia</td></tr><tr><td style="white-space:nowrap">3<a name="categorizacion-discrecional-3"> </a></td><td>Urgencia</td></tr><tr><td style="white-space:nowrap">4<a name="categorizacion-discrecional-4"> </a></td><td>Consulta general usuario</td></tr><tr><td style="white-space:nowrap">5<a name="categorizacion-discrecional-5"> </a></td><td>Consulta general usuario</td></tr><tr><td style="white-space:nowrap">99<a name="categorizacion-discrecional-99"> </a></td><td>Sin Categorizar</td></tr></table></div></text><url value="https://interoperabilidad.minsal.cl/fhir/ig/urgencia/CodeSystem/categorizacion-discrecional"/><version value="0.1.0"/><name value="CSCategorizacionDiscrecional"/><title value="CSCategorizacionDiscrecional"/><status value="draft"/><experimental value="false"/><date value="2024-11-07T14:38:19-03:00"/><publisher value="Unidad de Interoperabilidad - MINSAL"/><contact><name value="Unidad de Interoperabilidad - MINSAL"/><telecom><system value="url"/><value value="https://interoperabilidad.minsal.cl"/></telecom></contact><contact><name value="Roberto Araneda"/><telecom><system value="email"/><value value="roberto.araneda@chiledata.cl"/><use value="work"/></telecom></contact><contact><name value="John Díaz"/><telecom><system value="email"/><value value="john.diaz@chiledata.cl"/><use value="work"/></telecom></contact><description value="Códigos de categorización discrecional de pacientes en el sistema de salud chileno"/><jurisdiction><coding><system value="urn:iso:std:iso:3166"/><code value="CL"/><display value="Chile"/></coding></jurisdiction><caseSensitive value="false"/><content value="complete"/><count value="6"/><concept><code value="1"/><display value="Riesgo Vital y/o secuela funcional grave"/></concept><concept><code value="2"/><display value="Emergencia"/></concept><concept><code value="3"/><display value="Urgencia"/></concept><concept><code value="4"/><display value="Consulta general usuario"/></concept><concept><code value="5"/><display value="Consulta general usuario"/></concept><concept><code value="99"/><display value="Sin Categorizar"/></concept></CodeSystem>