<?xml version="1.0" encoding="UTF-8"?><CodeSystem xmlns="http://hl7.org/fhir"><id value="pueblo-indigena"/><text><status value="generated"/><div xmlns="http://www.w3.org/1999/xhtml"><p class="res-header-id"><b>Generated Narrative: CodeSystem pueblo-indigena</b></p><a name="pueblo-indigena"> </a><a name="hcpueblo-indigena"> </a><a name="pueblo-indigena-en-US"> </a><p>This case-insensitive code system <code>http://proceso-urgencia.minsal.cl/CodeSystem/pueblo-indigena</code> defines the following codes:</p><table class="codes"><tr><td style="white-space:nowrap"><b>Code</b></td><td><b>Display</b></td><td><b>Definition</b></td></tr><tr><td style="white-space:nowrap">1<a name="pueblo-indigena-1"> </a></td><td>Mapuche</td><td/></tr><tr><td style="white-space:nowrap">2<a name="pueblo-indigena-2"> </a></td><td>Aymara</td><td/></tr><tr><td style="white-space:nowrap">3<a name="pueblo-indigena-3"> </a></td><td>Rapa Nui O Pascuense</td><td/></tr><tr><td style="white-space:nowrap">4<a name="pueblo-indigena-4"> </a></td><td>Lickanantay</td><td/></tr><tr><td style="white-space:nowrap">5<a name="pueblo-indigena-5"> </a></td><td>Quechua</td><td/></tr><tr><td style="white-space:nowrap">6<a name="pueblo-indigena-6"> </a></td><td>Colla</td><td/></tr><tr><td style="white-space:nowrap">7<a name="pueblo-indigena-7"> </a></td><td>Diaguita</td><td/></tr><tr><td style="white-space:nowrap">8<a name="pueblo-indigena-8"> </a></td><td>Kawésqar</td><td/></tr><tr><td style="white-space:nowrap">9<a name="pueblo-indigena-9"> </a></td><td>Yagán</td><td/></tr><tr><td style="white-space:nowrap">11<a name="pueblo-indigena-11"> </a></td><td>Chango</td><td/></tr><tr><td style="white-space:nowrap">10<a name="pueblo-indigena-10"> </a></td><td>Otro</td><td>Otro (especificar)</td></tr></table></div></text><url value="http://proceso-urgencia.minsal.cl/CodeSystem/pueblo-indigena"/><version value="0.1.0"/><name value="CSPuebloIndigena"/><title value="CSPuebloIndigena"/><status value="draft"/><experimental value="false"/><date value="2024-08-27T17:49:18-04:00"/><publisher value="ChileData"/><contact><name value="ChileData"/><telecom><system value="url"/><value value="http://chiledata.cl"/></telecom></contact><contact><name value="Roberto Araneda"/><telecom><system value="email"/><value value="roberto.araneda@chiledata.cl"/><use value="work"/></telecom></contact><contact><name value="John Díaz"/><telecom><system value="email"/><value value="john.diaz@chiledata.cl"/><use value="work"/></telecom></contact><description value="Códigos de los pueblos indígenas de Chile"/><caseSensitive value="false"/><content value="complete"/><count value="11"/><concept><code value="1"/><display value="Mapuche"/></concept><concept><code value="2"/><display value="Aymara"/></concept><concept><code value="3"/><display value="Rapa Nui O Pascuense"/></concept><concept><code value="4"/><display value="Lickanantay"/></concept><concept><code value="5"/><display value="Quechua"/></concept><concept><code value="6"/><display value="Colla"/></concept><concept><code value="7"/><display value="Diaguita"/></concept><concept><code value="8"/><display value="Kawésqar"/></concept><concept><code value="9"/><display value="Yagán"/></concept><concept><code value="11"/><display value="Chango"/></concept><concept><code value="10"/><display value="Otro"/><definition value="Otro (especificar)"/></concept></CodeSystem>