<?xml version="1.0" encoding="UTF-8"?><CodeSystem xmlns="http://hl7.org/fhir"><id value="fallecido"/><text><status value="generated"/><div xmlns="http://www.w3.org/1999/xhtml"><p class="res-header-id"><b>Generated Narrative: CodeSystem fallecido</b></p><a name="fallecido"> </a><a name="hcfallecido"> </a><a name="fallecido-es-CL"> </a><p>This case-insensitive code system <code>https://interoperabilidad.minsal.cl/fhir/ig/urgencia/CodeSystem/fallecido</code> defines the following codes:</p><table class="codes"><tr><td style="white-space:nowrap"><b>Code</b></td><td><b>Display</b></td></tr><tr><td style="white-space:nowrap">1<a name="fallecido-1"> </a></td><td>Usuarios fallecidos en espera de atención médica</td></tr><tr><td style="white-space:nowrap">2<a name="fallecido-2"> </a></td><td>Usuarios fallecidos en proceso de atención</td></tr></table></div></text><url value="https://interoperabilidad.minsal.cl/fhir/ig/urgencia/CodeSystem/fallecido"/><version value="0.1.0"/><name value="CSFallecido"/><title value="Fallecido"/><status value="draft"/><experimental value="false"/><date value="2024-12-13T10:10:51-03:00"/><publisher value="Unidad de Interoperabilidad - MINSAL"/><contact><name value="Unidad de Interoperabilidad - MINSAL"/><telecom><system value="url"/><value value="https://interoperabilidad.minsal.cl"/></telecom></contact><contact><name value="Roberto Araneda"/><telecom><system value="email"/><value value="roberto.araneda@chiledata.cl"/><use value="work"/></telecom></contact><contact><name value="John Díaz"/><telecom><system value="email"/><value value="john.diaz@chiledata.cl"/><use value="work"/></telecom></contact><description value="Códigos asociados al momento en que el paciente fallece en el servicio de urgencia."/><jurisdiction><coding><system value="urn:iso:std:iso:3166"/><code value="CL"/><display value="Chile"/></coding></jurisdiction><caseSensitive value="false"/><content value="complete"/><count value="2"/><concept><code value="1"/><display value="Usuarios fallecidos en espera de atención médica"/></concept><concept><code value="2"/><display value="Usuarios fallecidos en proceso de atención"/></concept></CodeSystem>