<?xml version="1.0" encoding="UTF-8"?><CodeSystem xmlns="http://hl7.org/fhir"><id value="codigo-procedencia"/><text><status value="generated"/><div xmlns="http://www.w3.org/1999/xhtml"><p class="res-header-id"><b>Generated Narrative: CodeSystem codigo-procedencia</b></p><a name="codigo-procedencia"> </a><a name="hccodigo-procedencia"> </a><a name="codigo-procedencia-en-US"> </a><p>This case-insensitive code system <code>http://proceso-urgencia.minsal.cl/CodeSystem/codigo-procedencia</code> defines the following codes:</p><table class="codes"><tr><td style="white-space:nowrap"><b>Code</b></td><td><b>Display</b></td></tr><tr><td style="white-space:nowrap">1<a name="codigo-procedencia-1"> </a></td><td>Referido de Unidad de Emergencia.</td></tr><tr><td style="white-space:nowrap">2<a name="codigo-procedencia-2"> </a></td><td>Referido de APS.</td></tr><tr><td style="white-space:nowrap">3<a name="codigo-procedencia-3"> </a></td><td>Referido de atención de especialidades.</td></tr><tr><td style="white-space:nowrap">4<a name="codigo-procedencia-4"> </a></td><td>Referido de establecimientos No Pertenecientes al SNSS</td></tr><tr><td style="white-space:nowrap">5<a name="codigo-procedencia-5"> </a></td><td>SAPU</td></tr><tr><td style="white-space:nowrap">6<a name="codigo-procedencia-6"> </a></td><td>SAR</td></tr><tr><td style="white-space:nowrap">7<a name="codigo-procedencia-7"> </a></td><td>SUR</td></tr><tr><td style="white-space:nowrap">8<a name="codigo-procedencia-8"> </a></td><td>Vía Pública</td></tr><tr><td style="white-space:nowrap">9<a name="codigo-procedencia-9"> </a></td><td>Domicilio</td></tr><tr><td style="white-space:nowrap">10<a name="codigo-procedencia-10"> </a></td><td>Referido desde Hospitalización Domiciliaria</td></tr><tr><td style="white-space:nowrap">11<a name="codigo-procedencia-11"> </a></td><td>Referido desde entidad de seguridad pública</td></tr><tr><td style="white-space:nowrap">12<a name="codigo-procedencia-12"> </a></td><td>Referido de Programa de Servicio de Protección Especializada Mejor Niñez</td></tr><tr><td style="white-space:nowrap">13<a name="codigo-procedencia-13"> </a></td><td>Referido de Servicio Nacional de Menores (SENAME)</td></tr><tr><td style="white-space:nowrap">99<a name="codigo-procedencia-99"> </a></td><td>Desconocido</td></tr></table></div></text><url value="http://proceso-urgencia.minsal.cl/CodeSystem/codigo-procedencia"/><version value="0.1.0"/><name value="CSCodigoProcedencia"/><title value="CSCodigoProcedencia"/><status value="draft"/><experimental value="false"/><date value="2024-08-27T17:49:18-04:00"/><publisher value="ChileData"/><contact><name value="ChileData"/><telecom><system value="url"/><value value="http://chiledata.cl"/></telecom></contact><contact><name value="Roberto Araneda"/><telecom><system value="email"/><value value="roberto.araneda@chiledata.cl"/><use value="work"/></telecom></contact><contact><name value="John Díaz"/><telecom><system value="email"/><value value="john.diaz@chiledata.cl"/><use value="work"/></telecom></contact><description value="Códigos de procedencia de los pacientes al momento de su ingreso a la institución de salud"/><caseSensitive value="false"/><content value="complete"/><count value="14"/><concept><code value="1"/><display value="Referido de Unidad de Emergencia."/></concept><concept><code value="2"/><display value="Referido de APS."/></concept><concept><code value="3"/><display value="Referido de atención de especialidades."/></concept><concept><code value="4"/><display value="Referido de establecimientos No Pertenecientes al SNSS"/></concept><concept><code value="5"/><display value="SAPU"/></concept><concept><code value="6"/><display value="SAR"/></concept><concept><code value="7"/><display value="SUR"/></concept><concept><code value="8"/><display value="Vía Pública"/></concept><concept><code value="9"/><display value="Domicilio"/></concept><concept><code value="10"/><display value="Referido desde Hospitalización Domiciliaria"/></concept><concept><code value="11"/><display value="Referido desde entidad de seguridad pública"/></concept><concept><code value="12"/><display value="Referido de Programa de Servicio de Protección Especializada Mejor Niñez"/></concept><concept><code value="13"/><display value="Referido de Servicio Nacional de Menores (SENAME)"/></concept><concept><code value="99"/><display value="Desconocido"/></concept></CodeSystem>