<?xml version="1.0" encoding="UTF-8"?><CodeSystem xmlns="http://hl7.org/fhir"><id value="MedioDeLlegada"/><text><status value="generated"/><div xmlns="http://www.w3.org/1999/xhtml"><p class="res-header-id"><b>Generated Narrative: CodeSystem MedioDeLlegada</b></p><a name="MedioDeLlegada"> </a><a name="hcMedioDeLlegada"> </a><a name="MedioDeLlegada-es-CL"> </a><p>This case-sensitive code system <code>https://interoperabilidad.minsal.cl/fhir/ig/urgencia/CodeSystem/MedioDeLlegada</code> defines the following codes:</p><table class="codes"><tr><td style="white-space:nowrap"><b>Code</b></td><td><b>Display</b></td></tr><tr><td style="white-space:nowrap">1<a name="MedioDeLlegada-1"> </a></td><td>Ambulancia SAMU</td></tr><tr><td style="white-space:nowrap">2<a name="MedioDeLlegada-2"> </a></td><td>Ambulancia APS</td></tr><tr><td style="white-space:nowrap">3<a name="MedioDeLlegada-3"> </a></td><td>Otra Ambulancia</td></tr><tr><td style="white-space:nowrap">4<a name="MedioDeLlegada-4"> </a></td><td>Vehículo de Carabineros o PDI.</td></tr><tr><td style="white-space:nowrap">5<a name="MedioDeLlegada-5"> </a></td><td>Vehículo particular</td></tr><tr><td style="white-space:nowrap">6<a name="MedioDeLlegada-6"> </a></td><td>Transporte marítimo</td></tr><tr><td style="white-space:nowrap">7<a name="MedioDeLlegada-7"> </a></td><td>Transporte aéreo</td></tr><tr><td style="white-space:nowrap">8<a name="MedioDeLlegada-8"> </a></td><td>Otros vehículos no motorizados</td></tr><tr><td style="white-space:nowrap">9<a name="MedioDeLlegada-9"> </a></td><td>A pie</td></tr><tr><td style="white-space:nowrap">10<a name="MedioDeLlegada-10"> </a></td><td>Gendarmería</td></tr><tr><td style="white-space:nowrap">11<a name="MedioDeLlegada-11"> </a></td><td>Bomberos</td></tr><tr><td style="white-space:nowrap">12<a name="MedioDeLlegada-12"> </a></td><td>Transporte público</td></tr><tr><td style="white-space:nowrap">13<a name="MedioDeLlegada-13"> </a></td><td>Otros</td></tr><tr><td style="white-space:nowrap">99<a name="MedioDeLlegada-99"> </a></td><td>Desconocido</td></tr></table></div></text><url value="https://interoperabilidad.minsal.cl/fhir/ig/urgencia/CodeSystem/MedioDeLlegada"/><version value="0.1.0"/><name value="CSMedioDeLlegada"/><title value="Medio de Llegada"/><status value="active"/><experimental value="false"/><date value="2024-12-16T14:50:05-03:00"/><publisher value="Unidad de Interoperabilidad - MINSAL"/><contact><name value="Unidad de Interoperabilidad - MINSAL"/><telecom><system value="url"/><value value="https://interoperabilidad.minsal.cl"/></telecom></contact><contact><name value="Roberto Araneda"/><telecom><system value="email"/><value value="roberto.araneda@chiledata.cl"/><use value="work"/></telecom></contact><contact><name value="John Díaz"/><telecom><system value="email"/><value value="john.diaz@chiledata.cl"/><use value="work"/></telecom></contact><description value="Corresponde a las posibles formas de llegada de un paciente a un servicio de atención de urgencia"/><jurisdiction><coding><system value="urn:iso:std:iso:3166"/><code value="CL"/><display value="Chile"/></coding></jurisdiction><caseSensitive value="true"/><content value="complete"/><count value="14"/><concept><code value="1"/><display value="Ambulancia SAMU"/></concept><concept><code value="2"/><display value="Ambulancia APS"/></concept><concept><code value="3"/><display value="Otra Ambulancia"/></concept><concept><code value="4"/><display value="Vehículo de Carabineros o PDI."/></concept><concept><code value="5"/><display value="Vehículo particular"/></concept><concept><code value="6"/><display value="Transporte marítimo"/></concept><concept><code value="7"/><display value="Transporte aéreo"/></concept><concept><code value="8"/><display value="Otros vehículos no motorizados"/></concept><concept><code value="9"/><display value="A pie"/></concept><concept><code value="10"/><display value="Gendarmería"/></concept><concept><code value="11"/><display value="Bomberos"/></concept><concept><code value="12"/><display value="Transporte público"/></concept><concept><code value="13"/><display value="Otros"/></concept><concept><code value="99"/><display value="Desconocido"/></concept></CodeSystem>