<?xml version="1.0" encoding="UTF-8"?><ValueSet xmlns="http://hl7.org/fhir"><id value="categorizacion-paciente"/><text><status value="generated"/><div xmlns="http://www.w3.org/1999/xhtml"><p class="res-header-id"><b>Generated Narrative: ValueSet categorizacion-paciente</b></p><a name="categorizacion-paciente"> </a><a name="hccategorizacion-paciente"> </a><a name="categorizacion-paciente-es-CL"> </a><p>This value set includes codes based on the following rules:</p><ul><li>Include all codes defined in <a href="CodeSystem-categorizacion-discrecional.html"><code>https://interoperabilidad.minsal.cl/fhir/ig/urgencia/CodeSystem/categorizacion-discrecional</code></a></li><li>Include all codes defined in <a href="CodeSystem-categorizacion-esi.html"><code>https://interoperabilidad.minsal.cl/fhir/ig/urgencia/CodeSystem/categorizacion-esi</code></a></li><li>Include all codes defined in <a href="CodeSystem-categorizacion-ugo.html"><code>https://interoperabilidad.minsal.cl/fhir/ig/urgencia/CodeSystem/categorizacion-ugo</code></a></li></ul></div></text><url value="https://interoperabilidad.minsal.cl/fhir/ig/urgencia/ValueSet/categorizacion-paciente"/><version value="0.1.0"/><name value="VSCategorizacionPaciente"/><title value="Categorización de Paciente"/><status value="draft"/><experimental value="false"/><date value="2024-11-07T14:38:19-03:00"/><publisher value="Unidad de Interoperabilidad - MINSAL"/><contact><name value="Unidad de Interoperabilidad - MINSAL"/><telecom><system value="url"/><value value="https://interoperabilidad.minsal.cl"/></telecom></contact><contact><name value="Roberto Araneda"/><telecom><system value="email"/><value value="roberto.araneda@chiledata.cl"/><use value="work"/></telecom></contact><contact><name value="John Díaz"/><telecom><system value="email"/><value value="john.diaz@chiledata.cl"/><use value="work"/></telecom></contact><description value="Códigos de categorización de un paciente en un evento de urgencia."/><jurisdiction><coding><system value="urn:iso:std:iso:3166"/><code value="CL"/><display value="Chile"/></coding></jurisdiction><compose><include><system value="https://interoperabilidad.minsal.cl/fhir/ig/urgencia/CodeSystem/categorizacion-discrecional"/></include><include><system value="https://interoperabilidad.minsal.cl/fhir/ig/urgencia/CodeSystem/categorizacion-esi"/></include><include><system value="https://interoperabilidad.minsal.cl/fhir/ig/urgencia/CodeSystem/categorizacion-ugo"/></include></compose></ValueSet>