<?xml version="1.0" encoding="UTF-8"?><ValueSet xmlns="http://hl7.org/fhir"><id value="relacion-acompanante"/><text><status value="generated"/><div xmlns="http://www.w3.org/1999/xhtml"><p class="res-header-id"><b>Generated Narrative: ValueSet relacion-acompanante</b></p><a name="relacion-acompanante"> </a><a name="hcrelacion-acompanante"> </a><a name="relacion-acompanante-en-US"> </a><ul><li>Include all codes defined in <a href="CodeSystem-relacion-acompanante.html"><code>http://proceso-urgencia.minsal.cl/CodeSystem/relacion-acompanante</code></a></li></ul></div></text><url value="http://proceso-urgencia.minsal.cl/ValueSet/relacion-acompanante"/><version value="0.1.0"/><name value="VSRelacionAcompanante"/><title value="VSRelacionAcompanante"/><status value="draft"/><experimental value="false"/><date value="2024-08-27T17:49:18-04:00"/><publisher value="ChileData"/><contact><name value="ChileData"/><telecom><system value="url"/><value value="http://chiledata.cl"/></telecom></contact><contact><name value="Roberto Araneda"/><telecom><system value="email"/><value value="roberto.araneda@chiledata.cl"/><use value="work"/></telecom></contact><contact><name value="John Díaz"/><telecom><system value="email"/><value value="john.diaz@chiledata.cl"/><use value="work"/></telecom></contact><description value="Códigos de relación del acompañante con el paciente."/><compose><include><system value="http://proceso-urgencia.minsal.cl/CodeSystem/relacion-acompanante"/></include></compose></ValueSet>