<?xml version="1.0" encoding="UTF-8"?><ValueSet xmlns="http://hl7.org/fhir"><id value="TituloProfesional"/><text><status value="generated"/><div xmlns="http://www.w3.org/1999/xhtml"><p class="res-header-id"><b>Generated Narrative: ValueSet TituloProfesional</b></p><a name="TituloProfesional"> </a><a name="hcTituloProfesional"> </a><a name="TituloProfesional-es-CL"> </a><ul><li>Include all codes defined in <a href="CodeSystem-TituloProfesional.html"><code>https://interoperabilidad.minsal.cl/fhir/ig/urgencia/CodeSystem/TituloProfesional</code></a></li></ul></div></text><url value="https://interoperabilidad.minsal.cl/fhir/ig/urgencia/ValueSet/TituloProfesional"/><version value="0.1.0"/><name value="VSTituloProfesional"/><title value="Título Profesional"/><status value="draft"/><experimental value="false"/><date value="2024-11-07T14:38:19-03:00"/><publisher value="Unidad de Interoperabilidad - MINSAL"/><contact><name value="Unidad de Interoperabilidad - MINSAL"/><telecom><system value="url"/><value value="https://interoperabilidad.minsal.cl"/></telecom></contact><contact><name value="Roberto Araneda"/><telecom><system value="email"/><value value="roberto.araneda@chiledata.cl"/><use value="work"/></telecom></contact><contact><name value="John Díaz"/><telecom><system value="email"/><value value="john.diaz@chiledata.cl"/><use value="work"/></telecom></contact><description value="Códigos de los títulos profesionales de un profesional de la salud que participa de la atención de un paciente"/><jurisdiction><coding><system value="urn:iso:std:iso:3166"/><code value="CL"/><display value="Chile"/></coding></jurisdiction><compose><include><system value="https://interoperabilidad.minsal.cl/fhir/ig/urgencia/CodeSystem/TituloProfesional"/></include></compose></ValueSet>