<?xml version="1.0" encoding="UTF-8"?><ValueSet xmlns="http://hl7.org/fhir"><id value="TipoViaResidencia"/><text><status value="generated"/><div xmlns="http://www.w3.org/1999/xhtml"><p class="res-header-id"><b>Generated Narrative: ValueSet TipoViaResidencia</b></p><a name="TipoViaResidencia"> </a><a name="hcTipoViaResidencia"> </a><a name="TipoViaResidencia-es-CL"> </a><ul><li>Include all codes defined in <a href="CodeSystem-TipoViaResidencia.html"><code>https://interoperabilidad.minsal.cl/fhir/ig/urgencia/CodeSystem/TipoViaResidencia</code></a></li></ul></div></text><url value="https://interoperabilidad.minsal.cl/fhir/ig/urgencia/ValueSet/TipoViaResidencia"/><version value="0.1.0"/><name value="VSTipoViaResidencia"/><title value="Tipo Via Residencia"/><status value="draft"/><experimental value="false"/><date value="2024-12-13T10:10:51-03:00"/><publisher value="Unidad de Interoperabilidad - MINSAL"/><contact><name value="Unidad de Interoperabilidad - MINSAL"/><telecom><system value="url"/><value value="https://interoperabilidad.minsal.cl"/></telecom></contact><contact><name value="Roberto Araneda"/><telecom><system value="email"/><value value="roberto.araneda@chiledata.cl"/><use value="work"/></telecom></contact><contact><name value="John Díaz"/><telecom><system value="email"/><value value="john.diaz@chiledata.cl"/><use value="work"/></telecom></contact><description value="Códigos de tipo de vía de residencia Norma 820"/><jurisdiction><coding><system value="urn:iso:std:iso:3166"/><code value="CL"/><display value="Chile"/></coding></jurisdiction><compose><include><system value="https://interoperabilidad.minsal.cl/fhir/ig/urgencia/CodeSystem/TipoViaResidencia"/></include></compose></ValueSet>