<?xml version="1.0" encoding="UTF-8"?><ValueSet xmlns="http://hl7.org/fhir"><id value="indicacion-traslado-otro-centro"/><text><status value="generated"/><div xmlns="http://www.w3.org/1999/xhtml"><p class="res-header-id"><b>Generated Narrative: ValueSet indicacion-traslado-otro-centro</b></p><a name="indicacion-traslado-otro-centro"> </a><a name="hcindicacion-traslado-otro-centro"> </a><a name="indicacion-traslado-otro-centro-es-CL"> </a><ul><li>Include all codes defined in <a href="CodeSystem-indicacion-traslado-otro-centro.html"><code>https://interoperabilidad.minsal.cl/fhir/ig/urgencia/CodeSystem/indicacion-traslado-otro-centro</code></a></li></ul></div></text><url value="https://interoperabilidad.minsal.cl/fhir/ig/urgencia/ValueSet/indicacion-traslado-otro-centro"/><version value="0.1.0"/><name value="VSIndicacionTrasladoOtroCentro"/><title value="Indicación Traslado Otro Centro"/><status value="draft"/><experimental value="false"/><date value="2024-12-13T10:10:51-03:00"/><publisher value="Unidad de Interoperabilidad - MINSAL"/><contact><name value="Unidad de Interoperabilidad - MINSAL"/><telecom><system value="url"/><value value="https://interoperabilidad.minsal.cl"/></telecom></contact><contact><name value="Roberto Araneda"/><telecom><system value="email"/><value value="roberto.araneda@chiledata.cl"/><use value="work"/></telecom></contact><contact><name value="John Díaz"/><telecom><system value="email"/><value value="john.diaz@chiledata.cl"/><use value="work"/></telecom></contact><description value="Códigos correspondientes a la derivación  o traslado del usuario a otro centro asistencial de salud, el cual puede ser o no perteneciente al Servicio Nacional de Salud."/><jurisdiction><coding><system value="urn:iso:std:iso:3166"/><code value="CL"/><display value="Chile"/></coding></jurisdiction><compose><include><system value="https://interoperabilidad.minsal.cl/fhir/ig/urgencia/CodeSystem/indicacion-traslado-otro-centro"/></include></compose></ValueSet>