<?xml version="1.0" encoding="UTF-8"?><ValueSet xmlns="http://hl7.org/fhir"><id value="estado-antecedente"/><text><status value="extensions"/><div xmlns="http://www.w3.org/1999/xhtml"><p class="res-header-id"><b>Generated Narrative: ValueSet estado-antecedente</b></p><a name="estado-antecedente"> </a><a name="hcestado-antecedente"> </a><a name="estado-antecedente-en-US"> </a><ul><li>Include these codes as defined in <a href="http://terminology.hl7.org/6.0.2/CodeSystem-condition-ver-status.html"><code>http://terminology.hl7.org/CodeSystem/condition-ver-status</code></a><table class="none"><tr><td style="white-space:nowrap"><b>Code</b></td><td><b>Display</b></td><td><b>Definition</b></td></tr><tr><td><a href="http://terminology.hl7.org/6.0.2/CodeSystem-condition-ver-status.html#condition-ver-status-confirmed">confirmed</a></td><td>Si es que el paciente presenta o presntó el antecedente</td><td>There is sufficient evidence to assert the presence of the subject's condition.</td></tr><tr><td><a href="http://terminology.hl7.org/6.0.2/CodeSystem-condition-ver-status.html#condition-ver-status-refuted">refuted</a></td><td>Si es que el paciente no presenta o presentó el antecedente</td><td>This condition has been ruled out by subsequent diagnostic and clinical evidence.</td></tr></table></li></ul></div></text><url value="http://proceso-urgencia.minsal.cl/ValueSet/estado-antecedente"/><version value="0.1.0"/><name value="VSEstadoAntecedente"/><title value="Estado Antecedente"/><status value="draft"/><date value="2024-08-27T17:49:18-04:00"/><publisher value="ChileData"/><contact><name value="ChileData"/><telecom><system value="url"/><value value="http://chiledata.cl"/></telecom></contact><contact><name value="Roberto Araneda"/><telecom><system value="email"/><value value="roberto.araneda@chiledata.cl"/><use value="work"/></telecom></contact><contact><name value="John Díaz"/><telecom><system value="email"/><value value="john.diaz@chiledata.cl"/><use value="work"/></telecom></contact><description value="Valores posibles a registrar en verificationStatus de un antecedente"/><compose><include><system value="http://terminology.hl7.org/CodeSystem/condition-ver-status"/><concept><code value="confirmed"/><display value="Si es que el paciente presenta o presntó el antecedente"/></concept><concept><code value="refuted"/><display value="Si es que el paciente no presenta o presentó el antecedente"/></concept></include></compose></ValueSet>