<?xml version="1.0" encoding="UTF-8"?><ValueSet xmlns="http://hl7.org/fhir"><id value="tipo-via-residencia"/><text><status value="generated"/><div xmlns="http://www.w3.org/1999/xhtml"><p class="res-header-id"><b>Generated Narrative: ValueSet tipo-via-residencia</b></p><a name="tipo-via-residencia"> </a><a name="hctipo-via-residencia"> </a><a name="tipo-via-residencia-en-US"> </a><ul><li>Include all codes defined in <a href="CodeSystem-tipo-via-residencia.html"><code>http://proceso-urgencia.minsal.cl/CodeSystem/tipo-via-residencia</code></a></li></ul></div></text><url value="http://proceso-urgencia.minsal.cl/ValueSet/tipo-via-residencia"/><version value="0.1.0"/><name value="VSTipoViaResidencia"/><title value="VSTipoViaResidencia"/><status value="draft"/><experimental value="false"/><date value="2024-08-27T17:49:18-04:00"/><publisher value="ChileData"/><contact><name value="ChileData"/><telecom><system value="url"/><value value="http://chiledata.cl"/></telecom></contact><contact><name value="Roberto Araneda"/><telecom><system value="email"/><value value="roberto.araneda@chiledata.cl"/><use value="work"/></telecom></contact><contact><name value="John Díaz"/><telecom><system value="email"/><value value="john.diaz@chiledata.cl"/><use value="work"/></telecom></contact><description value="Códigos de tipo de vía de residencia Norma 820"/><compose><include><system value="http://proceso-urgencia.minsal.cl/CodeSystem/tipo-via-residencia"/></include></compose></ValueSet>