<?xml version="1.0" encoding="UTF-8"?><ValueSet xmlns="http://hl7.org/fhir"><id value="codigo-deis-establecimientos"/><text><status value="generated"/><div xmlns="http://www.w3.org/1999/xhtml"><p class="res-header-id"><b>Generated Narrative: ValueSet codigo-deis-establecimientos</b></p><a name="codigo-deis-establecimientos"> </a><a name="hccodigo-deis-establecimientos"> </a><a name="codigo-deis-establecimientos-en-US"> </a><ul><li>Include all codes defined in <a href="CodeSystem-codigo-deis-establecimiento.html"><code>http://proceso-urgencia.minsal.cl/CodeSystem/codigo-deis-establecimiento</code></a></li></ul></div></text><url value="http://proceso-urgencia.minsal.cl/ValueSet/codigo-deis-establecimientos"/><version value="0.1.0"/><name value="VSCodigoDeisEstablecimientos"/><title value="VSCodigosEstablecimiento"/><status value="draft"/><experimental value="false"/><date value="2024-08-27T17:49:18-04:00"/><publisher value="ChileData"/><contact><name value="ChileData"/><telecom><system value="url"/><value value="http://chiledata.cl"/></telecom></contact><contact><name value="Roberto Araneda"/><telecom><system value="email"/><value value="roberto.araneda@chiledata.cl"/><use value="work"/></telecom></contact><contact><name value="John Díaz"/><telecom><system value="email"/><value value="john.diaz@chiledata.cl"/><use value="work"/></telecom></contact><description value="Códigos de Establecimientos de Salud DEIS (Norma 820)"/><compose><include><system value="http://proceso-urgencia.minsal.cl/CodeSystem/codigo-deis-establecimiento"/></include></compose></ValueSet>