<?xml version="1.0" encoding="UTF-8"?><ValueSet xmlns="http://hl7.org/fhir"><id value="destino-fallecido"/><text><status value="generated"/><div xmlns="http://www.w3.org/1999/xhtml"><p class="res-header-id"><b>Generated Narrative: ValueSet destino-fallecido</b></p><a name="destino-fallecido"> </a><a name="hcdestino-fallecido"> </a><a name="destino-fallecido-en-US"> </a><ul><li>Include all codes defined in <a href="CodeSystem-destino-fallecido.html"><code>http://proceso-urgencia.minsal.cl/CodeSystem/destino-fallecido</code></a></li></ul></div></text><url value="http://proceso-urgencia.minsal.cl/ValueSet/destino-fallecido"/><version value="0.1.0"/><name value="VSDestinoFallecido"/><title value="Destino Fallecido"/><status value="draft"/><experimental value="false"/><date value="2024-08-29T09:57:29-04:00"/><publisher value="ChileData"/><contact><name value="ChileData"/><telecom><system value="url"/><value value="http://chiledata.cl"/></telecom></contact><contact><name value="Roberto Araneda"/><telecom><system value="email"/><value value="roberto.araneda@chiledata.cl"/><use value="work"/></telecom></contact><contact><name value="John Díaz"/><telecom><system value="email"/><value value="john.diaz@chiledata.cl"/><use value="work"/></telecom></contact><description value="Códigos asociados a la situación final de los usuarios fallecidos durante la atención de urgencia."/><compose><include><system value="http://proceso-urgencia.minsal.cl/CodeSystem/destino-fallecido"/></include></compose></ValueSet>