URL,Version,Status,OIDs,Name,Title,Descriptino,Uses,Used,Sources
https://interoperabilidad.minsal.cl/fhir/ig/tei/ValueSet/CodigoExamen,0.2.0,active,,CodigoExamen,Códigos de Examenes,"Codigos de Examenes",,"LOINC"
https://interoperabilidad.minsal.cl/fhir/ig/tei/ValueSet/PueblosOriginariosVS,0.2.0,draft,,PueblosOriginariosVS,Pueblos Originarios de Chile,"Pueblos Originarios de Chile",,"Internal"
https://interoperabilidad.minsal.cl/fhir/ig/tei/ValueSet/VSCodificacionCategoria,0.2.0,active,,VSCodificacionCategoria,Codificación de la categoría de una prescripción,"Estado de una prescripción",,"Internal"
https://interoperabilidad.minsal.cl/fhir/ig/tei/ValueSet/VSCodificacionPatron,0.2.0,active,,VSCodificacionPatron,Patrón de la Prescripción,"Codificación del patrón de administración de una prescripción",,"Internal"
https://interoperabilidad.minsal.cl/fhir/ig/tei/ValueSet/VSConsecuenciaAtencionCodigo,0.2.0,active,,VSConsecuenciaAtencionCodigo,Consecuencia Atención Codigo,"Consecuencia Atención Codigo",,"Internal"
https://interoperabilidad.minsal.cl/fhir/ig/tei/ValueSet/VSDerivadoParaCodigo,0.2.0,active,,VSDerivadoParaCodigo,Derivado Para,"Derivado Para",,"Internal"
https://interoperabilidad.minsal.cl/fhir/ig/tei/ValueSet/VSDestinoReferenciaCodigo,0.2.0,active,,VSDestinoReferenciaCodigo,Destino Referencia Codigo,"Destino Referencia Codigo",,"Internal"
https://interoperabilidad.minsal.cl/fhir/ig/tei/ValueSet/VSDocAcreditacionCuidador,0.2.0,active,,VSDocAcreditacionCuidador,Documento Acreditacion Cuidador,"Documento Acreditacion Cuidador",,"Internal"
https://interoperabilidad.minsal.cl/fhir/ig/tei/ValueSet/VSEspecialidadBioqca,0.2.0,active,,VSEspecialidadBioqca,Especialidades y Subespecialidades Bioquímicas,"Especialidades y Subespecialidades Bioquímicas",,"Internal"
https://interoperabilidad.minsal.cl/fhir/ig/tei/ValueSet/VSEspecialidadFarma,0.2.0,active,,VSEspecialidadFarma,Especialidades Farmaceúticas o Química Farmaceúticas,"Especialidades Farmaceúticas o Química Farmaceúticas",,"Internal"
https://interoperabilidad.minsal.cl/fhir/ig/tei/ValueSet/VSEspecialidadMed,0.2.0,active,,VSEspecialidadMed,EspecialidadMed,"EspecialidadMed",,"Internal"
https://interoperabilidad.minsal.cl/fhir/ig/tei/ValueSet/VSEspecialidadOdont,0.2.0,active,,VSEspecialidadOdont,Especialidades Odontológicas,"Especialidades Odontológicas",,"Internal"
https://interoperabilidad.minsal.cl/fhir/ig/tei/ValueSet/VSEstablecimientoDestino,0.2.0,active,,VSEstablecimientoDestino,Establecimiento Destino Codigo,"Establecimiento Destino Codigo ejemplos hechos en base a este documento con los [Códigos DEIS del establecimientos](https://datos.gob.cl/dataset/establecimientos-de-salud-vigentes)",,"Internal"
https://interoperabilidad.minsal.cl/fhir/ig/tei/ValueSet/VSEstadoCivil,0.2.0,active,,VSEstadoCivil,EstadoCivil,"EstadoCivil",,"Internal"
https://interoperabilidad.minsal.cl/fhir/ig/tei/ValueSet/VSEstadoInterconsulta,0.2.0,active,,VSEstadoInterconsulta,Estado Interconsulta,"Estado Interconsulta",,"Internal"
https://interoperabilidad.minsal.cl/fhir/ig/tei/ValueSet/VSFuncionProfesionalDispensacion,0.2.0,active,,VSFuncionProfesionalDispensacion,Funcion del Personal,"Funcion del Personal. Puede ser Dispensador o Validador",,"Internal"
https://interoperabilidad.minsal.cl/fhir/ig/tei/ValueSet/VSHipotesisDiagnosticaCodigo,0.2.0,active,,VSHipotesisDiagnosticaCodigo,HipotesisDiagnosticaCodigo,"HipotesisDiagnosticaCodigo",,"Internal"
https://interoperabilidad.minsal.cl/fhir/ig/tei/ValueSet/VSIdentidaddeGenero,0.2.0,active,,VSIdentidaddeGenero,Identidad de Genero,"Identidad de Genero",,"Internal"
https://interoperabilidad.minsal.cl/fhir/ig/tei/ValueSet/VSIdentificadorPrestador,0.2.0,active,,VSIdentificadorPrestador,IdentificadorPrestador,"IdentificadorPrestador",,"hl7.fhir.cl.clcore"
https://interoperabilidad.minsal.cl/fhir/ig/tei/ValueSet/VSIndicecomorbilidad,0.2.0,active,,VSIndicecomorbilidad,Indice Comorbilidad,"Indice Comorbilidad",,"Internal"
https://interoperabilidad.minsal.cl/fhir/ig/tei/ValueSet/VSIsapres,0.2.0,active,,VSIsapres,Isapres,"Isapres",,"Internal"
https://interoperabilidad.minsal.cl/fhir/ig/tei/ValueSet/VSMediodeContacto,0.2.0,active,,VSMediodeContacto,Medio Notificación,"Medio Notificación",,"Internal"
https://interoperabilidad.minsal.cl/fhir/ig/tei/ValueSet/VSMetodos,0.2.0,active,,VSMetodos,Métodos de Administración,"Métodos de Administración de SNOMED-CT utilizados para el proyecto de receta electrónica",,"Internal"
https://interoperabilidad.minsal.cl/fhir/ig/tei/ValueSet/VSModalidadAtencionCodigo,0.2.0,active,,VSModalidadAtencionCodigo,Modalidad Atencion Codigo,"Modalidad Atencion Codigo",,"Internal"
https://interoperabilidad.minsal.cl/fhir/ig/tei/ValueSet/VSMotivoCierreInterconsulta,0.2.0,active,,VSMotivoCierreInterconsulta,Motivo Cierre Interconsulta,"Motivo Cierre Interconsulta",,"Internal"
https://interoperabilidad.minsal.cl/fhir/ig/tei/ValueSet/VSMotivoNoContactabilidad,0.2.0,active,,VSMotivoNoContactabilidad,Motivo No Contactabilidad,"Motivo No Contactabilidad",,"Internal"
https://interoperabilidad.minsal.cl/fhir/ig/tei/ValueSet/VSMotivoNoPertinenciaCodigo,0.2.0,active,,VSMotivoNoPertinenciaCodigo,Motivo No Pertinencia Codigo,"Motivo No Pertinencia Codigo",,"Internal"
https://interoperabilidad.minsal.cl/fhir/ig/tei/ValueSet/VSPertinenciaInterconsulta,0.2.0,active,,VSPertinenciaInterconsulta,Pertinencia Interconsulta,"Pertinencia Interconsulta",,"Internal"
https://interoperabilidad.minsal.cl/fhir/ig/tei/ValueSet/VSPractitionerTipoRolLE,0.2.0,active,,VSPractitionerTipoRolLE,Rol de profesionales,"Rol de profesionales(Practitioner) en algún evento, durante la intercosulta.",,"Internal"
https://interoperabilidad.minsal.cl/fhir/ig/tei/ValueSet/VSPrevisionCodigo,0.2.0,active,,VSPrevisionCodigo,PrevisionCodigo,"PrevisionCodigo",,"Internal"
https://interoperabilidad.minsal.cl/fhir/ig/tei/ValueSet/VSProblemaGES,0.2.0,active,,VSProblemaGES,Sospecha Patologia Ges,"Sospecha Patologia Ges",,"Internal"
https://interoperabilidad.minsal.cl/fhir/ig/tei/ValueSet/VSRazonEstadoDispensacion,0.2.0,active,,VSRazonEstadoDispensacion,Razón del cambio de estado (Dispensación),"Códigos que indican la razón por la cual una Dispensación ha cambiado su estado",,"Internal"
https://interoperabilidad.minsal.cl/fhir/ig/tei/ValueSet/VSReligion,0.2.0,active,,VSReligion,Religion,"Religion",,"Internal"
https://interoperabilidad.minsal.cl/fhir/ig/tei/ValueSet/VSServicioRequerido,0.2.0,active,,VSServicioRequerido,Servicio Requerido,"Servicio Requerido",,"SCT"
https://interoperabilidad.minsal.cl/fhir/ig/tei/ValueSet/VSSexoBiologico,0.2.0,active,,VSSexoBiologico,Códigos para sexo biológico en Chile,"Códigos para sexo biológico en Chile según tabla 820.",,"Internal"
https://interoperabilidad.minsal.cl/fhir/ig/tei/ValueSet/VSSospechaPatologia,0.2.0,active,,VSSospechaPatologia,Sospecha Patologia,"Sospecha Patologia",,"Internal"
https://interoperabilidad.minsal.cl/fhir/ig/tei/ValueSet/VSStatusReason,0.2.0,active,,VSStatusReason,Razón del cambio de estado (Prescripción),"Códigos que indican la razón por la cual una Prescripción ha cambiado su estado",,"Internal"
https://interoperabilidad.minsal.cl/fhir/ig/tei/ValueSet/VSTerminologiasDiag,0.2.0,active,,VSTerminologiasDiag,TerminologiasDiag,"TerminologiasDiag",,"SCT,hl7.terminology.r4"
https://interoperabilidad.minsal.cl/fhir/ig/tei/ValueSet/VSTipoCodDiagnostica,0.2.0,active,,VSTipoCodDiagnostica,Tipo Codificación Diagnostica,"Tipo Codificación Diagnostica",,"Internal"
https://interoperabilidad.minsal.cl/fhir/ig/tei/ValueSet/VSTipoConsulta,0.2.0,active,,VSTipoConsulta,Tipo Consulta,"Tipo Consulta",,"Internal"
https://interoperabilidad.minsal.cl/fhir/ig/tei/ValueSet/VSTipoEventoLE,0.2.0,active,,VSTipoEventoLE,Tipo de Evento,"Tipo de evento en la interconsulta",,"Internal"
https://interoperabilidad.minsal.cl/fhir/ig/tei/ValueSet/VSTipoPrescripcion,0.2.0,active,,VSTipoPrescripcion,Tipo de Prescripción,"Identifica el tipo de Prescripción",,"Internal"
https://interoperabilidad.minsal.cl/fhir/ig/tei/ValueSet/VSTituloProfesional,0.2.0,active,,VSTituloProfesional,TituloProfesional,"TituloProfesional",,"Internal"
https://interoperabilidad.minsal.cl/fhir/ig/tei/ValueSet/VSUnidadAsistencial,0.2.0,active,,VSUnidadAsistencial,Unidad Asistencial,"Unidad para dosificar",,"Internal"
https://interoperabilidad.minsal.cl/fhir/ig/tei/ValueSet/VSViasAdmin,0.2.0,active,,VSViasAdmin,Vías de Administración,"Vías de Administración de SNOMED-CT utilizadas para el Sistema Nacional de Receta Electrónica",,"Internal"
https://interoperabilidad.minsal.cl/fhir/ig/tei/ValueSet/VSorigenInterconsulta,0.2.0,active,,VSorigenInterconsulta,Origen Interconsulta,"Origen Interconsulta",,"Internal"
