<?xml version="1.0" encoding="UTF-8"?><CodeSystem xmlns="http://hl7.org/fhir"><id value="CSCodComunasCL"/><text><status value="generated"/><div xmlns="http://www.w3.org/1999/xhtml"><p>This case-sensitive code system <code>https://interoperabilidad.minsal.cl/fhir/ig/eis/CodeSystem/CSCodComunasCL</code> defines the following codes:</p><table class="codes"><tr><td style="white-space:nowrap"><b>Code</b></td><td><b>Display</b></td></tr><tr><td style="white-space:nowrap">1102<a name="CSCodComunasCL-1102"> </a></td><td>CAMIÑA</td></tr><tr><td style="white-space:nowrap">1103<a name="CSCodComunasCL-1103"> </a></td><td>COLCHANE</td></tr><tr><td style="white-space:nowrap">1104<a name="CSCodComunasCL-1104"> </a></td><td>HUARA</td></tr><tr><td style="white-space:nowrap">1105<a name="CSCodComunasCL-1105"> </a></td><td>PICA</td></tr><tr><td style="white-space:nowrap">1106<a name="CSCodComunasCL-1106"> </a></td><td>POZO ALMONTE</td></tr><tr><td style="white-space:nowrap">1107<a name="CSCodComunasCL-1107"> </a></td><td>ALTO HOSPICIO</td></tr><tr><td style="white-space:nowrap">1201<a name="CSCodComunasCL-1201"> </a></td><td>ARICA</td></tr><tr><td style="white-space:nowrap">1202<a name="CSCodComunasCL-1202"> </a></td><td>CAMARONES</td></tr><tr><td style="white-space:nowrap">1301<a name="CSCodComunasCL-1301"> </a></td><td>PUTRE</td></tr><tr><td style="white-space:nowrap">1302<a name="CSCodComunasCL-1302"> </a></td><td>GENERAL LAGOS</td></tr><tr><td style="white-space:nowrap">1401<a name="CSCodComunasCL-1401"> </a></td><td>POZO ALMONTE</td></tr><tr><td style="white-space:nowrap">1402<a name="CSCodComunasCL-1402"> </a></td><td>CAMIÑA</td></tr><tr><td style="white-space:nowrap">1403<a name="CSCodComunasCL-1403"> </a></td><td>COLCHANE</td></tr><tr><td style="white-space:nowrap">1404<a name="CSCodComunasCL-1404"> </a></td><td>HUARA</td></tr><tr><td style="white-space:nowrap">1405<a name="CSCodComunasCL-1405"> </a></td><td>PICA</td></tr><tr><td style="white-space:nowrap">2101<a name="CSCodComunasCL-2101"> </a></td><td>ANTOFAGASTA</td></tr><tr><td style="white-space:nowrap">2102<a name="CSCodComunasCL-2102"> </a></td><td>MEJILLONES</td></tr><tr><td style="white-space:nowrap">2103<a name="CSCodComunasCL-2103"> </a></td><td>SIERRA GORDA</td></tr><tr><td style="white-space:nowrap">2104<a name="CSCodComunasCL-2104"> </a></td><td>TALTAL</td></tr><tr><td style="white-space:nowrap">2201<a name="CSCodComunasCL-2201"> </a></td><td>CALAMA</td></tr><tr><td style="white-space:nowrap">2202<a name="CSCodComunasCL-2202"> </a></td><td>OLLAGÜE</td></tr><tr><td style="white-space:nowrap">2203<a name="CSCodComunasCL-2203"> </a></td><td>SAN PEDRO DE ATACAMA</td></tr><tr><td style="white-space:nowrap">2301<a name="CSCodComunasCL-2301"> </a></td><td>TOCOPILLA</td></tr><tr><td style="white-space:nowrap">2302<a name="CSCodComunasCL-2302"> </a></td><td>MARÍA ELENA</td></tr><tr><td style="white-space:nowrap">3101<a name="CSCodComunasCL-3101"> </a></td><td>COPIAPÓ</td></tr><tr><td style="white-space:nowrap">3102<a name="CSCodComunasCL-3102"> </a></td><td>CALDERA</td></tr><tr><td style="white-space:nowrap">3103<a name="CSCodComunasCL-3103"> </a></td><td>TIERRA AMARILLA</td></tr><tr><td style="white-space:nowrap">3201<a name="CSCodComunasCL-3201"> </a></td><td>CHAÑARAL</td></tr><tr><td style="white-space:nowrap">3202<a name="CSCodComunasCL-3202"> </a></td><td>DIEGO DE ALMAGRO</td></tr><tr><td style="white-space:nowrap">3301<a name="CSCodComunasCL-3301"> </a></td><td>VALLENAR</td></tr><tr><td style="white-space:nowrap">3302<a name="CSCodComunasCL-3302"> </a></td><td>ALTO DEL CARMEN</td></tr><tr><td style="white-space:nowrap">3303<a name="CSCodComunasCL-3303"> </a></td><td>FREIRINA</td></tr><tr><td style="white-space:nowrap">3304<a name="CSCodComunasCL-3304"> </a></td><td>HUASCO</td></tr><tr><td style="white-space:nowrap">4101<a name="CSCodComunasCL-4101"> </a></td><td>LA SERENA</td></tr><tr><td style="white-space:nowrap">4102<a name="CSCodComunasCL-4102"> </a></td><td>COQUIMBO</td></tr><tr><td style="white-space:nowrap">4103<a name="CSCodComunasCL-4103"> </a></td><td>ANDACOLLO</td></tr><tr><td style="white-space:nowrap">4104<a name="CSCodComunasCL-4104"> </a></td><td>LA HIGUERA</td></tr><tr><td style="white-space:nowrap">4105<a name="CSCodComunasCL-4105"> </a></td><td>PAIGUANO</td></tr><tr><td style="white-space:nowrap">4106<a name="CSCodComunasCL-4106"> </a></td><td>VICUÑA</td></tr><tr><td style="white-space:nowrap">4201<a name="CSCodComunasCL-4201"> </a></td><td>ILLAPEL</td></tr><tr><td style="white-space:nowrap">4202<a name="CSCodComunasCL-4202"> </a></td><td>CANELA</td></tr><tr><td style="white-space:nowrap">4203<a name="CSCodComunasCL-4203"> </a></td><td>LOS VILOS</td></tr><tr><td style="white-space:nowrap">4204<a name="CSCodComunasCL-4204"> </a></td><td>SALAMANCA</td></tr><tr><td style="white-space:nowrap">4301<a name="CSCodComunasCL-4301"> </a></td><td>OVALLE</td></tr><tr><td style="white-space:nowrap">4302<a name="CSCodComunasCL-4302"> </a></td><td>COMBARBALÁ</td></tr><tr><td style="white-space:nowrap">4303<a name="CSCodComunasCL-4303"> </a></td><td>MONTE PATRIA</td></tr><tr><td style="white-space:nowrap">4304<a name="CSCodComunasCL-4304"> </a></td><td>PUNITAQUI</td></tr><tr><td style="white-space:nowrap">4305<a name="CSCodComunasCL-4305"> </a></td><td>RÍO HURTADO</td></tr><tr><td style="white-space:nowrap">5101<a name="CSCodComunasCL-5101"> </a></td><td>VALPARAÍSO</td></tr><tr><td style="white-space:nowrap">5102<a name="CSCodComunasCL-5102"> </a></td><td>CASABLANCA</td></tr><tr><td style="white-space:nowrap">5103<a name="CSCodComunasCL-5103"> </a></td><td>CONCÓN</td></tr><tr><td style="white-space:nowrap">5104<a name="CSCodComunasCL-5104"> </a></td><td>JUAN FERNÁNDEZ</td></tr><tr><td style="white-space:nowrap">5105<a name="CSCodComunasCL-5105"> </a></td><td>PUCHUNCAVÍ</td></tr><tr><td style="white-space:nowrap">5106<a name="CSCodComunasCL-5106"> </a></td><td>QUILPUE</td></tr><tr><td style="white-space:nowrap">5107<a name="CSCodComunasCL-5107"> </a></td><td>QUINTERO</td></tr><tr><td style="white-space:nowrap">5108<a name="CSCodComunasCL-5108"> </a></td><td>VILLA ALEMANA</td></tr><tr><td style="white-space:nowrap">5109<a name="CSCodComunasCL-5109"> </a></td><td>VIÑA DEL MAR</td></tr><tr><td style="white-space:nowrap">5201<a name="CSCodComunasCL-5201"> </a></td><td>ISLA DE PASCUA</td></tr><tr><td style="white-space:nowrap">5301<a name="CSCodComunasCL-5301"> </a></td><td>LOS ANDES</td></tr><tr><td style="white-space:nowrap">5302<a name="CSCodComunasCL-5302"> </a></td><td>CALLE LARGA</td></tr><tr><td style="white-space:nowrap">5303<a name="CSCodComunasCL-5303"> </a></td><td>RINCONADA</td></tr><tr><td style="white-space:nowrap">5304<a name="CSCodComunasCL-5304"> </a></td><td>SAN ESTEBAN</td></tr><tr><td style="white-space:nowrap">5401<a name="CSCodComunasCL-5401"> </a></td><td>LA LIGUA</td></tr><tr><td style="white-space:nowrap">5402<a name="CSCodComunasCL-5402"> </a></td><td>CABILDO</td></tr><tr><td style="white-space:nowrap">5403<a name="CSCodComunasCL-5403"> </a></td><td>PAPUDO</td></tr><tr><td style="white-space:nowrap">5404<a name="CSCodComunasCL-5404"> </a></td><td>PETORCA</td></tr><tr><td style="white-space:nowrap">5405<a name="CSCodComunasCL-5405"> </a></td><td>ZAPALLAR</td></tr><tr><td style="white-space:nowrap">5501<a name="CSCodComunasCL-5501"> </a></td><td>QUILLOTA</td></tr><tr><td style="white-space:nowrap">5502<a name="CSCodComunasCL-5502"> </a></td><td>CALERA</td></tr><tr><td style="white-space:nowrap">5503<a name="CSCodComunasCL-5503"> </a></td><td>HIJUELAS</td></tr><tr><td style="white-space:nowrap">5504<a name="CSCodComunasCL-5504"> </a></td><td>LA CRUZ</td></tr><tr><td style="white-space:nowrap">5505<a name="CSCodComunasCL-5505"> </a></td><td>LIMACHE</td></tr><tr><td style="white-space:nowrap">5506<a name="CSCodComunasCL-5506"> </a></td><td>NOGALES</td></tr><tr><td style="white-space:nowrap">5507<a name="CSCodComunasCL-5507"> </a></td><td>OLMUÉ</td></tr><tr><td style="white-space:nowrap">5601<a name="CSCodComunasCL-5601"> </a></td><td>SAN ANTONIO</td></tr><tr><td style="white-space:nowrap">5602<a name="CSCodComunasCL-5602"> </a></td><td>ALGARROBO</td></tr><tr><td style="white-space:nowrap">5603<a name="CSCodComunasCL-5603"> </a></td><td>CARTAGENA</td></tr><tr><td style="white-space:nowrap">5604<a name="CSCodComunasCL-5604"> </a></td><td>EL QUISCO</td></tr><tr><td style="white-space:nowrap">5605<a name="CSCodComunasCL-5605"> </a></td><td>EL TABO</td></tr><tr><td style="white-space:nowrap">5606<a name="CSCodComunasCL-5606"> </a></td><td>SANTO DOMINGO</td></tr><tr><td style="white-space:nowrap">5701<a name="CSCodComunasCL-5701"> </a></td><td>SAN FELIPE</td></tr><tr><td style="white-space:nowrap">5702<a name="CSCodComunasCL-5702"> </a></td><td>CATEMU</td></tr><tr><td style="white-space:nowrap">5703<a name="CSCodComunasCL-5703"> </a></td><td>LLAILLAY</td></tr><tr><td style="white-space:nowrap">5704<a name="CSCodComunasCL-5704"> </a></td><td>PANQUEHUE</td></tr><tr><td style="white-space:nowrap">5705<a name="CSCodComunasCL-5705"> </a></td><td>PUTAENDO</td></tr><tr><td style="white-space:nowrap">5706<a name="CSCodComunasCL-5706"> </a></td><td>SANTA MARÍA</td></tr><tr><td style="white-space:nowrap">5801<a name="CSCodComunasCL-5801"> </a></td><td>QUILPUÉ</td></tr><tr><td style="white-space:nowrap">5802<a name="CSCodComunasCL-5802"> </a></td><td>LIMACHE</td></tr><tr><td style="white-space:nowrap">5803<a name="CSCodComunasCL-5803"> </a></td><td>OLMUÉ</td></tr><tr><td style="white-space:nowrap">5804<a name="CSCodComunasCL-5804"> </a></td><td>VILLA ALEMANA</td></tr><tr><td style="white-space:nowrap">6101<a name="CSCodComunasCL-6101"> </a></td><td>RANCAGUA</td></tr><tr><td style="white-space:nowrap">6102<a name="CSCodComunasCL-6102"> </a></td><td>CODEGUA</td></tr><tr><td style="white-space:nowrap">6103<a name="CSCodComunasCL-6103"> </a></td><td>COINCO</td></tr><tr><td style="white-space:nowrap">6104<a name="CSCodComunasCL-6104"> </a></td><td>COLTAUCO</td></tr><tr><td style="white-space:nowrap">6105<a name="CSCodComunasCL-6105"> </a></td><td>DOÑIHUE</td></tr><tr><td style="white-space:nowrap">6106<a name="CSCodComunasCL-6106"> </a></td><td>GRANEROS</td></tr><tr><td style="white-space:nowrap">6107<a name="CSCodComunasCL-6107"> </a></td><td>LAS CABRAS</td></tr><tr><td style="white-space:nowrap">6108<a name="CSCodComunasCL-6108"> </a></td><td>MACHALÍ</td></tr><tr><td style="white-space:nowrap">6109<a name="CSCodComunasCL-6109"> </a></td><td>MALLOA</td></tr><tr><td style="white-space:nowrap">6110<a name="CSCodComunasCL-6110"> </a></td><td>MOSTAZAL</td></tr><tr><td style="white-space:nowrap">6111<a name="CSCodComunasCL-6111"> </a></td><td>OLIVAR</td></tr><tr><td style="white-space:nowrap">6112<a name="CSCodComunasCL-6112"> </a></td><td>PEUMO</td></tr><tr><td style="white-space:nowrap">6113<a name="CSCodComunasCL-6113"> </a></td><td>PICHIDEGUA</td></tr><tr><td style="white-space:nowrap">6114<a name="CSCodComunasCL-6114"> </a></td><td>QUINTA DE TILCOCO</td></tr><tr><td style="white-space:nowrap">6115<a name="CSCodComunasCL-6115"> </a></td><td>RENGO</td></tr><tr><td style="white-space:nowrap">6116<a name="CSCodComunasCL-6116"> </a></td><td>REQUÍNOA</td></tr><tr><td style="white-space:nowrap">6117<a name="CSCodComunasCL-6117"> </a></td><td>SAN VICENTE</td></tr><tr><td style="white-space:nowrap">6201<a name="CSCodComunasCL-6201"> </a></td><td>PICHILEMU</td></tr><tr><td style="white-space:nowrap">6202<a name="CSCodComunasCL-6202"> </a></td><td>LA ESTRELLA</td></tr><tr><td style="white-space:nowrap">6203<a name="CSCodComunasCL-6203"> </a></td><td>LITUECHE</td></tr><tr><td style="white-space:nowrap">6204<a name="CSCodComunasCL-6204"> </a></td><td>MARCHIHUE</td></tr><tr><td style="white-space:nowrap">6205<a name="CSCodComunasCL-6205"> </a></td><td>NAVIDAD</td></tr><tr><td style="white-space:nowrap">6206<a name="CSCodComunasCL-6206"> </a></td><td>PAREDONES</td></tr><tr><td style="white-space:nowrap">6301<a name="CSCodComunasCL-6301"> </a></td><td>SAN FERNANDO</td></tr><tr><td style="white-space:nowrap">6302<a name="CSCodComunasCL-6302"> </a></td><td>CHÉPICA</td></tr><tr><td style="white-space:nowrap">6303<a name="CSCodComunasCL-6303"> </a></td><td>CHIMBARONGO</td></tr><tr><td style="white-space:nowrap">6304<a name="CSCodComunasCL-6304"> </a></td><td>LOLOL</td></tr><tr><td style="white-space:nowrap">6305<a name="CSCodComunasCL-6305"> </a></td><td>NANCAGUA</td></tr><tr><td style="white-space:nowrap">6306<a name="CSCodComunasCL-6306"> </a></td><td>PALMILLA</td></tr><tr><td style="white-space:nowrap">6307<a name="CSCodComunasCL-6307"> </a></td><td>PERALILLO</td></tr><tr><td style="white-space:nowrap">6308<a name="CSCodComunasCL-6308"> </a></td><td>PLACILLA</td></tr><tr><td style="white-space:nowrap">6309<a name="CSCodComunasCL-6309"> </a></td><td>PUMANQUE</td></tr><tr><td style="white-space:nowrap">6310<a name="CSCodComunasCL-6310"> </a></td><td>SANTA CRUZ</td></tr><tr><td style="white-space:nowrap">7101<a name="CSCodComunasCL-7101"> </a></td><td>TALCA</td></tr><tr><td style="white-space:nowrap">7102<a name="CSCodComunasCL-7102"> </a></td><td>CONSTITUCIÓN</td></tr><tr><td style="white-space:nowrap">7103<a name="CSCodComunasCL-7103"> </a></td><td>CUREPTO</td></tr><tr><td style="white-space:nowrap">7104<a name="CSCodComunasCL-7104"> </a></td><td>EMPEDRADO</td></tr><tr><td style="white-space:nowrap">7105<a name="CSCodComunasCL-7105"> </a></td><td>MAULE</td></tr><tr><td style="white-space:nowrap">7106<a name="CSCodComunasCL-7106"> </a></td><td>PELARCO</td></tr><tr><td style="white-space:nowrap">7107<a name="CSCodComunasCL-7107"> </a></td><td>PENCAHUE</td></tr><tr><td style="white-space:nowrap">7108<a name="CSCodComunasCL-7108"> </a></td><td>RÍO CLARO</td></tr><tr><td style="white-space:nowrap">7109<a name="CSCodComunasCL-7109"> </a></td><td>SAN CLEMENTE</td></tr><tr><td style="white-space:nowrap">7110<a name="CSCodComunasCL-7110"> </a></td><td>SAN RAFAEL</td></tr><tr><td style="white-space:nowrap">7201<a name="CSCodComunasCL-7201"> </a></td><td>CAUQUENES</td></tr><tr><td style="white-space:nowrap">7202<a name="CSCodComunasCL-7202"> </a></td><td>CHANCO</td></tr><tr><td style="white-space:nowrap">7203<a name="CSCodComunasCL-7203"> </a></td><td>PELLUHUE</td></tr><tr><td style="white-space:nowrap">7301<a name="CSCodComunasCL-7301"> </a></td><td>CURICÓ</td></tr><tr><td style="white-space:nowrap">7302<a name="CSCodComunasCL-7302"> </a></td><td>HUALAÑÉ</td></tr><tr><td style="white-space:nowrap">7303<a name="CSCodComunasCL-7303"> </a></td><td>LICANTÉN</td></tr><tr><td style="white-space:nowrap">7304<a name="CSCodComunasCL-7304"> </a></td><td>MOLINA</td></tr><tr><td style="white-space:nowrap">7305<a name="CSCodComunasCL-7305"> </a></td><td>RAUCO</td></tr><tr><td style="white-space:nowrap">7306<a name="CSCodComunasCL-7306"> </a></td><td>ROMERAL</td></tr><tr><td style="white-space:nowrap">7307<a name="CSCodComunasCL-7307"> </a></td><td>SAGRADA FAMILIA</td></tr><tr><td style="white-space:nowrap">7308<a name="CSCodComunasCL-7308"> </a></td><td>TENO</td></tr><tr><td style="white-space:nowrap">7309<a name="CSCodComunasCL-7309"> </a></td><td>VICHUQUÉN</td></tr><tr><td style="white-space:nowrap">7401<a name="CSCodComunasCL-7401"> </a></td><td>LINARES</td></tr><tr><td style="white-space:nowrap">7402<a name="CSCodComunasCL-7402"> </a></td><td>COLBÚN</td></tr><tr><td style="white-space:nowrap">7403<a name="CSCodComunasCL-7403"> </a></td><td>LONGAVÍ</td></tr><tr><td style="white-space:nowrap">7404<a name="CSCodComunasCL-7404"> </a></td><td>PARRAL</td></tr><tr><td style="white-space:nowrap">7405<a name="CSCodComunasCL-7405"> </a></td><td>RETIRO</td></tr><tr><td style="white-space:nowrap">7406<a name="CSCodComunasCL-7406"> </a></td><td>SAN JAVIER</td></tr><tr><td style="white-space:nowrap">7407<a name="CSCodComunasCL-7407"> </a></td><td>VILLA ALEGRE</td></tr><tr><td style="white-space:nowrap">7408<a name="CSCodComunasCL-7408"> </a></td><td>YERBAS BUENAS</td></tr><tr><td style="white-space:nowrap">8101<a name="CSCodComunasCL-8101"> </a></td><td>CONCEPCIÓN</td></tr><tr><td style="white-space:nowrap">8102<a name="CSCodComunasCL-8102"> </a></td><td>CORONEL</td></tr><tr><td style="white-space:nowrap">8103<a name="CSCodComunasCL-8103"> </a></td><td>CHIGUAYANTE</td></tr><tr><td style="white-space:nowrap">8104<a name="CSCodComunasCL-8104"> </a></td><td>FLORIDA</td></tr><tr><td style="white-space:nowrap">8105<a name="CSCodComunasCL-8105"> </a></td><td>HUALQUI</td></tr><tr><td style="white-space:nowrap">8106<a name="CSCodComunasCL-8106"> </a></td><td>LOTA</td></tr><tr><td style="white-space:nowrap">8107<a name="CSCodComunasCL-8107"> </a></td><td>PENCO</td></tr><tr><td style="white-space:nowrap">8108<a name="CSCodComunasCL-8108"> </a></td><td>SAN PEDRO DE LA PAZ</td></tr><tr><td style="white-space:nowrap">8109<a name="CSCodComunasCL-8109"> </a></td><td>SANTA JUANA</td></tr><tr><td style="white-space:nowrap">8110<a name="CSCodComunasCL-8110"> </a></td><td>TALCAHUANO</td></tr><tr><td style="white-space:nowrap">8111<a name="CSCodComunasCL-8111"> </a></td><td>TOMÉ</td></tr><tr><td style="white-space:nowrap">8112<a name="CSCodComunasCL-8112"> </a></td><td>HUALPÉN</td></tr><tr><td style="white-space:nowrap">8201<a name="CSCodComunasCL-8201"> </a></td><td>LEBU</td></tr><tr><td style="white-space:nowrap">8202<a name="CSCodComunasCL-8202"> </a></td><td>ARAUCO</td></tr><tr><td style="white-space:nowrap">8203<a name="CSCodComunasCL-8203"> </a></td><td>CAÑETE</td></tr><tr><td style="white-space:nowrap">8204<a name="CSCodComunasCL-8204"> </a></td><td>CONTULMO</td></tr><tr><td style="white-space:nowrap">8205<a name="CSCodComunasCL-8205"> </a></td><td>CURANILAHUE</td></tr><tr><td style="white-space:nowrap">8206<a name="CSCodComunasCL-8206"> </a></td><td>LOS ALAMOS</td></tr><tr><td style="white-space:nowrap">8207<a name="CSCodComunasCL-8207"> </a></td><td>TIRÚA</td></tr><tr><td style="white-space:nowrap">8301<a name="CSCodComunasCL-8301"> </a></td><td>LOS ANGELES</td></tr><tr><td style="white-space:nowrap">8302<a name="CSCodComunasCL-8302"> </a></td><td>ANTUCO</td></tr><tr><td style="white-space:nowrap">8303<a name="CSCodComunasCL-8303"> </a></td><td>CABRERO</td></tr><tr><td style="white-space:nowrap">8304<a name="CSCodComunasCL-8304"> </a></td><td>LAJA</td></tr><tr><td style="white-space:nowrap">8305<a name="CSCodComunasCL-8305"> </a></td><td>MULCHÉN</td></tr><tr><td style="white-space:nowrap">8306<a name="CSCodComunasCL-8306"> </a></td><td>NACIMIENTO</td></tr><tr><td style="white-space:nowrap">8307<a name="CSCodComunasCL-8307"> </a></td><td>NEGRETE</td></tr><tr><td style="white-space:nowrap">8308<a name="CSCodComunasCL-8308"> </a></td><td>QUILACO</td></tr><tr><td style="white-space:nowrap">8309<a name="CSCodComunasCL-8309"> </a></td><td>QUILLECO</td></tr><tr><td style="white-space:nowrap">8310<a name="CSCodComunasCL-8310"> </a></td><td>SAN ROSENDO</td></tr><tr><td style="white-space:nowrap">8311<a name="CSCodComunasCL-8311"> </a></td><td>SANTA BÁRBARA</td></tr><tr><td style="white-space:nowrap">8312<a name="CSCodComunasCL-8312"> </a></td><td>TUCAPEL</td></tr><tr><td style="white-space:nowrap">8313<a name="CSCodComunasCL-8313"> </a></td><td>YUMBEL</td></tr><tr><td style="white-space:nowrap">8314<a name="CSCodComunasCL-8314"> </a></td><td>ALTO BIOBÍO</td></tr><tr><td style="white-space:nowrap">16101<a name="CSCodComunasCL-16101"> </a></td><td>CHILLÁN</td></tr><tr><td style="white-space:nowrap">16102<a name="CSCodComunasCL-16102"> </a></td><td>BULNES</td></tr><tr><td style="white-space:nowrap">16103<a name="CSCodComunasCL-16103"> </a></td><td>CHILLÁN VIEJO</td></tr><tr><td style="white-space:nowrap">16104<a name="CSCodComunasCL-16104"> </a></td><td>EL CARMEN</td></tr><tr><td style="white-space:nowrap">16105<a name="CSCodComunasCL-16105"> </a></td><td>PEMUCO</td></tr><tr><td style="white-space:nowrap">16106<a name="CSCodComunasCL-16106"> </a></td><td>PINTO</td></tr><tr><td style="white-space:nowrap">16107<a name="CSCodComunasCL-16107"> </a></td><td>QUILLÓN</td></tr><tr><td style="white-space:nowrap">16108<a name="CSCodComunasCL-16108"> </a></td><td>SAN IGNACIO</td></tr><tr><td style="white-space:nowrap">16109<a name="CSCodComunasCL-16109"> </a></td><td>YUNGAY</td></tr><tr><td style="white-space:nowrap">16201<a name="CSCodComunasCL-16201"> </a></td><td>QUIRIHUE</td></tr><tr><td style="white-space:nowrap">16202<a name="CSCodComunasCL-16202"> </a></td><td>COBQUECURA</td></tr><tr><td style="white-space:nowrap">16203<a name="CSCodComunasCL-16203"> </a></td><td>COELEMU</td></tr><tr><td style="white-space:nowrap">16204<a name="CSCodComunasCL-16204"> </a></td><td>NINHUE</td></tr><tr><td style="white-space:nowrap">16205<a name="CSCodComunasCL-16205"> </a></td><td>PORTEZUELO</td></tr><tr><td style="white-space:nowrap">16206<a name="CSCodComunasCL-16206"> </a></td><td>RÁNQUIL</td></tr><tr><td style="white-space:nowrap">16207<a name="CSCodComunasCL-16207"> </a></td><td>TREGUACO</td></tr><tr><td style="white-space:nowrap">16301<a name="CSCodComunasCL-16301"> </a></td><td>SAN CARLOS</td></tr><tr><td style="white-space:nowrap">16302<a name="CSCodComunasCL-16302"> </a></td><td>COIHUECO</td></tr><tr><td style="white-space:nowrap">16303<a name="CSCodComunasCL-16303"> </a></td><td>ÑIQUÉN</td></tr><tr><td style="white-space:nowrap">16304<a name="CSCodComunasCL-16304"> </a></td><td>SAN FABIÁN</td></tr><tr><td style="white-space:nowrap">16305<a name="CSCodComunasCL-16305"> </a></td><td>SAN NICOLÁS</td></tr><tr><td style="white-space:nowrap">9101<a name="CSCodComunasCL-9101"> </a></td><td>TEMUCO</td></tr><tr><td style="white-space:nowrap">9102<a name="CSCodComunasCL-9102"> </a></td><td>CARAHUE</td></tr><tr><td style="white-space:nowrap">9103<a name="CSCodComunasCL-9103"> </a></td><td>CUNCO</td></tr><tr><td style="white-space:nowrap">9104<a name="CSCodComunasCL-9104"> </a></td><td>CURARREHUE</td></tr><tr><td style="white-space:nowrap">9105<a name="CSCodComunasCL-9105"> </a></td><td>FREIRE</td></tr><tr><td style="white-space:nowrap">9106<a name="CSCodComunasCL-9106"> </a></td><td>GALVARINO</td></tr><tr><td style="white-space:nowrap">9107<a name="CSCodComunasCL-9107"> </a></td><td>GORBEA</td></tr><tr><td style="white-space:nowrap">9108<a name="CSCodComunasCL-9108"> </a></td><td>LAUTARO</td></tr><tr><td style="white-space:nowrap">9109<a name="CSCodComunasCL-9109"> </a></td><td>LONCOCHE</td></tr><tr><td style="white-space:nowrap">9110<a name="CSCodComunasCL-9110"> </a></td><td>MELIPEUCO</td></tr><tr><td style="white-space:nowrap">9111<a name="CSCodComunasCL-9111"> </a></td><td>NUEVA IMPERIAL</td></tr><tr><td style="white-space:nowrap">9112<a name="CSCodComunasCL-9112"> </a></td><td>PADRE LAS CASAS</td></tr><tr><td style="white-space:nowrap">9113<a name="CSCodComunasCL-9113"> </a></td><td>PERQUENCO</td></tr><tr><td style="white-space:nowrap">9114<a name="CSCodComunasCL-9114"> </a></td><td>PITRUFQUÉN</td></tr><tr><td style="white-space:nowrap">9115<a name="CSCodComunasCL-9115"> </a></td><td>PUCÓN</td></tr><tr><td style="white-space:nowrap">9116<a name="CSCodComunasCL-9116"> </a></td><td>SAAVEDRA</td></tr><tr><td style="white-space:nowrap">9117<a name="CSCodComunasCL-9117"> </a></td><td>TEODORO SCHMIDT</td></tr><tr><td style="white-space:nowrap">9118<a name="CSCodComunasCL-9118"> </a></td><td>TOLTÉN</td></tr><tr><td style="white-space:nowrap">9119<a name="CSCodComunasCL-9119"> </a></td><td>VILCÚN</td></tr><tr><td style="white-space:nowrap">9120<a name="CSCodComunasCL-9120"> </a></td><td>VILLARRICA</td></tr><tr><td style="white-space:nowrap">9121<a name="CSCodComunasCL-9121"> </a></td><td>CHOLCHOL</td></tr><tr><td style="white-space:nowrap">9201<a name="CSCodComunasCL-9201"> </a></td><td>ANGOL</td></tr><tr><td style="white-space:nowrap">9202<a name="CSCodComunasCL-9202"> </a></td><td>COLLIPULLI</td></tr><tr><td style="white-space:nowrap">9203<a name="CSCodComunasCL-9203"> </a></td><td>CURACAUTÍN</td></tr><tr><td style="white-space:nowrap">9204<a name="CSCodComunasCL-9204"> </a></td><td>ERCILLA</td></tr><tr><td style="white-space:nowrap">9205<a name="CSCodComunasCL-9205"> </a></td><td>LONQUIMAY</td></tr><tr><td style="white-space:nowrap">9206<a name="CSCodComunasCL-9206"> </a></td><td>LOS SAUCES</td></tr><tr><td style="white-space:nowrap">9207<a name="CSCodComunasCL-9207"> </a></td><td>LUMACO</td></tr><tr><td style="white-space:nowrap">9208<a name="CSCodComunasCL-9208"> </a></td><td>PURÉN</td></tr><tr><td style="white-space:nowrap">9209<a name="CSCodComunasCL-9209"> </a></td><td>RENAICO</td></tr><tr><td style="white-space:nowrap">9210<a name="CSCodComunasCL-9210"> </a></td><td>TRAIGUÉN</td></tr><tr><td style="white-space:nowrap">9211<a name="CSCodComunasCL-9211"> </a></td><td>VICTORIA</td></tr><tr><td style="white-space:nowrap">10101<a name="CSCodComunasCL-10101"> </a></td><td>PUERTO MONTT</td></tr><tr><td style="white-space:nowrap">10102<a name="CSCodComunasCL-10102"> </a></td><td>CALBUCO</td></tr><tr><td style="white-space:nowrap">10103<a name="CSCodComunasCL-10103"> </a></td><td>COCHAMÓ</td></tr><tr><td style="white-space:nowrap">10104<a name="CSCodComunasCL-10104"> </a></td><td>FRESIA</td></tr><tr><td style="white-space:nowrap">10105<a name="CSCodComunasCL-10105"> </a></td><td>FRUTILLAR</td></tr><tr><td style="white-space:nowrap">10106<a name="CSCodComunasCL-10106"> </a></td><td>LOS MUERMOS</td></tr><tr><td style="white-space:nowrap">10107<a name="CSCodComunasCL-10107"> </a></td><td>LLANQUIHUE</td></tr><tr><td style="white-space:nowrap">10108<a name="CSCodComunasCL-10108"> </a></td><td>MAULLÍN</td></tr><tr><td style="white-space:nowrap">10109<a name="CSCodComunasCL-10109"> </a></td><td>PUERTO VARAS</td></tr><tr><td style="white-space:nowrap">10201<a name="CSCodComunasCL-10201"> </a></td><td>CASTRO</td></tr><tr><td style="white-space:nowrap">10202<a name="CSCodComunasCL-10202"> </a></td><td>ANCUD</td></tr><tr><td style="white-space:nowrap">10203<a name="CSCodComunasCL-10203"> </a></td><td>CHONCHI</td></tr><tr><td style="white-space:nowrap">10204<a name="CSCodComunasCL-10204"> </a></td><td>CURACO DE VÉLEZ</td></tr><tr><td style="white-space:nowrap">10205<a name="CSCodComunasCL-10205"> </a></td><td>DALCAHUE</td></tr><tr><td style="white-space:nowrap">10206<a name="CSCodComunasCL-10206"> </a></td><td>PUQUELDÓN</td></tr><tr><td style="white-space:nowrap">10207<a name="CSCodComunasCL-10207"> </a></td><td>QUEILÉN</td></tr><tr><td style="white-space:nowrap">10208<a name="CSCodComunasCL-10208"> </a></td><td>QUELLÓN</td></tr><tr><td style="white-space:nowrap">10209<a name="CSCodComunasCL-10209"> </a></td><td>QUEMCHI</td></tr><tr><td style="white-space:nowrap">10210<a name="CSCodComunasCL-10210"> </a></td><td>QUINCHAO</td></tr><tr><td style="white-space:nowrap">10301<a name="CSCodComunasCL-10301"> </a></td><td>OSORNO</td></tr><tr><td style="white-space:nowrap">10302<a name="CSCodComunasCL-10302"> </a></td><td>PUERTO OCTAY</td></tr><tr><td style="white-space:nowrap">10303<a name="CSCodComunasCL-10303"> </a></td><td>PURRANQUE</td></tr><tr><td style="white-space:nowrap">10304<a name="CSCodComunasCL-10304"> </a></td><td>PUYEHUE</td></tr><tr><td style="white-space:nowrap">10305<a name="CSCodComunasCL-10305"> </a></td><td>RÍO NEGRO</td></tr><tr><td style="white-space:nowrap">10306<a name="CSCodComunasCL-10306"> </a></td><td>SAN JUAN DE LA COSTA</td></tr><tr><td style="white-space:nowrap">10307<a name="CSCodComunasCL-10307"> </a></td><td>SAN PABLO</td></tr><tr><td style="white-space:nowrap">10401<a name="CSCodComunasCL-10401"> </a></td><td>CHAITÉN</td></tr><tr><td style="white-space:nowrap">10402<a name="CSCodComunasCL-10402"> </a></td><td>FUTALEUFÚ</td></tr><tr><td style="white-space:nowrap">10403<a name="CSCodComunasCL-10403"> </a></td><td>HUALAIHUÉ</td></tr><tr><td style="white-space:nowrap">10404<a name="CSCodComunasCL-10404"> </a></td><td>PALENA</td></tr><tr><td style="white-space:nowrap">11101<a name="CSCodComunasCL-11101"> </a></td><td>COIHAIQUE</td></tr><tr><td style="white-space:nowrap">11102<a name="CSCodComunasCL-11102"> </a></td><td>LAGO VERDE</td></tr><tr><td style="white-space:nowrap">11201<a name="CSCodComunasCL-11201"> </a></td><td>AISÉN</td></tr><tr><td style="white-space:nowrap">11202<a name="CSCodComunasCL-11202"> </a></td><td>CISNES</td></tr><tr><td style="white-space:nowrap">11203<a name="CSCodComunasCL-11203"> </a></td><td>GUAITECAS</td></tr><tr><td style="white-space:nowrap">11301<a name="CSCodComunasCL-11301"> </a></td><td>COCHRANE</td></tr><tr><td style="white-space:nowrap">11302<a name="CSCodComunasCL-11302"> </a></td><td>O'HIGGINS</td></tr><tr><td style="white-space:nowrap">11303<a name="CSCodComunasCL-11303"> </a></td><td>TORTEL</td></tr><tr><td style="white-space:nowrap">11401<a name="CSCodComunasCL-11401"> </a></td><td>CHILE CHICO</td></tr><tr><td style="white-space:nowrap">11402<a name="CSCodComunasCL-11402"> </a></td><td>RÍO IBÁÑEZ</td></tr><tr><td style="white-space:nowrap">12101<a name="CSCodComunasCL-12101"> </a></td><td>PUNTA ARENAS</td></tr><tr><td style="white-space:nowrap">12102<a name="CSCodComunasCL-12102"> </a></td><td>LAGUNA BLANCA</td></tr><tr><td style="white-space:nowrap">12103<a name="CSCodComunasCL-12103"> </a></td><td>RÍO VERDE</td></tr><tr><td style="white-space:nowrap">12104<a name="CSCodComunasCL-12104"> </a></td><td>SAN GREGORIO</td></tr><tr><td style="white-space:nowrap">12201<a name="CSCodComunasCL-12201"> </a></td><td>CABO DE HORNOS (EX-NAVARINO)</td></tr><tr><td style="white-space:nowrap">12202<a name="CSCodComunasCL-12202"> </a></td><td>ANTÁRTICA</td></tr><tr><td style="white-space:nowrap">12301<a name="CSCodComunasCL-12301"> </a></td><td>PORVENIR</td></tr><tr><td style="white-space:nowrap">12302<a name="CSCodComunasCL-12302"> </a></td><td>PRIMAVERA</td></tr><tr><td style="white-space:nowrap">12303<a name="CSCodComunasCL-12303"> </a></td><td>TIMAUKEL</td></tr><tr><td style="white-space:nowrap">12401<a name="CSCodComunasCL-12401"> </a></td><td>NATALES</td></tr><tr><td style="white-space:nowrap">12402<a name="CSCodComunasCL-12402"> </a></td><td>TORRES DEL PAINE</td></tr><tr><td style="white-space:nowrap">13101<a name="CSCodComunasCL-13101"> </a></td><td>SANTIAGO</td></tr><tr><td style="white-space:nowrap">13102<a name="CSCodComunasCL-13102"> </a></td><td>CERRILLOS</td></tr><tr><td style="white-space:nowrap">13103<a name="CSCodComunasCL-13103"> </a></td><td>CERRO NAVIA</td></tr><tr><td style="white-space:nowrap">13104<a name="CSCodComunasCL-13104"> </a></td><td>CONCHALÍ</td></tr><tr><td style="white-space:nowrap">13105<a name="CSCodComunasCL-13105"> </a></td><td>EL BOSQUE</td></tr><tr><td style="white-space:nowrap">13106<a name="CSCodComunasCL-13106"> </a></td><td>ESTACIÓN CENTRAL</td></tr><tr><td style="white-space:nowrap">13107<a name="CSCodComunasCL-13107"> </a></td><td>HUECHURABA</td></tr><tr><td style="white-space:nowrap">13108<a name="CSCodComunasCL-13108"> </a></td><td>INDEPENDENCIA</td></tr><tr><td style="white-space:nowrap">13109<a name="CSCodComunasCL-13109"> </a></td><td>LA CISTERNA</td></tr><tr><td style="white-space:nowrap">13110<a name="CSCodComunasCL-13110"> </a></td><td>LA FLORIDA</td></tr><tr><td style="white-space:nowrap">13111<a name="CSCodComunasCL-13111"> </a></td><td>LA GRANJA</td></tr><tr><td style="white-space:nowrap">13112<a name="CSCodComunasCL-13112"> </a></td><td>LA PINTANA</td></tr><tr><td style="white-space:nowrap">13113<a name="CSCodComunasCL-13113"> </a></td><td>LA REINA</td></tr><tr><td style="white-space:nowrap">13114<a name="CSCodComunasCL-13114"> </a></td><td>LAS CONDES</td></tr><tr><td style="white-space:nowrap">13115<a name="CSCodComunasCL-13115"> </a></td><td>LO BARNECHEA</td></tr><tr><td style="white-space:nowrap">13116<a name="CSCodComunasCL-13116"> </a></td><td>LO ESPEJO</td></tr><tr><td style="white-space:nowrap">13117<a name="CSCodComunasCL-13117"> </a></td><td>LO PRADO</td></tr><tr><td style="white-space:nowrap">13118<a name="CSCodComunasCL-13118"> </a></td><td>MACUL</td></tr><tr><td style="white-space:nowrap">13119<a name="CSCodComunasCL-13119"> </a></td><td>MAIPÚ</td></tr><tr><td style="white-space:nowrap">13120<a name="CSCodComunasCL-13120"> </a></td><td>ÑUÑOA</td></tr><tr><td style="white-space:nowrap">13121<a name="CSCodComunasCL-13121"> </a></td><td>PEDRO AGUIRRE CERDA</td></tr><tr><td style="white-space:nowrap">13122<a name="CSCodComunasCL-13122"> </a></td><td>PEÑALOLÉN</td></tr><tr><td style="white-space:nowrap">13123<a name="CSCodComunasCL-13123"> </a></td><td>PROVIDENCIA</td></tr><tr><td style="white-space:nowrap">13124<a name="CSCodComunasCL-13124"> </a></td><td>PUDAHUEL</td></tr><tr><td style="white-space:nowrap">13125<a name="CSCodComunasCL-13125"> </a></td><td>QUILICURA</td></tr><tr><td style="white-space:nowrap">13126<a name="CSCodComunasCL-13126"> </a></td><td>QUINTA NORMAL</td></tr><tr><td style="white-space:nowrap">13127<a name="CSCodComunasCL-13127"> </a></td><td>RECOLETA</td></tr><tr><td style="white-space:nowrap">13128<a name="CSCodComunasCL-13128"> </a></td><td>RENCA</td></tr><tr><td style="white-space:nowrap">13129<a name="CSCodComunasCL-13129"> </a></td><td>SAN JOAQUÍN</td></tr><tr><td style="white-space:nowrap">13130<a name="CSCodComunasCL-13130"> </a></td><td>SAN MIGUEL</td></tr><tr><td style="white-space:nowrap">13131<a name="CSCodComunasCL-13131"> </a></td><td>SAN RAMÓN</td></tr><tr><td style="white-space:nowrap">13132<a name="CSCodComunasCL-13132"> </a></td><td>VITACURA</td></tr><tr><td style="white-space:nowrap">13201<a name="CSCodComunasCL-13201"> </a></td><td>PUENTE ALTO</td></tr><tr><td style="white-space:nowrap">13202<a name="CSCodComunasCL-13202"> </a></td><td>PIRQUE</td></tr><tr><td style="white-space:nowrap">13203<a name="CSCodComunasCL-13203"> </a></td><td>SAN JOSÉ DE MAIPO</td></tr><tr><td style="white-space:nowrap">13301<a name="CSCodComunasCL-13301"> </a></td><td>COLINA</td></tr><tr><td style="white-space:nowrap">13302<a name="CSCodComunasCL-13302"> </a></td><td>LAMPA</td></tr><tr><td style="white-space:nowrap">13303<a name="CSCodComunasCL-13303"> </a></td><td>TILTIL</td></tr><tr><td style="white-space:nowrap">13401<a name="CSCodComunasCL-13401"> </a></td><td>SAN BERNARDO</td></tr><tr><td style="white-space:nowrap">13402<a name="CSCodComunasCL-13402"> </a></td><td>BUIN</td></tr><tr><td style="white-space:nowrap">13403<a name="CSCodComunasCL-13403"> </a></td><td>CALERA DE TANGO</td></tr><tr><td style="white-space:nowrap">13404<a name="CSCodComunasCL-13404"> </a></td><td>PAINE</td></tr><tr><td style="white-space:nowrap">13501<a name="CSCodComunasCL-13501"> </a></td><td>MELIPILLA</td></tr><tr><td style="white-space:nowrap">13502<a name="CSCodComunasCL-13502"> </a></td><td>ALHUÉ</td></tr><tr><td style="white-space:nowrap">13503<a name="CSCodComunasCL-13503"> </a></td><td>CURACAVÍ</td></tr><tr><td style="white-space:nowrap">13504<a name="CSCodComunasCL-13504"> </a></td><td>MARÍA PINTO</td></tr><tr><td style="white-space:nowrap">13505<a name="CSCodComunasCL-13505"> </a></td><td>SAN PEDRO</td></tr><tr><td style="white-space:nowrap">13601<a name="CSCodComunasCL-13601"> </a></td><td>TALAGANTE</td></tr><tr><td style="white-space:nowrap">13602<a name="CSCodComunasCL-13602"> </a></td><td>EL MONTE</td></tr><tr><td style="white-space:nowrap">13603<a name="CSCodComunasCL-13603"> </a></td><td>ISLA DE MAIPO</td></tr><tr><td style="white-space:nowrap">13604<a name="CSCodComunasCL-13604"> </a></td><td>PADRE HURTADO</td></tr><tr><td style="white-space:nowrap">13605<a name="CSCodComunasCL-13605"> </a></td><td>PEÑAFLOR</td></tr><tr><td style="white-space:nowrap">14101<a name="CSCodComunasCL-14101"> </a></td><td>VALDIVIA</td></tr><tr><td style="white-space:nowrap">14102<a name="CSCodComunasCL-14102"> </a></td><td>CORRAL</td></tr><tr><td style="white-space:nowrap">14103<a name="CSCodComunasCL-14103"> </a></td><td>LANCO</td></tr><tr><td style="white-space:nowrap">14104<a name="CSCodComunasCL-14104"> </a></td><td>LOS LAGOS</td></tr><tr><td style="white-space:nowrap">14105<a name="CSCodComunasCL-14105"> </a></td><td>MÁFIL</td></tr><tr><td style="white-space:nowrap">14106<a name="CSCodComunasCL-14106"> </a></td><td>MARIQUINA</td></tr><tr><td style="white-space:nowrap">14107<a name="CSCodComunasCL-14107"> </a></td><td>PAILLACO</td></tr><tr><td style="white-space:nowrap">14108<a name="CSCodComunasCL-14108"> </a></td><td>PANGUIPULLI</td></tr><tr><td style="white-space:nowrap">14201<a name="CSCodComunasCL-14201"> </a></td><td>LA UNIÓN</td></tr><tr><td style="white-space:nowrap">14202<a name="CSCodComunasCL-14202"> </a></td><td>FUTRONO</td></tr><tr><td style="white-space:nowrap">14203<a name="CSCodComunasCL-14203"> </a></td><td>LAGO RANCO</td></tr><tr><td style="white-space:nowrap">14204<a name="CSCodComunasCL-14204"> </a></td><td>RÍO BUENO</td></tr><tr><td style="white-space:nowrap">15101<a name="CSCodComunasCL-15101"> </a></td><td>ARICA</td></tr><tr><td style="white-space:nowrap">15102<a name="CSCodComunasCL-15102"> </a></td><td>CAMARONES</td></tr><tr><td style="white-space:nowrap">15201<a name="CSCodComunasCL-15201"> </a></td><td>PUTRE</td></tr><tr><td style="white-space:nowrap">15202<a name="CSCodComunasCL-15202"> </a></td><td>GENERAL LAGOS</td></tr><tr><td style="white-space:nowrap">99999<a name="CSCodComunasCL-99999"> </a></td><td>DESCONOCIDA</td></tr></table></div></text><url value="https://interoperabilidad.minsal.cl/fhir/ig/eis/CodeSystem/CSCodComunasCL"/><version value="0.1.0"/><name value="CSCodComunasCL"/><title value="Códigos de Comunas en Chile"/><status value="active"/><experimental value="false"/><date value="2022-01-18T00:00:00-03:00"/><publisher value="Unidad de Interoperabilidad - MINSAL"/><contact><name value="Unidad de Interoperabilidad - MINSAL"/><telecom><system value="url"/><value value="https://interoperabilidad.minsal.cl"/></telecom></contact><description value="Códigos de Comunas para Chile según Códigos Únicos Territoriales Actualizados, por Decreto exento No 817 del Ministerio del Interior"/><jurisdiction><coding><system value="urn:iso:std:iso:3166"/><code value="CL"/><display value="Chile"/></coding></jurisdiction><caseSensitive value="true"/><content value="complete"/><count value="359"/><concept><code value="1102"/><display value="CAMIÑA"/></concept><concept><code value="1103"/><display value="COLCHANE"/></concept><concept><code value="1104"/><display value="HUARA"/></concept><concept><code value="1105"/><display value="PICA"/></concept><concept><code value="1106"/><display value="POZO ALMONTE"/></concept><concept><code value="1107"/><display value="ALTO HOSPICIO"/></concept><concept><code value="1201"/><display value="ARICA"/></concept><concept><code value="1202"/><display value="CAMARONES"/></concept><concept><code value="1301"/><display value="PUTRE"/></concept><concept><code value="1302"/><display value="GENERAL LAGOS"/></concept><concept><code value="1401"/><display value="POZO ALMONTE"/></concept><concept><code value="1402"/><display value="CAMIÑA"/></concept><concept><code value="1403"/><display value="COLCHANE"/></concept><concept><code value="1404"/><display value="HUARA"/></concept><concept><code value="1405"/><display value="PICA"/></concept><concept><code value="2101"/><display value="ANTOFAGASTA"/></concept><concept><code value="2102"/><display value="MEJILLONES"/></concept><concept><code value="2103"/><display value="SIERRA GORDA"/></concept><concept><code value="2104"/><display value="TALTAL"/></concept><concept><code value="2201"/><display value="CALAMA"/></concept><concept><code value="2202"/><display value="OLLAGÜE"/></concept><concept><code value="2203"/><display value="SAN PEDRO DE ATACAMA"/></concept><concept><code value="2301"/><display value="TOCOPILLA"/></concept><concept><code value="2302"/><display value="MARÍA ELENA"/></concept><concept><code value="3101"/><display value="COPIAPÓ"/></concept><concept><code value="3102"/><display value="CALDERA"/></concept><concept><code value="3103"/><display value="TIERRA AMARILLA"/></concept><concept><code value="3201"/><display value="CHAÑARAL"/></concept><concept><code value="3202"/><display value="DIEGO DE ALMAGRO"/></concept><concept><code value="3301"/><display value="VALLENAR"/></concept><concept><code value="3302"/><display value="ALTO DEL CARMEN"/></concept><concept><code value="3303"/><display value="FREIRINA"/></concept><concept><code value="3304"/><display value="HUASCO"/></concept><concept><code value="4101"/><display value="LA SERENA"/></concept><concept><code value="4102"/><display value="COQUIMBO"/></concept><concept><code value="4103"/><display value="ANDACOLLO"/></concept><concept><code value="4104"/><display value="LA HIGUERA"/></concept><concept><code value="4105"/><display value="PAIGUANO"/></concept><concept><code value="4106"/><display value="VICUÑA"/></concept><concept><code value="4201"/><display value="ILLAPEL"/></concept><concept><code value="4202"/><display value="CANELA"/></concept><concept><code value="4203"/><display value="LOS VILOS"/></concept><concept><code value="4204"/><display value="SALAMANCA"/></concept><concept><code value="4301"/><display value="OVALLE"/></concept><concept><code value="4302"/><display value="COMBARBALÁ"/></concept><concept><code value="4303"/><display value="MONTE PATRIA"/></concept><concept><code value="4304"/><display value="PUNITAQUI"/></concept><concept><code value="4305"/><display value="RÍO HURTADO"/></concept><concept><code value="5101"/><display value="VALPARAÍSO"/></concept><concept><code value="5102"/><display value="CASABLANCA"/></concept><concept><code value="5103"/><display value="CONCÓN"/></concept><concept><code value="5104"/><display value="JUAN FERNÁNDEZ"/></concept><concept><code value="5105"/><display value="PUCHUNCAVÍ"/></concept><concept><code value="5106"/><display value="QUILPUE"/></concept><concept><code value="5107"/><display value="QUINTERO"/></concept><concept><code value="5108"/><display value="VILLA ALEMANA"/></concept><concept><code value="5109"/><display value="VIÑA DEL MAR"/></concept><concept><code value="5201"/><display value="ISLA DE PASCUA"/></concept><concept><code value="5301"/><display value="LOS ANDES"/></concept><concept><code value="5302"/><display value="CALLE LARGA"/></concept><concept><code value="5303"/><display value="RINCONADA"/></concept><concept><code value="5304"/><display value="SAN ESTEBAN"/></concept><concept><code value="5401"/><display value="LA LIGUA"/></concept><concept><code value="5402"/><display value="CABILDO"/></concept><concept><code value="5403"/><display value="PAPUDO"/></concept><concept><code value="5404"/><display value="PETORCA"/></concept><concept><code value="5405"/><display value="ZAPALLAR"/></concept><concept><code value="5501"/><display value="QUILLOTA"/></concept><concept><code value="5502"/><display value="CALERA"/></concept><concept><code value="5503"/><display value="HIJUELAS"/></concept><concept><code value="5504"/><display value="LA CRUZ"/></concept><concept><code value="5505"/><display value="LIMACHE"/></concept><concept><code value="5506"/><display value="NOGALES"/></concept><concept><code value="5507"/><display value="OLMUÉ"/></concept><concept><code value="5601"/><display value="SAN ANTONIO"/></concept><concept><code value="5602"/><display value="ALGARROBO"/></concept><concept><code value="5603"/><display value="CARTAGENA"/></concept><concept><code value="5604"/><display value="EL QUISCO"/></concept><concept><code value="5605"/><display value="EL TABO"/></concept><concept><code value="5606"/><display value="SANTO DOMINGO"/></concept><concept><code value="5701"/><display value="SAN FELIPE"/></concept><concept><code value="5702"/><display value="CATEMU"/></concept><concept><code value="5703"/><display value="LLAILLAY"/></concept><concept><code value="5704"/><display value="PANQUEHUE"/></concept><concept><code value="5705"/><display value="PUTAENDO"/></concept><concept><code value="5706"/><display value="SANTA MARÍA"/></concept><concept><code value="5801"/><display value="QUILPUÉ"/></concept><concept><code value="5802"/><display value="LIMACHE"/></concept><concept><code value="5803"/><display value="OLMUÉ"/></concept><concept><code value="5804"/><display value="VILLA ALEMANA"/></concept><concept><code value="6101"/><display value="RANCAGUA"/></concept><concept><code value="6102"/><display value="CODEGUA"/></concept><concept><code value="6103"/><display value="COINCO"/></concept><concept><code value="6104"/><display value="COLTAUCO"/></concept><concept><code value="6105"/><display value="DOÑIHUE"/></concept><concept><code value="6106"/><display value="GRANEROS"/></concept><concept><code value="6107"/><display value="LAS CABRAS"/></concept><concept><code value="6108"/><display value="MACHALÍ"/></concept><concept><code value="6109"/><display value="MALLOA"/></concept><concept><code value="6110"/><display value="MOSTAZAL"/></concept><concept><code value="6111"/><display value="OLIVAR"/></concept><concept><code value="6112"/><display value="PEUMO"/></concept><concept><code value="6113"/><display value="PICHIDEGUA"/></concept><concept><code value="6114"/><display value="QUINTA DE TILCOCO"/></concept><concept><code value="6115"/><display value="RENGO"/></concept><concept><code value="6116"/><display value="REQUÍNOA"/></concept><concept><code value="6117"/><display value="SAN VICENTE"/></concept><concept><code value="6201"/><display value="PICHILEMU"/></concept><concept><code value="6202"/><display value="LA ESTRELLA"/></concept><concept><code value="6203"/><display value="LITUECHE"/></concept><concept><code value="6204"/><display value="MARCHIHUE"/></concept><concept><code value="6205"/><display value="NAVIDAD"/></concept><concept><code value="6206"/><display value="PAREDONES"/></concept><concept><code value="6301"/><display value="SAN FERNANDO"/></concept><concept><code value="6302"/><display value="CHÉPICA"/></concept><concept><code value="6303"/><display value="CHIMBARONGO"/></concept><concept><code value="6304"/><display value="LOLOL"/></concept><concept><code value="6305"/><display value="NANCAGUA"/></concept><concept><code value="6306"/><display value="PALMILLA"/></concept><concept><code value="6307"/><display value="PERALILLO"/></concept><concept><code value="6308"/><display value="PLACILLA"/></concept><concept><code value="6309"/><display value="PUMANQUE"/></concept><concept><code value="6310"/><display value="SANTA CRUZ"/></concept><concept><code value="7101"/><display value="TALCA"/></concept><concept><code value="7102"/><display value="CONSTITUCIÓN"/></concept><concept><code value="7103"/><display value="CUREPTO"/></concept><concept><code value="7104"/><display value="EMPEDRADO"/></concept><concept><code value="7105"/><display value="MAULE"/></concept><concept><code value="7106"/><display value="PELARCO"/></concept><concept><code value="7107"/><display value="PENCAHUE"/></concept><concept><code value="7108"/><display value="RÍO CLARO"/></concept><concept><code value="7109"/><display value="SAN CLEMENTE"/></concept><concept><code value="7110"/><display value="SAN RAFAEL"/></concept><concept><code value="7201"/><display value="CAUQUENES"/></concept><concept><code value="7202"/><display value="CHANCO"/></concept><concept><code value="7203"/><display value="PELLUHUE"/></concept><concept><code value="7301"/><display value="CURICÓ"/></concept><concept><code value="7302"/><display value="HUALAÑÉ"/></concept><concept><code value="7303"/><display value="LICANTÉN"/></concept><concept><code value="7304"/><display value="MOLINA"/></concept><concept><code value="7305"/><display value="RAUCO"/></concept><concept><code value="7306"/><display value="ROMERAL"/></concept><concept><code value="7307"/><display value="SAGRADA FAMILIA"/></concept><concept><code value="7308"/><display value="TENO"/></concept><concept><code value="7309"/><display value="VICHUQUÉN"/></concept><concept><code value="7401"/><display value="LINARES"/></concept><concept><code value="7402"/><display value="COLBÚN"/></concept><concept><code value="7403"/><display value="LONGAVÍ"/></concept><concept><code value="7404"/><display value="PARRAL"/></concept><concept><code value="7405"/><display value="RETIRO"/></concept><concept><code value="7406"/><display value="SAN JAVIER"/></concept><concept><code value="7407"/><display value="VILLA ALEGRE"/></concept><concept><code value="7408"/><display value="YERBAS BUENAS"/></concept><concept><code value="8101"/><display value="CONCEPCIÓN"/></concept><concept><code value="8102"/><display value="CORONEL"/></concept><concept><code value="8103"/><display value="CHIGUAYANTE"/></concept><concept><code value="8104"/><display value="FLORIDA"/></concept><concept><code value="8105"/><display value="HUALQUI"/></concept><concept><code value="8106"/><display value="LOTA"/></concept><concept><code value="8107"/><display value="PENCO"/></concept><concept><code value="8108"/><display value="SAN PEDRO DE LA PAZ"/></concept><concept><code value="8109"/><display value="SANTA JUANA"/></concept><concept><code value="8110"/><display value="TALCAHUANO"/></concept><concept><code value="8111"/><display value="TOMÉ"/></concept><concept><code value="8112"/><display value="HUALPÉN"/></concept><concept><code value="8201"/><display value="LEBU"/></concept><concept><code value="8202"/><display value="ARAUCO"/></concept><concept><code value="8203"/><display value="CAÑETE"/></concept><concept><code value="8204"/><display value="CONTULMO"/></concept><concept><code value="8205"/><display value="CURANILAHUE"/></concept><concept><code value="8206"/><display value="LOS ALAMOS"/></concept><concept><code value="8207"/><display value="TIRÚA"/></concept><concept><code value="8301"/><display value="LOS ANGELES"/></concept><concept><code value="8302"/><display value="ANTUCO"/></concept><concept><code value="8303"/><display value="CABRERO"/></concept><concept><code value="8304"/><display value="LAJA"/></concept><concept><code value="8305"/><display value="MULCHÉN"/></concept><concept><code value="8306"/><display value="NACIMIENTO"/></concept><concept><code value="8307"/><display value="NEGRETE"/></concept><concept><code value="8308"/><display value="QUILACO"/></concept><concept><code value="8309"/><display value="QUILLECO"/></concept><concept><code value="8310"/><display value="SAN ROSENDO"/></concept><concept><code value="8311"/><display value="SANTA BÁRBARA"/></concept><concept><code value="8312"/><display value="TUCAPEL"/></concept><concept><code value="8313"/><display value="YUMBEL"/></concept><concept><code value="8314"/><display value="ALTO BIOBÍO"/></concept><concept><code value="16101"/><display value="CHILLÁN"/></concept><concept><code value="16102"/><display value="BULNES"/></concept><concept><code value="16103"/><display value="CHILLÁN VIEJO"/></concept><concept><code value="16104"/><display value="EL CARMEN"/></concept><concept><code value="16105"/><display value="PEMUCO"/></concept><concept><code value="16106"/><display value="PINTO"/></concept><concept><code value="16107"/><display value="QUILLÓN"/></concept><concept><code value="16108"/><display value="SAN IGNACIO"/></concept><concept><code value="16109"/><display value="YUNGAY"/></concept><concept><code value="16201"/><display value="QUIRIHUE"/></concept><concept><code value="16202"/><display value="COBQUECURA"/></concept><concept><code value="16203"/><display value="COELEMU"/></concept><concept><code value="16204"/><display value="NINHUE"/></concept><concept><code value="16205"/><display value="PORTEZUELO"/></concept><concept><code value="16206"/><display value="RÁNQUIL"/></concept><concept><code value="16207"/><display value="TREGUACO"/></concept><concept><code value="16301"/><display value="SAN CARLOS"/></concept><concept><code value="16302"/><display value="COIHUECO"/></concept><concept><code value="16303"/><display value="ÑIQUÉN"/></concept><concept><code value="16304"/><display value="SAN FABIÁN"/></concept><concept><code value="16305"/><display value="SAN NICOLÁS"/></concept><concept><code value="9101"/><display value="TEMUCO"/></concept><concept><code value="9102"/><display value="CARAHUE"/></concept><concept><code value="9103"/><display value="CUNCO"/></concept><concept><code value="9104"/><display value="CURARREHUE"/></concept><concept><code value="9105"/><display value="FREIRE"/></concept><concept><code value="9106"/><display value="GALVARINO"/></concept><concept><code value="9107"/><display value="GORBEA"/></concept><concept><code value="9108"/><display value="LAUTARO"/></concept><concept><code value="9109"/><display value="LONCOCHE"/></concept><concept><code value="9110"/><display value="MELIPEUCO"/></concept><concept><code value="9111"/><display value="NUEVA IMPERIAL"/></concept><concept><code value="9112"/><display value="PADRE LAS CASAS"/></concept><concept><code value="9113"/><display value="PERQUENCO"/></concept><concept><code value="9114"/><display value="PITRUFQUÉN"/></concept><concept><code value="9115"/><display value="PUCÓN"/></concept><concept><code value="9116"/><display value="SAAVEDRA"/></concept><concept><code value="9117"/><display value="TEODORO SCHMIDT"/></concept><concept><code value="9118"/><display value="TOLTÉN"/></concept><concept><code value="9119"/><display value="VILCÚN"/></concept><concept><code value="9120"/><display value="VILLARRICA"/></concept><concept><code value="9121"/><display value="CHOLCHOL"/></concept><concept><code value="9201"/><display value="ANGOL"/></concept><concept><code value="9202"/><display value="COLLIPULLI"/></concept><concept><code value="9203"/><display value="CURACAUTÍN"/></concept><concept><code value="9204"/><display value="ERCILLA"/></concept><concept><code value="9205"/><display value="LONQUIMAY"/></concept><concept><code value="9206"/><display value="LOS SAUCES"/></concept><concept><code value="9207"/><display value="LUMACO"/></concept><concept><code value="9208"/><display value="PURÉN"/></concept><concept><code value="9209"/><display value="RENAICO"/></concept><concept><code value="9210"/><display value="TRAIGUÉN"/></concept><concept><code value="9211"/><display value="VICTORIA"/></concept><concept><code value="10101"/><display value="PUERTO MONTT"/></concept><concept><code value="10102"/><display value="CALBUCO"/></concept><concept><code value="10103"/><display value="COCHAMÓ"/></concept><concept><code value="10104"/><display value="FRESIA"/></concept><concept><code value="10105"/><display value="FRUTILLAR"/></concept><concept><code value="10106"/><display value="LOS MUERMOS"/></concept><concept><code value="10107"/><display value="LLANQUIHUE"/></concept><concept><code value="10108"/><display value="MAULLÍN"/></concept><concept><code value="10109"/><display value="PUERTO VARAS"/></concept><concept><code value="10201"/><display value="CASTRO"/></concept><concept><code value="10202"/><display value="ANCUD"/></concept><concept><code value="10203"/><display value="CHONCHI"/></concept><concept><code value="10204"/><display value="CURACO DE VÉLEZ"/></concept><concept><code value="10205"/><display value="DALCAHUE"/></concept><concept><code value="10206"/><display value="PUQUELDÓN"/></concept><concept><code value="10207"/><display value="QUEILÉN"/></concept><concept><code value="10208"/><display value="QUELLÓN"/></concept><concept><code value="10209"/><display value="QUEMCHI"/></concept><concept><code value="10210"/><display value="QUINCHAO"/></concept><concept><code value="10301"/><display value="OSORNO"/></concept><concept><code value="10302"/><display value="PUERTO OCTAY"/></concept><concept><code value="10303"/><display value="PURRANQUE"/></concept><concept><code value="10304"/><display value="PUYEHUE"/></concept><concept><code value="10305"/><display value="RÍO NEGRO"/></concept><concept><code value="10306"/><display value="SAN JUAN DE LA COSTA"/></concept><concept><code value="10307"/><display value="SAN PABLO"/></concept><concept><code value="10401"/><display value="CHAITÉN"/></concept><concept><code value="10402"/><display value="FUTALEUFÚ"/></concept><concept><code value="10403"/><display value="HUALAIHUÉ"/></concept><concept><code value="10404"/><display value="PALENA"/></concept><concept><code value="11101"/><display value="COIHAIQUE"/></concept><concept><code value="11102"/><display value="LAGO VERDE"/></concept><concept><code value="11201"/><display value="AISÉN"/></concept><concept><code value="11202"/><display value="CISNES"/></concept><concept><code value="11203"/><display value="GUAITECAS"/></concept><concept><code value="11301"/><display value="COCHRANE"/></concept><concept><code value="11302"/><display value="O'HIGGINS"/></concept><concept><code value="11303"/><display value="TORTEL"/></concept><concept><code value="11401"/><display value="CHILE CHICO"/></concept><concept><code value="11402"/><display value="RÍO IBÁÑEZ"/></concept><concept><code value="12101"/><display value="PUNTA ARENAS"/></concept><concept><code value="12102"/><display value="LAGUNA BLANCA"/></concept><concept><code value="12103"/><display value="RÍO VERDE"/></concept><concept><code value="12104"/><display value="SAN GREGORIO"/></concept><concept><code value="12201"/><display value="CABO DE HORNOS (EX-NAVARINO)"/></concept><concept><code value="12202"/><display value="ANTÁRTICA"/></concept><concept><code value="12301"/><display value="PORVENIR"/></concept><concept><code value="12302"/><display value="PRIMAVERA"/></concept><concept><code value="12303"/><display value="TIMAUKEL"/></concept><concept><code value="12401"/><display value="NATALES"/></concept><concept><code value="12402"/><display value="TORRES DEL PAINE"/></concept><concept><code value="13101"/><display value="SANTIAGO"/></concept><concept><code value="13102"/><display value="CERRILLOS"/></concept><concept><code value="13103"/><display value="CERRO NAVIA"/></concept><concept><code value="13104"/><display value="CONCHALÍ"/></concept><concept><code value="13105"/><display value="EL BOSQUE"/></concept><concept><code value="13106"/><display value="ESTACIÓN CENTRAL"/></concept><concept><code value="13107"/><display value="HUECHURABA"/></concept><concept><code value="13108"/><display value="INDEPENDENCIA"/></concept><concept><code value="13109"/><display value="LA CISTERNA"/></concept><concept><code value="13110"/><display value="LA FLORIDA"/></concept><concept><code value="13111"/><display value="LA GRANJA"/></concept><concept><code value="13112"/><display value="LA PINTANA"/></concept><concept><code value="13113"/><display value="LA REINA"/></concept><concept><code value="13114"/><display value="LAS CONDES"/></concept><concept><code value="13115"/><display value="LO BARNECHEA"/></concept><concept><code value="13116"/><display value="LO ESPEJO"/></concept><concept><code value="13117"/><display value="LO PRADO"/></concept><concept><code value="13118"/><display value="MACUL"/></concept><concept><code value="13119"/><display value="MAIPÚ"/></concept><concept><code value="13120"/><display value="ÑUÑOA"/></concept><concept><code value="13121"/><display value="PEDRO AGUIRRE CERDA"/></concept><concept><code value="13122"/><display value="PEÑALOLÉN"/></concept><concept><code value="13123"/><display value="PROVIDENCIA"/></concept><concept><code value="13124"/><display value="PUDAHUEL"/></concept><concept><code value="13125"/><display value="QUILICURA"/></concept><concept><code value="13126"/><display value="QUINTA NORMAL"/></concept><concept><code value="13127"/><display value="RECOLETA"/></concept><concept><code value="13128"/><display value="RENCA"/></concept><concept><code value="13129"/><display value="SAN JOAQUÍN"/></concept><concept><code value="13130"/><display value="SAN MIGUEL"/></concept><concept><code value="13131"/><display value="SAN RAMÓN"/></concept><concept><code value="13132"/><display value="VITACURA"/></concept><concept><code value="13201"/><display value="PUENTE ALTO"/></concept><concept><code value="13202"/><display value="PIRQUE"/></concept><concept><code value="13203"/><display value="SAN JOSÉ DE MAIPO"/></concept><concept><code value="13301"/><display value="COLINA"/></concept><concept><code value="13302"/><display value="LAMPA"/></concept><concept><code value="13303"/><display value="TILTIL"/></concept><concept><code value="13401"/><display value="SAN BERNARDO"/></concept><concept><code value="13402"/><display value="BUIN"/></concept><concept><code value="13403"/><display value="CALERA DE TANGO"/></concept><concept><code value="13404"/><display value="PAINE"/></concept><concept><code value="13501"/><display value="MELIPILLA"/></concept><concept><code value="13502"/><display value="ALHUÉ"/></concept><concept><code value="13503"/><display value="CURACAVÍ"/></concept><concept><code value="13504"/><display value="MARÍA PINTO"/></concept><concept><code value="13505"/><display value="SAN PEDRO"/></concept><concept><code value="13601"/><display value="TALAGANTE"/></concept><concept><code value="13602"/><display value="EL MONTE"/></concept><concept><code value="13603"/><display value="ISLA DE MAIPO"/></concept><concept><code value="13604"/><display value="PADRE HURTADO"/></concept><concept><code value="13605"/><display value="PEÑAFLOR"/></concept><concept><code value="14101"/><display value="VALDIVIA"/></concept><concept><code value="14102"/><display value="CORRAL"/></concept><concept><code value="14103"/><display value="LANCO"/></concept><concept><code value="14104"/><display value="LOS LAGOS"/></concept><concept><code value="14105"/><display value="MÁFIL"/></concept><concept><code value="14106"/><display value="MARIQUINA"/></concept><concept><code value="14107"/><display value="PAILLACO"/></concept><concept><code value="14108"/><display value="PANGUIPULLI"/></concept><concept><code value="14201"/><display value="LA UNIÓN"/></concept><concept><code value="14202"/><display value="FUTRONO"/></concept><concept><code value="14203"/><display value="LAGO RANCO"/></concept><concept><code value="14204"/><display value="RÍO BUENO"/></concept><concept><code value="15101"/><display value="ARICA"/></concept><concept><code value="15102"/><display value="CAMARONES"/></concept><concept><code value="15201"/><display value="PUTRE"/></concept><concept><code value="15202"/><display value="GENERAL LAGOS"/></concept><concept><code value="99999"/><display value="DESCONOCIDA"/></concept></CodeSystem>