<?xml version="1.0" encoding="UTF-8"?><CodeSystem xmlns="http://hl7.org/fhir"><id value="CSNivelAtencion"/><text><status value="generated"/><div xmlns="http://www.w3.org/1999/xhtml"><p>This case-sensitive code system <code>https://interoperabilidad.minsal.cl/fhir/ig/eis/CodeSystem/CSNivelAtencion</code> defines the following codes:</p><table class="codes"><tr><td style="white-space:nowrap"><b>Code</b></td><td><b>Display</b></td></tr><tr><td style="white-space:nowrap">NAP<a name="CSNivelAtencion-NAP"> </a></td><td>Nivel Primario</td></tr><tr><td style="white-space:nowrap">NAS<a name="CSNivelAtencion-NAS"> </a></td><td>Nivel Secundario</td></tr><tr><td style="white-space:nowrap">NAT<a name="CSNivelAtencion-NAT"> </a></td><td>Nivel Terciario</td></tr><tr><td style="white-space:nowrap">95<a name="CSNivelAtencion-95"> </a></td><td>No aplica</td></tr></table></div></text><url value="https://interoperabilidad.minsal.cl/fhir/ig/eis/CodeSystem/CSNivelAtencion"/><version value="0.1.0"/><name value="CSNivelAtencion"/><title value="Nivel Atención Establecimiento de Salud"/><status value="active"/><experimental value="true"/><date value="2022-01-18T00:00:00-03:00"/><publisher value="Unidad de Interoperabilidad - MINSAL"/><contact><name value="Unidad de Interoperabilidad - MINSAL"/><telecom><system value="url"/><value value="https://interoperabilidad.minsal.cl"/></telecom></contact><description value="Códigos de Nivel Atención Establecimiento de Salud"/><jurisdiction><coding><system value="urn:iso:std:iso:3166"/><code value="CL"/><display value="Chile"/></coding></jurisdiction><caseSensitive value="true"/><content value="complete"/><count value="4"/><concept><code value="NAP"/><display value="Nivel Primario"/></concept><concept><code value="NAS"/><display value="Nivel Secundario"/></concept><concept><code value="NAT"/><display value="Nivel Terciario"/></concept><concept><code value="95"/><display value="No aplica"/></concept></CodeSystem>