<?xml version="1.0" encoding="UTF-8"?><ValueSet xmlns="http://hl7.org/fhir"><id value="VSNivelAtencion"/><text><status value="generated"/><div xmlns="http://www.w3.org/1999/xhtml"><ul><li>Include all codes defined in <a href="CodeSystem-CSNivelAtencion.html"><code>https://interoperabilidad.minsal.cl/fhir/ig/eis/CodeSystem/CSNivelAtencion</code></a></li></ul></div></text><url value="https://interoperabilidad.minsal.cl/fhir/ig/eis/ValueSet/VSNivelAtencion"/><version value="0.1.0"/><name value="VSNivelAtencion"/><title value="Nivel Atención Establecimiento de Salud"/><status value="active"/><experimental value="false"/><date value="2022-01-18T00:00:00-03:00"/><publisher value="Unidad de Interoperabilidad - MINSAL"/><contact><name value="Unidad de Interoperabilidad - MINSAL"/><telecom><system value="url"/><value value="https://interoperabilidad.minsal.cl"/></telecom></contact><description value="Códigos de Nivel Atención Establecimiento de Salud"/><jurisdiction><coding><system value="urn:iso:std:iso:3166"/><code value="CL"/><display value="Chile"/></coding></jurisdiction><compose><include><system value="https://interoperabilidad.minsal.cl/fhir/ig/eis/CodeSystem/CSNivelAtencion"/></include></compose></ValueSet>