<?xml version="1.0" encoding="UTF-8"?><ValueSet xmlns="http://hl7.org/fhir"><id value="VSTipoDeViaCL"/><text><status value="generated"/><div xmlns="http://www.w3.org/1999/xhtml"><ul><li>Include all codes defined in <a href="CodeSystem-CSTipoDeViaCL.html"><code>https://interoperabilidad.minsal.cl/fhir/ig/eis/CodeSystem/CSTipoDeViaCL</code></a></li></ul></div></text><url value="https://interoperabilidad.minsal.cl/fhir/ig/eis/ValueSet/VSTipoDeViaCL"/><version value="0.1.0"/><name value="VSTipoViaCL"/><title value="Corresponde al tipo o clasificación de calle."/><status value="active"/><experimental value="false"/><date value="2022-01-18T00:00:00-03:00"/><publisher value="Unidad de Interoperabilidad - MINSAL"/><contact><name value="Unidad de Interoperabilidad - MINSAL"/><telecom><system value="url"/><value value="https://interoperabilidad.minsal.cl"/></telecom></contact><description value="Corresponde al tipo o clasificación de calle."/><jurisdiction><coding><system value="urn:iso:std:iso:3166"/><code value="CL"/><display value="Chile"/></coding></jurisdiction><compose><include><system value="https://interoperabilidad.minsal.cl/fhir/ig/eis/CodeSystem/CSTipoDeViaCL"/></include></compose></ValueSet>