{
  "resourceType" : "Condition",
  "id" : "ConditionInicialEjemplo",
  "meta" : {
    "profile" : ["https://interoperabilidad.minsal.cl/fhir/ig/tei/StructureDefinition/ConditionDiagnosticoLE"]
  },
  "text" : {
    "status" : "generated",
    "div" : "<div xmlns=\"http://www.w3.org/1999/xhtml\"><p class=\"res-header-id\"><b>Generated Narrative: Condition ConditionInicialEjemplo</b></p><a name=\"ConditionInicialEjemplo\"> </a><a name=\"hcConditionInicialEjemplo\"> </a><a name=\"ConditionInicialEjemplo-es-CL\"> </a><p><b>clinicalStatus</b>: <span title=\"Codes:{http://terminology.hl7.org/CodeSystem/condition-clinical active}\">Activo</span></p><p><b>verificationStatus</b>: <span title=\"Codes:{http://terminology.hl7.org/CodeSystem/condition-ver-status confirmed}\">Confirmado</span></p><p><b>category</b>: <span title=\"Codes:{http://terminology.hl7.org/CodeSystem/condition-category encounter-diagnosis}\">Diagnostico del encuentro</span></p><p><b>severity</b>: <span title=\"Codes:{http://snomed.info/sct 24484000}\">Severo</span></p><p><b>code</b>: <span title=\"Codes:{http://snomed.info/sct 165865000}\">anticuerpos contra glándulas suprarrenales detectados</span></p><p><b>subject</b>: <a href=\"Patient-EjemploPatientLE.html\">María Josefina Gonzalez (official) Male, DoB: 1974-12-25 ( Rol Único Nacional:\u00a090000000-6\u00a0(use:\u00a0official,\u00a0))</a></p><p><b>encounter</b>: <a href=\"Encounter-EncounterIniciarEjemplo.html\">Encounter: extension = No display for Extension ; identifier = http://example.org/sampleencounter-identifier#123\u00a0(use:\u00a0official,\u00a0); status = finished; class = Presencial (Modalidad Atencion Codigo#1); period = 2024-01-17 16:00:00+1000 --&gt; 2024-01-17 16:30:00+1000</a></p></div>"
  },
  "clinicalStatus" : {
    "coding" : [{
      "system" : "http://terminology.hl7.org/CodeSystem/condition-clinical",
      "code" : "active",
      "display" : "Active"
    }],
    "text" : "Activo"
  },
  "verificationStatus" : {
    "coding" : [{
      "system" : "http://terminology.hl7.org/CodeSystem/condition-ver-status",
      "code" : "confirmed",
      "display" : "Confirmed"
    }],
    "text" : "Confirmado"
  },
  "category" : [{
    "coding" : [{
      "system" : "http://terminology.hl7.org/CodeSystem/condition-category",
      "code" : "encounter-diagnosis",
      "display" : "Encounter Diagnosis"
    }],
    "text" : "Diagnostico del encuentro"
  }],
  "severity" : {
    "coding" : [{
      "system" : "http://snomed.info/sct",
      "code" : "24484000",
      "display" : "Severe"
    }],
    "text" : "Severo"
  },
  "code" : {
    "coding" : [{
      "system" : "http://snomed.info/sct",
      "code" : "165865000",
      "display" : "Adrenal antibody detected"
    }],
    "text" : "anticuerpos contra glándulas suprarrenales detectados"
  },
  "subject" : {
    "reference" : "Patient/EjemploPatientLE"
  },
  "encounter" : {
    "reference" : "Encounter/EncounterIniciarEjemplo"
  }
}