{
  "resourceType" : "Condition",
  "id" : "ConditionAtencionejemplo",
  "meta" : {
    "profile" : ["https://interoperabilidad.minsal.cl/fhir/ig/tei/StructureDefinition/ConditionDiagnosticoLE"]
  },
  "text" : {
    "status" : "generated",
    "div" : "<div xmlns=\"http://www.w3.org/1999/xhtml\"><p class=\"res-header-id\"><b>Generated Narrative: Condición ConditionAtencionejemplo</b></p><a name=\"ConditionAtencionejemplo\"> </a><a name=\"hcConditionAtencionejemplo\"> </a><div style=\"display: inline-block; background-color: #d9e0e7; padding: 6px; margin: 4px; border: 1px solid #8da1b4; border-radius: 5px; line-height: 60%\"><p style=\"margin-bottom: 0px\"/><p style=\"margin-bottom: 0px\">Profile: <a href=\"StructureDefinition-ConditionDiagnosticoLE.html\">Condition Diagnostico LE</a></p></div><p><b>clinicalStatus</b>: <span title=\"Codes:{http://terminology.hl7.org/CodeSystem/condition-clinical active}\">Activo</span></p><p><b>verificationStatus</b>: <span title=\"Codes:{http://terminology.hl7.org/CodeSystem/condition-ver-status confirmed}\">Confirmado</span></p><p><b>category</b>: <span title=\"Codes:{http://terminology.hl7.org/CodeSystem/condition-category encounter-diagnosis}\">Diagnostico del encuentro</span></p><p><b>severity</b>: <span title=\"Codes:{http://snomed.info/sct 24484000}\">Severo</span></p><p><b>code</b>: <span title=\"Codes:{http://snomed.info/sct 24867002}\">insuficiencia adrenal severa</span></p><p><b>subject</b>: <a href=\"Patient-EjemploPatientLE.html\">María Josefina Gonzalez (official) Male, DoB: 1974-12-25 ( Rol Único Nacional:\u00a090000000-6\u00a0(use:\u00a0official,\u00a0))</a></p><p><b>encounter</b>: <a href=\"Encounter-AtencionEjemplo.html\">Encounter: extension = true; identifier = 123; status = finished; class = Presencial (Modalidad Atencion Codigo#1); type = Nueva; period = 2024-02-22 08:00:00-0300 --&gt; 2024-02-22 08:30:00-0300</a></p></div>"
  },
  "clinicalStatus" : {
    "coding" : [{
      "system" : "http://terminology.hl7.org/CodeSystem/condition-clinical",
      "code" : "active",
      "display" : "Active"
    }],
    "text" : "Activo"
  },
  "verificationStatus" : {
    "coding" : [{
      "system" : "http://terminology.hl7.org/CodeSystem/condition-ver-status",
      "code" : "confirmed",
      "display" : "Confirmed"
    }],
    "text" : "Confirmado"
  },
  "category" : [{
    "coding" : [{
      "system" : "http://terminology.hl7.org/CodeSystem/condition-category",
      "code" : "encounter-diagnosis",
      "display" : "Encounter Diagnosis"
    }],
    "text" : "Diagnostico del encuentro"
  }],
  "severity" : {
    "coding" : [{
      "system" : "http://snomed.info/sct",
      "code" : "24484000",
      "display" : "Severe"
    }],
    "text" : "Severo"
  },
  "code" : {
    "coding" : [{
      "system" : "http://snomed.info/sct",
      "code" : "24867002",
      "display" : "Severe adrenal insufficiency"
    }],
    "text" : "insuficiencia adrenal severa"
  },
  "subject" : {
    "reference" : "Patient/EjemploPatientLE"
  },
  "encounter" : {
    "reference" : "Encounter/AtencionEjemplo"
  }
}