{
  "resourceType" : "ImplementationGuide",
  "id" : "hl7.fhir.cl.minsal.tei",
  "text" : {
    "status" : "generated",
    "div" : "<div xmlns=\"http://www.w3.org/1999/xhtml\"><p class=\"res-header-id\"><b>Generated Narrative: ImplementationGuide hl7.fhir.cl.minsal.tei</b></p><a name=\"hl7.fhir.cl.minsal.tei\"> </a><a name=\"hchl7.fhir.cl.minsal.tei\"> </a><a name=\"hl7.fhir.cl.minsal.tei-es-CL\"> </a><h2>TiemposDeEsperaInteroperable</h2><p>The official URL for this implementation guide is: </p><pre>https://interoperabilidad.minsal.cl/fhir/ig/tei/ImplementationGuide/hl7.fhir.cl.minsal.tei</pre><div><p>Tiempos de Espera Interoperable</p>\n</div></div>"
  },
  "url" : "https://interoperabilidad.minsal.cl/fhir/ig/tei/ImplementationGuide/hl7.fhir.cl.minsal.tei",
  "version" : "0.2.1",
  "name" : "TiemposDeEsperaInteroperable",
  "title" : "Tiempos de Espera Interoperable",
  "status" : "draft",
  "date" : "2024-07-15T11:25:06-04:00",
  "publisher" : "Unidad de Interoperabilidad - MINSAL",
  "contact" : [{
    "name" : "Unidad de Interoperabilidad - MINSAL",
    "telecom" : [{
      "system" : "url",
      "value" : "https://interoperabilidad.minsal.cl"
    }]
  }],
  "description" : "Tiempos de Espera Interoperable",
  "jurisdiction" : [{
    "coding" : [{
      "system" : "urn:iso:std:iso:3166",
      "code" : "CL",
      "display" : "Chile"
    }]
  }],
  "packageId" : "hl7.fhir.cl.minsal.tei",
  "license" : "CC0-1.0",
  "fhirVersion" : ["4.0.1"],
  "dependsOn" : [{
    "id" : "hl7tx",
    "extension" : [{
      "url" : "http://hl7.org/fhir/tools/StructureDefinition/implementationguide-dependency-comment",
      "valueMarkdown" : "Automatically added as a dependency - all IGs depend on HL7 Terminology"
    }],
    "uri" : "http://terminology.hl7.org/ImplementationGuide/hl7.terminology",
    "packageId" : "hl7.terminology.r4",
    "version" : "5.5.0"
  },
  {
    "id" : "hl7ext",
    "extension" : [{
      "url" : "http://hl7.org/fhir/tools/StructureDefinition/implementationguide-dependency-comment",
      "valueMarkdown" : "Automatically added as a dependency - all IGs depend on the HL7 Extension Pack"
    }],
    "uri" : "http://hl7.org/fhir/extensions/ImplementationGuide/hl7.fhir.uv.extensions",
    "packageId" : "hl7.fhir.uv.extensions.r4",
    "version" : "5.1.0"
  },
  {
    "id" : "hl7_fhir_cl_clcore",
    "uri" : "https://hl7chile.cl/fhir/ig/clcore/ImplementationGuide/hl7.fhir.cl.clcore",
    "packageId" : "hl7.fhir.cl.clcore",
    "version" : "dev"
  }],
  "definition" : {
    "extension" : [{
      "extension" : [{
        "url" : "code",
        "valueString" : "copyrightyear"
      },
      {
        "url" : "value",
        "valueString" : "2024"
      }],
      "url" : "http://hl7.org/fhir/tools/StructureDefinition/ig-parameter"
    },
    {
      "extension" : [{
        "url" : "code",
        "valueString" : "releaselabel"
      },
      {
        "url" : "value",
        "valueString" : "draft"
      }],
      "url" : "http://hl7.org/fhir/tools/StructureDefinition/ig-parameter"
    },
    {
      "extension" : [{
        "url" : "code",
        "valueString" : "autoload-resources"
      },
      {
        "url" : "value",
        "valueString" : "true"
      }],
      "url" : "http://hl7.org/fhir/tools/StructureDefinition/ig-parameter"
    },
    {
      "extension" : [{
        "url" : "code",
        "valueString" : "path-liquid"
      },
      {
        "url" : "value",
        "valueString" : "template/liquid"
      }],
      "url" : "http://hl7.org/fhir/tools/StructureDefinition/ig-parameter"
    },
    {
      "extension" : [{
        "url" : "code",
        "valueString" : "path-liquid"
      },
      {
        "url" : "value",
        "valueString" : "input/liquid"
      }],
      "url" : "http://hl7.org/fhir/tools/StructureDefinition/ig-parameter"
    },
    {
      "extension" : [{
        "url" : "code",
        "valueString" : "path-qa"
      },
      {
        "url" : "value",
        "valueString" : "temp/qa"
      }],
      "url" : "http://hl7.org/fhir/tools/StructureDefinition/ig-parameter"
    },
    {
      "extension" : [{
        "url" : "code",
        "valueString" : "path-temp"
      },
      {
        "url" : "value",
        "valueString" : "temp/pages"
      }],
      "url" : "http://hl7.org/fhir/tools/StructureDefinition/ig-parameter"
    },
    {
      "extension" : [{
        "url" : "code",
        "valueString" : "path-output"
      },
      {
        "url" : "value",
        "valueString" : "output"
      }],
      "url" : "http://hl7.org/fhir/tools/StructureDefinition/ig-parameter"
    },
    {
      "extension" : [{
        "url" : "code",
        "valueString" : "path-suppressed-warnings"
      },
      {
        "url" : "value",
        "valueString" : "input/ignoreWarnings.txt"
      }],
      "url" : "http://hl7.org/fhir/tools/StructureDefinition/ig-parameter"
    },
    {
      "extension" : [{
        "url" : "code",
        "valueString" : "path-history"
      },
      {
        "url" : "value",
        "valueString" : "https://interoperabilidad.minsal.cl/fhir/ig/tei/history.html"
      }],
      "url" : "http://hl7.org/fhir/tools/StructureDefinition/ig-parameter"
    },
    {
      "extension" : [{
        "url" : "code",
        "valueString" : "template-html"
      },
      {
        "url" : "value",
        "valueString" : "template-page.html"
      }],
      "url" : "http://hl7.org/fhir/tools/StructureDefinition/ig-parameter"
    },
    {
      "extension" : [{
        "url" : "code",
        "valueString" : "template-md"
      },
      {
        "url" : "value",
        "valueString" : "template-page-md.html"
      }],
      "url" : "http://hl7.org/fhir/tools/StructureDefinition/ig-parameter"
    },
    {
      "extension" : [{
        "url" : "code",
        "valueString" : "apply-contact"
      },
      {
        "url" : "value",
        "valueString" : "true"
      }],
      "url" : "http://hl7.org/fhir/tools/StructureDefinition/ig-parameter"
    },
    {
      "extension" : [{
        "url" : "code",
        "valueString" : "apply-context"
      },
      {
        "url" : "value",
        "valueString" : "true"
      }],
      "url" : "http://hl7.org/fhir/tools/StructureDefinition/ig-parameter"
    },
    {
      "extension" : [{
        "url" : "code",
        "valueString" : "apply-copyright"
      },
      {
        "url" : "value",
        "valueString" : "true"
      }],
      "url" : "http://hl7.org/fhir/tools/StructureDefinition/ig-parameter"
    },
    {
      "extension" : [{
        "url" : "code",
        "valueString" : "apply-jurisdiction"
      },
      {
        "url" : "value",
        "valueString" : "true"
      }],
      "url" : "http://hl7.org/fhir/tools/StructureDefinition/ig-parameter"
    },
    {
      "extension" : [{
        "url" : "code",
        "valueString" : "apply-license"
      },
      {
        "url" : "value",
        "valueString" : "true"
      }],
      "url" : "http://hl7.org/fhir/tools/StructureDefinition/ig-parameter"
    },
    {
      "extension" : [{
        "url" : "code",
        "valueString" : "apply-publisher"
      },
      {
        "url" : "value",
        "valueString" : "true"
      }],
      "url" : "http://hl7.org/fhir/tools/StructureDefinition/ig-parameter"
    },
    {
      "extension" : [{
        "url" : "code",
        "valueString" : "apply-version"
      },
      {
        "url" : "value",
        "valueString" : "true"
      }],
      "url" : "http://hl7.org/fhir/tools/StructureDefinition/ig-parameter"
    },
    {
      "extension" : [{
        "url" : "code",
        "valueString" : "apply-wg"
      },
      {
        "url" : "value",
        "valueString" : "true"
      }],
      "url" : "http://hl7.org/fhir/tools/StructureDefinition/ig-parameter"
    },
    {
      "extension" : [{
        "url" : "code",
        "valueString" : "active-tables"
      },
      {
        "url" : "value",
        "valueString" : "true"
      }],
      "url" : "http://hl7.org/fhir/tools/StructureDefinition/ig-parameter"
    },
    {
      "extension" : [{
        "url" : "code",
        "valueString" : "fmm-definition"
      },
      {
        "url" : "value",
        "valueString" : "http://hl7.org/fhir/versions.html#maturity"
      }],
      "url" : "http://hl7.org/fhir/tools/StructureDefinition/ig-parameter"
    },
    {
      "extension" : [{
        "url" : "code",
        "valueString" : "propagate-status"
      },
      {
        "url" : "value",
        "valueString" : "true"
      }],
      "url" : "http://hl7.org/fhir/tools/StructureDefinition/ig-parameter"
    },
    {
      "extension" : [{
        "url" : "code",
        "valueString" : "excludelogbinaryformat"
      },
      {
        "url" : "value",
        "valueString" : "true"
      }],
      "url" : "http://hl7.org/fhir/tools/StructureDefinition/ig-parameter"
    },
    {
      "extension" : [{
        "url" : "code",
        "valueString" : "tabbed-snapshots"
      },
      {
        "url" : "value",
        "valueString" : "true"
      }],
      "url" : "http://hl7.org/fhir/tools/StructureDefinition/ig-parameter"
    },
    {
      "url" : "http://hl7.org/fhir/tools/StructureDefinition/ig-internal-dependency",
      "valueCode" : "hl7.fhir.uv.tools#0.1.0"
    },
    {
      "extension" : [{
        "url" : "code",
        "valueCode" : "copyrightyear"
      },
      {
        "url" : "value",
        "valueString" : "2024"
      }],
      "url" : "http://hl7.org/fhir/tools/StructureDefinition/ig-parameter"
    },
    {
      "extension" : [{
        "url" : "code",
        "valueCode" : "releaselabel"
      },
      {
        "url" : "value",
        "valueString" : "draft"
      }],
      "url" : "http://hl7.org/fhir/tools/StructureDefinition/ig-parameter"
    },
    {
      "extension" : [{
        "url" : "code",
        "valueCode" : "autoload-resources"
      },
      {
        "url" : "value",
        "valueString" : "true"
      }],
      "url" : "http://hl7.org/fhir/tools/StructureDefinition/ig-parameter"
    },
    {
      "extension" : [{
        "url" : "code",
        "valueCode" : "path-liquid"
      },
      {
        "url" : "value",
        "valueString" : "template/liquid"
      }],
      "url" : "http://hl7.org/fhir/tools/StructureDefinition/ig-parameter"
    },
    {
      "extension" : [{
        "url" : "code",
        "valueCode" : "path-liquid"
      },
      {
        "url" : "value",
        "valueString" : "input/liquid"
      }],
      "url" : "http://hl7.org/fhir/tools/StructureDefinition/ig-parameter"
    },
    {
      "extension" : [{
        "url" : "code",
        "valueCode" : "path-qa"
      },
      {
        "url" : "value",
        "valueString" : "temp/qa"
      }],
      "url" : "http://hl7.org/fhir/tools/StructureDefinition/ig-parameter"
    },
    {
      "extension" : [{
        "url" : "code",
        "valueCode" : "path-temp"
      },
      {
        "url" : "value",
        "valueString" : "temp/pages"
      }],
      "url" : "http://hl7.org/fhir/tools/StructureDefinition/ig-parameter"
    },
    {
      "extension" : [{
        "url" : "code",
        "valueCode" : "path-output"
      },
      {
        "url" : "value",
        "valueString" : "output"
      }],
      "url" : "http://hl7.org/fhir/tools/StructureDefinition/ig-parameter"
    },
    {
      "extension" : [{
        "url" : "code",
        "valueCode" : "path-suppressed-warnings"
      },
      {
        "url" : "value",
        "valueString" : "input/ignoreWarnings.txt"
      }],
      "url" : "http://hl7.org/fhir/tools/StructureDefinition/ig-parameter"
    },
    {
      "extension" : [{
        "url" : "code",
        "valueCode" : "path-history"
      },
      {
        "url" : "value",
        "valueString" : "https://interoperabilidad.minsal.cl/fhir/ig/tei/history.html"
      }],
      "url" : "http://hl7.org/fhir/tools/StructureDefinition/ig-parameter"
    },
    {
      "extension" : [{
        "url" : "code",
        "valueCode" : "template-html"
      },
      {
        "url" : "value",
        "valueString" : "template-page.html"
      }],
      "url" : "http://hl7.org/fhir/tools/StructureDefinition/ig-parameter"
    },
    {
      "extension" : [{
        "url" : "code",
        "valueCode" : "template-md"
      },
      {
        "url" : "value",
        "valueString" : "template-page-md.html"
      }],
      "url" : "http://hl7.org/fhir/tools/StructureDefinition/ig-parameter"
    },
    {
      "extension" : [{
        "url" : "code",
        "valueCode" : "apply-contact"
      },
      {
        "url" : "value",
        "valueString" : "true"
      }],
      "url" : "http://hl7.org/fhir/tools/StructureDefinition/ig-parameter"
    },
    {
      "extension" : [{
        "url" : "code",
        "valueCode" : "apply-context"
      },
      {
        "url" : "value",
        "valueString" : "true"
      }],
      "url" : "http://hl7.org/fhir/tools/StructureDefinition/ig-parameter"
    },
    {
      "extension" : [{
        "url" : "code",
        "valueCode" : "apply-copyright"
      },
      {
        "url" : "value",
        "valueString" : "true"
      }],
      "url" : "http://hl7.org/fhir/tools/StructureDefinition/ig-parameter"
    },
    {
      "extension" : [{
        "url" : "code",
        "valueCode" : "apply-jurisdiction"
      },
      {
        "url" : "value",
        "valueString" : "true"
      }],
      "url" : "http://hl7.org/fhir/tools/StructureDefinition/ig-parameter"
    },
    {
      "extension" : [{
        "url" : "code",
        "valueCode" : "apply-license"
      },
      {
        "url" : "value",
        "valueString" : "true"
      }],
      "url" : "http://hl7.org/fhir/tools/StructureDefinition/ig-parameter"
    },
    {
      "extension" : [{
        "url" : "code",
        "valueCode" : "apply-publisher"
      },
      {
        "url" : "value",
        "valueString" : "true"
      }],
      "url" : "http://hl7.org/fhir/tools/StructureDefinition/ig-parameter"
    },
    {
      "extension" : [{
        "url" : "code",
        "valueCode" : "apply-version"
      },
      {
        "url" : "value",
        "valueString" : "true"
      }],
      "url" : "http://hl7.org/fhir/tools/StructureDefinition/ig-parameter"
    },
    {
      "extension" : [{
        "url" : "code",
        "valueCode" : "apply-wg"
      },
      {
        "url" : "value",
        "valueString" : "true"
      }],
      "url" : "http://hl7.org/fhir/tools/StructureDefinition/ig-parameter"
    },
    {
      "extension" : [{
        "url" : "code",
        "valueCode" : "active-tables"
      },
      {
        "url" : "value",
        "valueString" : "true"
      }],
      "url" : "http://hl7.org/fhir/tools/StructureDefinition/ig-parameter"
    },
    {
      "extension" : [{
        "url" : "code",
        "valueCode" : "fmm-definition"
      },
      {
        "url" : "value",
        "valueString" : "http://hl7.org/fhir/versions.html#maturity"
      }],
      "url" : "http://hl7.org/fhir/tools/StructureDefinition/ig-parameter"
    },
    {
      "extension" : [{
        "url" : "code",
        "valueCode" : "propagate-status"
      },
      {
        "url" : "value",
        "valueString" : "true"
      }],
      "url" : "http://hl7.org/fhir/tools/StructureDefinition/ig-parameter"
    },
    {
      "extension" : [{
        "url" : "code",
        "valueCode" : "excludelogbinaryformat"
      },
      {
        "url" : "value",
        "valueString" : "true"
      }],
      "url" : "http://hl7.org/fhir/tools/StructureDefinition/ig-parameter"
    },
    {
      "extension" : [{
        "url" : "code",
        "valueCode" : "tabbed-snapshots"
      },
      {
        "url" : "value",
        "valueString" : "true"
      }],
      "url" : "http://hl7.org/fhir/tools/StructureDefinition/ig-parameter"
    }],
    "resource" : [{
      "extension" : [{
        "url" : "http://hl7.org/fhir/tools/StructureDefinition/resource-information",
        "valueString" : "StructureDefinition:resource"
      }],
      "reference" : {
        "reference" : "StructureDefinition/AllergyIntoleranceIniciarLE"
      },
      "name" : "AllergyIntolerance Iniciar LE",
      "description" : "AllergyIntolerance Iniciar LE",
      "exampleBoolean" : false
    },
    {
      "extension" : [{
        "url" : "http://hl7.org/fhir/tools/StructureDefinition/resource-information",
        "valueString" : "StructureDefinition:resource"
      }],
      "reference" : {
        "reference" : "StructureDefinition/AppointmentAgendarLE"
      },
      "name" : "Appointment Agendar LE",
      "description" : "Appointment Agendar LE",
      "exampleBoolean" : false
    },
    {
      "extension" : [{
        "url" : "http://hl7.org/fhir/tools/StructureDefinition/resource-information",
        "valueString" : "StructureDefinition:resource"
      }],
      "reference" : {
        "reference" : "StructureDefinition/BundleAgendarLE"
      },
      "name" : "Bundle Agendar LE",
      "description" : "Bundle Agendar LE, recurso utilizado para transportar todos los datos del mensaje relacionado al evento Agendar.",
      "exampleBoolean" : false
    },
    {
      "extension" : [{
        "url" : "http://hl7.org/fhir/tools/StructureDefinition/resource-information",
        "valueString" : "StructureDefinition:resource"
      }],
      "reference" : {
        "reference" : "StructureDefinition/BundleAtenderLE"
      },
      "name" : "Bundle Atender LE",
      "description" : "Bundle Atender LE recurso utilizado para transportar todos los datos del mensaje relacionado al evento Atender.",
      "exampleBoolean" : false
    },
    {
      "extension" : [{
        "url" : "http://hl7.org/fhir/tools/StructureDefinition/resource-information",
        "valueString" : "StructureDefinition:resource"
      }],
      "reference" : {
        "reference" : "StructureDefinition/BundleIniciarLE"
      },
      "name" : "Bundle Iniciar LE",
      "description" : "Bundle Iniciar LE, recurso utilizado para transportar todos los datos del mensaje relacionado al evento iniciar.",
      "exampleBoolean" : false
    },
    {
      "extension" : [{
        "url" : "http://hl7.org/fhir/tools/StructureDefinition/resource-information",
        "valueString" : "StructureDefinition:resource"
      }],
      "reference" : {
        "reference" : "StructureDefinition/BundlePriorizarLE"
      },
      "name" : "Bundle Priorizar LE",
      "description" : "Bundle Priorizar LE, recurso utilizado para transportar todos los datos del mensaje relacionado al evento Priorizar.",
      "exampleBoolean" : false
    },
    {
      "extension" : [{
        "url" : "http://hl7.org/fhir/tools/StructureDefinition/resource-information",
        "valueString" : "StructureDefinition:resource"
      }],
      "reference" : {
        "reference" : "StructureDefinition/BundleReferenciarLE"
      },
      "name" : "Bundle Referenciar LE",
      "description" : "Bundle Referenciar LE, recurso utilizado para transportar todos los datos del mensaje relacionado al evento referenciar.",
      "exampleBoolean" : false
    },
    {
      "extension" : [{
        "url" : "http://hl7.org/fhir/tools/StructureDefinition/resource-information",
        "valueString" : "StructureDefinition:resource"
      }],
      "reference" : {
        "reference" : "StructureDefinition/BundleRevisarLE"
      },
      "name" : "Bundle Revisar LE",
      "description" : "Bundle Revisar LE recurso utilizado para transportar todos los datos del mensaje relacionado al evento revisar.",
      "exampleBoolean" : false
    },
    {
      "extension" : [{
        "url" : "http://hl7.org/fhir/tools/StructureDefinition/resource-information",
        "valueString" : "StructureDefinition:resource"
      }],
      "reference" : {
        "reference" : "StructureDefinition/BundleTerminarLE"
      },
      "name" : "Bundle Terminar LE",
      "description" : "Bundle Terminar LE recurso utilizado para transportar todos los datos del mensaje relacionado al evento terminar.",
      "exampleBoolean" : false
    },
    {
      "extension" : [{
        "url" : "http://hl7.org/fhir/tools/StructureDefinition/resource-information",
        "valueString" : "StructureDefinition:resource"
      }],
      "reference" : {
        "reference" : "StructureDefinition/CarePlanAtenderLE"
      },
      "name" : "CarePlan Atender LE",
      "description" : "CarePlan Atender LE es el recurso utilizado para representar las indicaciones entregadas por el profesional como resultado de la atención.",
      "exampleBoolean" : false
    },
    {
      "extension" : [{
        "url" : "http://hl7.org/fhir/tools/StructureDefinition/resource-information",
        "valueString" : "StructureDefinition:resource"
      }],
      "reference" : {
        "reference" : "StructureDefinition/ConditionDiagnosticoLE"
      },
      "name" : "Condition Diagnostico LE",
      "description" : "Condicion Diagnostico LE, recurso que se utiliza para indicar el diagnóstico",
      "exampleBoolean" : false
    },
    {
      "extension" : [{
        "url" : "http://hl7.org/fhir/tools/StructureDefinition/resource-information",
        "valueString" : "StructureDefinition:extension"
      }],
      "reference" : {
        "reference" : "StructureDefinition/ExtensionConsecuenciaAtencionCodigo"
      },
      "name" : "Consecuencia Atención Codigo",
      "description" : "Consecuencia Atención Codigo",
      "exampleBoolean" : false
    },
    {
      "extension" : [{
        "url" : "http://hl7.org/fhir/tools/StructureDefinition/resource-information",
        "valueString" : "ValueSet"
      }],
      "reference" : {
        "reference" : "ValueSet/VSConsecuenciaAtencionCodigo"
      },
      "name" : "Consecuencia Atención Codigo",
      "description" : "Consecuencia Atención Codigo",
      "exampleBoolean" : false
    },
    {
      "extension" : [{
        "url" : "http://hl7.org/fhir/tools/StructureDefinition/resource-information",
        "valueString" : "CodeSystem"
      }],
      "reference" : {
        "reference" : "CodeSystem/CSConsecuenciaAtencionCodigo"
      },
      "name" : "Consecuencia Atención Codigo",
      "description" : "Consecuencia Atención Codigo",
      "exampleBoolean" : false
    },
    {
      "extension" : [{
        "url" : "http://hl7.org/fhir/tools/StructureDefinition/resource-information",
        "valueString" : "StructureDefinition:resource"
      }],
      "reference" : {
        "reference" : "StructureDefinition/ObservationIniciarCuidadorLE"
      },
      "name" : "Cuidador LE",
      "description" : "Indica que el paciente es cuidador, es decir es responsable del cuidado de otra persona",
      "exampleBoolean" : false
    },
    {
      "extension" : [{
        "url" : "http://hl7.org/fhir/tools/StructureDefinition/resource-information",
        "valueString" : "ValueSet"
      }],
      "reference" : {
        "reference" : "ValueSet/CodigoExamen"
      },
      "name" : "Códigos de Examenes",
      "description" : "Codigos de Examenes",
      "exampleBoolean" : false
    },
    {
      "extension" : [{
        "url" : "http://hl7.org/fhir/tools/StructureDefinition/resource-information",
        "valueString" : "ValueSet"
      }],
      "reference" : {
        "reference" : "ValueSet/VSDerivadoParaCodigo"
      },
      "name" : "Derivado Para",
      "description" : "Derivado Para",
      "exampleBoolean" : false
    },
    {
      "extension" : [{
        "url" : "http://hl7.org/fhir/tools/StructureDefinition/resource-information",
        "valueString" : "CodeSystem"
      }],
      "reference" : {
        "reference" : "CodeSystem/CSDerivadoParaCodigo"
      },
      "name" : "Derivado Para",
      "description" : "Derivado Para",
      "exampleBoolean" : false
    },
    {
      "extension" : [{
        "url" : "http://hl7.org/fhir/tools/StructureDefinition/resource-information",
        "valueString" : "ValueSet"
      }],
      "reference" : {
        "reference" : "ValueSet/VSDestinoReferenciaCodigo"
      },
      "name" : "Destino Referencia Codigo",
      "description" : "Destino Referencia Codigo",
      "exampleBoolean" : false
    },
    {
      "extension" : [{
        "url" : "http://hl7.org/fhir/tools/StructureDefinition/resource-information",
        "valueString" : "CodeSystem"
      }],
      "reference" : {
        "reference" : "CodeSystem/CSDestinoReferenciaCodigo"
      },
      "name" : "Destino Referencia Codigo",
      "description" : "Destino Referencia Codigo",
      "exampleBoolean" : false
    },
    {
      "extension" : [{
        "url" : "http://hl7.org/fhir/tools/StructureDefinition/resource-information",
        "valueString" : "StructureDefinition:resource"
      }],
      "reference" : {
        "reference" : "StructureDefinition/ObservationDiscapacidadLE"
      },
      "name" : "Discapacidad LE",
      "description" : "Observación Discapacidad LE, para describir si un paciente presenta discapacidad",
      "exampleBoolean" : false
    },
    {
      "extension" : [{
        "url" : "http://hl7.org/fhir/tools/StructureDefinition/resource-information",
        "valueString" : "Appointment"
      }],
      "reference" : {
        "reference" : "Appointment/AgendaEjemplo"
      },
      "name" : "Ejemplo Agenda",
      "description" : "Ejemplo de la agenda de un paciente",
      "exampleCanonical" : "https://interoperabilidad.minsal.cl/fhir/ig/tei/StructureDefinition/AppointmentAgendarLE"
    },
    {
      "extension" : [{
        "url" : "http://hl7.org/fhir/tools/StructureDefinition/resource-information",
        "valueString" : "Bundle"
      }],
      "reference" : {
        "reference" : "Bundle/BundleAgendarEjemplo"
      },
      "name" : "Ejemplo Bundle Agendar",
      "description" : "Ejemplo del mensaje de la agenda para la atención de la interconsulta",
      "exampleCanonical" : "https://interoperabilidad.minsal.cl/fhir/ig/tei/StructureDefinition/BundleAgendarLE"
    },
    {
      "extension" : [{
        "url" : "http://hl7.org/fhir/tools/StructureDefinition/resource-information",
        "valueString" : "Bundle"
      }],
      "reference" : {
        "reference" : "Bundle/BundleAtenderEjemplo"
      },
      "name" : "Ejemplo Bundle Atender",
      "description" : "Ejemplo del mensaje de la atención de la interconsulta",
      "exampleCanonical" : "https://interoperabilidad.minsal.cl/fhir/ig/tei/StructureDefinition/BundleAtenderLE"
    },
    {
      "extension" : [{
        "url" : "http://hl7.org/fhir/tools/StructureDefinition/resource-information",
        "valueString" : "Bundle"
      }],
      "reference" : {
        "reference" : "Bundle/BundleTerminarEjemplo"
      },
      "name" : "Ejemplo Bundle Atender",
      "description" : "Ejemplo del mensaje de la atención de la interconsulta",
      "exampleCanonical" : "https://interoperabilidad.minsal.cl/fhir/ig/tei/StructureDefinition/BundleTerminarLE"
    },
    {
      "extension" : [{
        "url" : "http://hl7.org/fhir/tools/StructureDefinition/resource-information",
        "valueString" : "Bundle"
      }],
      "reference" : {
        "reference" : "Bundle/BundleIniciarEjemplo"
      },
      "name" : "Ejemplo Bundle Iniciar",
      "description" : "Ejemplo de un mensaje del evento Iniciar",
      "exampleCanonical" : "https://interoperabilidad.minsal.cl/fhir/ig/tei/StructureDefinition/BundleIniciarLE"
    },
    {
      "extension" : [{
        "url" : "http://hl7.org/fhir/tools/StructureDefinition/resource-information",
        "valueString" : "Bundle"
      }],
      "reference" : {
        "reference" : "Bundle/BundlePriorizarEjemplo"
      },
      "name" : "Ejemplo Bundle Prorización",
      "description" : "Ejemplo del mensaje de la priorización de interconsulta",
      "exampleCanonical" : "https://interoperabilidad.minsal.cl/fhir/ig/tei/StructureDefinition/BundlePriorizarLE"
    },
    {
      "extension" : [{
        "url" : "http://hl7.org/fhir/tools/StructureDefinition/resource-information",
        "valueString" : "Bundle"
      }],
      "reference" : {
        "reference" : "Bundle/BundleRevisarEjemplo"
      },
      "name" : "Ejemplo Bundle Revisar",
      "description" : "Ejemplo del mensaje de la revisión de interconsulta",
      "exampleCanonical" : "https://interoperabilidad.minsal.cl/fhir/ig/tei/StructureDefinition/BundleRevisarLE"
    },
    {
      "extension" : [{
        "url" : "http://hl7.org/fhir/tools/StructureDefinition/resource-information",
        "valueString" : "Condition"
      }],
      "reference" : {
        "reference" : "Condition/ConditionAtencionejemplo"
      },
      "name" : "Ejemplo Condición de Atención",
      "description" : "Ejemplo condición como resultado del evento atender",
      "exampleCanonical" : "https://interoperabilidad.minsal.cl/fhir/ig/tei/StructureDefinition/ConditionDiagnosticoLE"
    },
    {
      "extension" : [{
        "url" : "http://hl7.org/fhir/tools/StructureDefinition/resource-information",
        "valueString" : "Condition"
      }],
      "reference" : {
        "reference" : "Condition/ConditionInicialEjemplo"
      },
      "name" : "Ejemplo Condition Inicial",
      "description" : "Ejemplo de una condición como motivo de interconsulta",
      "exampleCanonical" : "https://interoperabilidad.minsal.cl/fhir/ig/tei/StructureDefinition/ConditionDiagnosticoLE"
    },
    {
      "extension" : [{
        "url" : "http://hl7.org/fhir/tools/StructureDefinition/resource-information",
        "valueString" : "Observation"
      }],
      "reference" : {
        "reference" : "Observation/AnamnesisEjemplo"
      },
      "name" : "Ejemplo de Anamnesis",
      "description" : "Una pequeña descripción del encuentro y el tratamiento, como relato",
      "exampleCanonical" : "https://interoperabilidad.minsal.cl/fhir/ig/tei/StructureDefinition/ObservationAnamnesisLE"
    },
    {
      "extension" : [{
        "url" : "http://hl7.org/fhir/tools/StructureDefinition/resource-information",
        "valueString" : "Observation"
      }],
      "reference" : {
        "reference" : "Observation/IndiceConmorbilidadEjemplo"
      },
      "name" : "Ejemplo de Indice Conmorbilidad",
      "description" : "Indica el nivel de conmorbilidad que posee un paciente",
      "exampleCanonical" : "https://interoperabilidad.minsal.cl/fhir/ig/tei/StructureDefinition/ObservationIndiceComorbilidadLE"
    },
    {
      "extension" : [{
        "url" : "http://hl7.org/fhir/tools/StructureDefinition/resource-information",
        "valueString" : "Practitioner"
      }],
      "reference" : {
        "reference" : "Practitioner/PractitionerProfesionalLEAtendedor"
      },
      "name" : "Ejemplo de Otro Profesional",
      "description" : "Ejemplo de otro profesional",
      "exampleCanonical" : "https://interoperabilidad.minsal.cl/fhir/ig/tei/StructureDefinition/PractitionerProfesionalLE"
    },
    {
      "extension" : [{
        "url" : "http://hl7.org/fhir/tools/StructureDefinition/resource-information",
        "valueString" : "CarePlan"
      }],
      "reference" : {
        "reference" : "CarePlan/CarePlanAtencionEjemplo"
      },
      "name" : "Ejemplo de Plan de Cuidados",
      "description" : "Ejemplo de un plan de cuidados de ejemplo como resultado de una atención",
      "exampleCanonical" : "https://interoperabilidad.minsal.cl/fhir/ig/tei/StructureDefinition/CarePlanAtenderLE"
    },
    {
      "extension" : [{
        "url" : "http://hl7.org/fhir/tools/StructureDefinition/resource-information",
        "valueString" : "Practitioner"
      }],
      "reference" : {
        "reference" : "Practitioner/PractitionerProfesionalLEEjemplo"
      },
      "name" : "Ejemplo de Practitioner ProfesionalLE",
      "description" : "Ejemplo de un profesional de tiempos de espera",
      "exampleCanonical" : "https://interoperabilidad.minsal.cl/fhir/ig/tei/StructureDefinition/PractitionerProfesionalLE"
    },
    {
      "extension" : [{
        "url" : "http://hl7.org/fhir/tools/StructureDefinition/resource-information",
        "valueString" : "MedicationRequest"
      }],
      "reference" : {
        "reference" : "MedicationRequest/PrednisonaEjemplo"
      },
      "name" : "Ejemplo de Prescipción",
      "description" : "Ejemplo de una prescripción de ejemplo de una prednisona como resultado de una atención, más como parte del plan de cuidados",
      "exampleCanonical" : "https://interoperabilidad.minsal.cl/fhir/ig/tei/StructureDefinition/MedicationRequestLE"
    },
    {
      "extension" : [{
        "url" : "http://hl7.org/fhir/tools/StructureDefinition/resource-information",
        "valueString" : "Practitioner"
      }],
      "reference" : {
        "reference" : "Practitioner/ProfesionalAdministrativoEjemplo"
      },
      "name" : "Ejemplo de Profesional Administrativo",
      "description" : "Ejemplo de un profesional administrativo que referenciara la interconsulta",
      "exampleCanonical" : "https://interoperabilidad.minsal.cl/fhir/ig/tei/StructureDefinition/PractitionerAdministrativoLE"
    },
    {
      "extension" : [{
        "url" : "http://hl7.org/fhir/tools/StructureDefinition/resource-information",
        "valueString" : "ServiceRequest"
      }],
      "reference" : {
        "reference" : "ServiceRequest/AbadrenalEjemplo"
      },
      "name" : "Ejemplo de Solicitud de AbAdrenal",
      "description" : "Ejemplo de Solicitud de AbAdrenal como resultado de la atención más un plan de cuidado, para realizar seguimiento",
      "exampleCanonical" : "https://interoperabilidad.minsal.cl/fhir/ig/tei/StructureDefinition/ServiceRequestExamenLE"
    },
    {
      "extension" : [{
        "url" : "http://hl7.org/fhir/tools/StructureDefinition/resource-information",
        "valueString" : "Encounter"
      }],
      "reference" : {
        "reference" : "Encounter/AtencionEjemplo"
      },
      "name" : "Ejemplo de un Encuentro",
      "description" : "Es un ejemplo de un encuentro que se realiza en al finalizar el evento atender",
      "exampleCanonical" : "https://interoperabilidad.minsal.cl/fhir/ig/tei/StructureDefinition/EncounterAtenderLE"
    },
    {
      "extension" : [{
        "url" : "http://hl7.org/fhir/tools/StructureDefinition/resource-information",
        "valueString" : "Encounter"
      }],
      "reference" : {
        "reference" : "Encounter/EncounterIniciarEjemplo"
      },
      "name" : "Ejemplo de un Encuentro inicial",
      "description" : "Es un ejemplo de un encuentro que genera una interconsulta",
      "exampleCanonical" : "https://interoperabilidad.minsal.cl/fhir/ig/tei/StructureDefinition/EncounterIniciarLE"
    },
    {
      "extension" : [{
        "url" : "http://hl7.org/fhir/tools/StructureDefinition/resource-information",
        "valueString" : "AllergyIntolerance"
      }],
      "reference" : {
        "reference" : "AllergyIntolerance/AllergyIntoleranceExample"
      },
      "name" : "Ejemplo de una Alergía",
      "description" : "Ejemplo de alergia a castaña de cajú",
      "exampleCanonical" : "https://interoperabilidad.minsal.cl/fhir/ig/tei/StructureDefinition/AllergyIntoleranceIniciarLE"
    },
    {
      "extension" : [{
        "url" : "http://hl7.org/fhir/tools/StructureDefinition/resource-information",
        "valueString" : "ServiceRequest"
      }],
      "reference" : {
        "reference" : "ServiceRequest/EjemploSolicitudInterconsultaFinalizada"
      },
      "name" : "Ejemplo de una Solicitud",
      "description" : "Ejemplo de una Solicitud finalizada",
      "exampleCanonical" : "https://interoperabilidad.minsal.cl/fhir/ig/tei/StructureDefinition/ServiceRequestLE"
    },
    {
      "extension" : [{
        "url" : "http://hl7.org/fhir/tools/StructureDefinition/resource-information",
        "valueString" : "ServiceRequest"
      }],
      "reference" : {
        "reference" : "ServiceRequest/EjemploSolicitudExamen"
      },
      "name" : "Ejemplo de una Solicitud de Examen",
      "description" : "Ejemplo de la solicitud realizada junto a una interconsulta",
      "exampleCanonical" : "https://interoperabilidad.minsal.cl/fhir/ig/tei/StructureDefinition/ServiceRequestExamenLE"
    },
    {
      "extension" : [{
        "url" : "http://hl7.org/fhir/tools/StructureDefinition/resource-information",
        "valueString" : "Bundle"
      }],
      "reference" : {
        "reference" : "Bundle/BundleReferenciarEjemplo"
      },
      "name" : "Ejemplo del Bundle Referenciar",
      "description" : "Ejemplo de un mensaje de referencia de una interconsulta",
      "exampleCanonical" : "https://interoperabilidad.minsal.cl/fhir/ig/tei/StructureDefinition/BundleReferenciarLE"
    },
    {
      "extension" : [{
        "url" : "http://hl7.org/fhir/tools/StructureDefinition/resource-information",
        "valueString" : "QuestionnaireResponse"
      }],
      "reference" : {
        "reference" : "QuestionnaireResponse/MotivoDerivacionEjemplo"
      },
      "name" : "Ejemplo del QuestionnaireResponse",
      "description" : "Ejemplo del QuestionnaireResponse para describir el motivo de derivación",
      "exampleCanonical" : "https://interoperabilidad.minsal.cl/fhir/ig/tei/StructureDefinition/QuestionnaireResponseIniciarLE"
    },
    {
      "extension" : [{
        "url" : "http://hl7.org/fhir/tools/StructureDefinition/resource-information",
        "valueString" : "Observation"
      }],
      "reference" : {
        "reference" : "Observation/EjemploObservationCuidador"
      },
      "name" : "Ejemplo Observation Cuidador",
      "description" : "Ejemplo del recurso que indica si el paciente es cuidador o no",
      "exampleCanonical" : "https://interoperabilidad.minsal.cl/fhir/ig/tei/StructureDefinition/ObservationIniciarCuidadorLE"
    },
    {
      "extension" : [{
        "url" : "http://hl7.org/fhir/tools/StructureDefinition/resource-information",
        "valueString" : "Observation"
      }],
      "reference" : {
        "reference" : "Observation/EjemploObservationDiscapacidadLE"
      },
      "name" : "Ejemplo Observation Discapacidad LE",
      "description" : "Ejemplo que inidica si el paciente tiene discapacidad",
      "exampleCanonical" : "https://interoperabilidad.minsal.cl/fhir/ig/tei/StructureDefinition/ObservationDiscapacidadLE"
    },
    {
      "extension" : [{
        "url" : "http://hl7.org/fhir/tools/StructureDefinition/resource-information",
        "valueString" : "Organization"
      }],
      "reference" : {
        "reference" : "Organization/OrganizationLEEjemplo"
      },
      "name" : "Ejemplo OrganizationLE",
      "description" : "Ejemplo de una organización que inicia una interconsulta",
      "exampleCanonical" : "https://interoperabilidad.minsal.cl/fhir/ig/tei/StructureDefinition/OrganizationLE"
    },
    {
      "extension" : [{
        "url" : "http://hl7.org/fhir/tools/StructureDefinition/resource-information",
        "valueString" : "Patient"
      }],
      "reference" : {
        "reference" : "Patient/EjemploPatientLE"
      },
      "name" : "Ejemplo PatientLE",
      "description" : "Ejemplo de un paciente de la guía Tiempos de Espera",
      "exampleCanonical" : "https://interoperabilidad.minsal.cl/fhir/ig/tei/StructureDefinition/PatientLE"
    },
    {
      "extension" : [{
        "url" : "http://hl7.org/fhir/tools/StructureDefinition/resource-information",
        "valueString" : "PractitionerRole"
      }],
      "reference" : {
        "reference" : "PractitionerRole/PractitionerRoleIniciador"
      },
      "name" : "Ejemplo PractitionerRole Iniciador",
      "description" : "Ejemplo de un profesional con el rol de iniciador de la interconsulta",
      "exampleCanonical" : "https://interoperabilidad.minsal.cl/fhir/ig/tei/StructureDefinition/PractitionerRoleLE"
    },
    {
      "extension" : [{
        "url" : "http://hl7.org/fhir/tools/StructureDefinition/resource-information",
        "valueString" : "Observation"
      }],
      "reference" : {
        "reference" : "Observation/AnticuerpoAdrenal"
      },
      "name" : "Ejemplo Resultado Examen",
      "description" : "Ejemplo de un resultado de laboratorio de Anticuerpo Adrenal",
      "exampleCanonical" : "https://interoperabilidad.minsal.cl/fhir/ig/tei/StructureDefinition/ObservationResultadoExamen"
    },
    {
      "extension" : [{
        "url" : "http://hl7.org/fhir/tools/StructureDefinition/resource-information",
        "valueString" : "PractitionerRole"
      }],
      "reference" : {
        "reference" : "PractitionerRole/PractitionerRoleAtendedor"
      },
      "name" : "Ejemplo Rol Atendedor",
      "description" : "Ejemplo de un profesional en el rol atendedor",
      "exampleCanonical" : "https://interoperabilidad.minsal.cl/fhir/ig/tei/StructureDefinition/PractitionerRoleLE"
    },
    {
      "extension" : [{
        "url" : "http://hl7.org/fhir/tools/StructureDefinition/resource-information",
        "valueString" : "Organization"
      }],
      "reference" : {
        "reference" : "Organization/OrganizationLEAtendedor"
      },
      "name" : "Ejemplo Simple Organization",
      "description" : "Ejemplo simple de una organización",
      "exampleCanonical" : "https://interoperabilidad.minsal.cl/fhir/ig/tei/StructureDefinition/OrganizationLE"
    },
    {
      "extension" : [{
        "url" : "http://hl7.org/fhir/tools/StructureDefinition/resource-information",
        "valueString" : "MessageHeader"
      }],
      "reference" : {
        "reference" : "MessageHeader/MesssageHeaderAtenderEjemplo"
      },
      "name" : "Ejemplod de Cabecera Mensaje",
      "description" : "Ejemplo de la cabecera de un mensaje, en este caso del evento atender",
      "exampleCanonical" : "https://interoperabilidad.minsal.cl/fhir/ig/tei/StructureDefinition/MessageHeaderLE"
    },
    {
      "extension" : [{
        "url" : "http://hl7.org/fhir/tools/StructureDefinition/resource-information",
        "valueString" : "StructureDefinition:resource"
      }],
      "reference" : {
        "reference" : "StructureDefinition/EncounterAtenderLE"
      },
      "name" : "Encounter Atender LE",
      "description" : "Encounter Atender LE recurso que se utiliza para representar el encuentro médico, cuando se comienza a ejecutar la atención de la interconsulta.",
      "exampleBoolean" : false
    },
    {
      "extension" : [{
        "url" : "http://hl7.org/fhir/tools/StructureDefinition/resource-information",
        "valueString" : "StructureDefinition:resource"
      }],
      "reference" : {
        "reference" : "StructureDefinition/EncounterIniciarLE"
      },
      "name" : "Encounter Iniciar LE",
      "description" : "Encounter Iniciar LE recurso que se utiliza para representar el encuentro médico, que representa el encuentro de cuando se solicita la interconsulta.",
      "exampleBoolean" : false
    },
    {
      "extension" : [{
        "url" : "http://hl7.org/fhir/tools/StructureDefinition/resource-information",
        "valueString" : "ValueSet"
      }],
      "reference" : {
        "reference" : "ValueSet/VsEspecialidadDest"
      },
      "name" : "Especialidad de Destino",
      "description" : "Son todas las especialidades de destino de una interconsulta",
      "exampleBoolean" : false
    },
    {
      "extension" : [{
        "url" : "http://hl7.org/fhir/tools/StructureDefinition/resource-information",
        "valueString" : "StructureDefinition:extension"
      }],
      "reference" : {
        "reference" : "StructureDefinition/ExtensionEspecialidadMedicaDestinoCodigo"
      },
      "name" : "Especialidad Médica Destino Código",
      "description" : "Especialidad Médica Destino Código",
      "exampleBoolean" : false
    },
    {
      "extension" : [{
        "url" : "http://hl7.org/fhir/tools/StructureDefinition/resource-information",
        "valueString" : "ValueSet"
      }],
      "reference" : {
        "reference" : "ValueSet/VSEspecialidadFarma"
      },
      "name" : "Especialidades Farmaceúticas o Química Farmaceúticas",
      "description" : "Especialidades Farmaceúticas o Química Farmaceúticas",
      "exampleBoolean" : false
    },
    {
      "extension" : [{
        "url" : "http://hl7.org/fhir/tools/StructureDefinition/resource-information",
        "valueString" : "CodeSystem"
      }],
      "reference" : {
        "reference" : "CodeSystem/CSEspecialidadFarma"
      },
      "name" : "Especialidades Farmaceúticas o Química Farmaceúticas",
      "description" : "Especialidades Farmaceúticas o Química Farmaceúticas",
      "exampleBoolean" : false
    },
    {
      "extension" : [{
        "url" : "http://hl7.org/fhir/tools/StructureDefinition/resource-information",
        "valueString" : "ValueSet"
      }],
      "reference" : {
        "reference" : "ValueSet/VSEspecialidadOdont"
      },
      "name" : "Especialidades Odontológicas",
      "description" : "Especialidades Odontológicas",
      "exampleBoolean" : false
    },
    {
      "extension" : [{
        "url" : "http://hl7.org/fhir/tools/StructureDefinition/resource-information",
        "valueString" : "CodeSystem"
      }],
      "reference" : {
        "reference" : "CodeSystem/CSEspecialidadOdont"
      },
      "name" : "Especialidades Odontológicas",
      "description" : "Especialidades Odontológicas",
      "exampleBoolean" : false
    },
    {
      "extension" : [{
        "url" : "http://hl7.org/fhir/tools/StructureDefinition/resource-information",
        "valueString" : "ValueSet"
      }],
      "reference" : {
        "reference" : "ValueSet/VSEspecialidadBioqca"
      },
      "name" : "Especialidades y Subespecialidades Bioquímicas",
      "description" : "Especialidades y Subespecialidades Bioquímicas",
      "exampleBoolean" : false
    },
    {
      "extension" : [{
        "url" : "http://hl7.org/fhir/tools/StructureDefinition/resource-information",
        "valueString" : "CodeSystem"
      }],
      "reference" : {
        "reference" : "CodeSystem/CSEspecialidadBioqca"
      },
      "name" : "Especialidades y Subespecialidades Bioquímicas",
      "description" : "Especialidades y Subespecialidades Bioquímicas",
      "exampleBoolean" : false
    },
    {
      "extension" : [{
        "url" : "http://hl7.org/fhir/tools/StructureDefinition/resource-information",
        "valueString" : "ValueSet"
      }],
      "reference" : {
        "reference" : "ValueSet/VSEspecialidadMed"
      },
      "name" : "EspecialidadMed",
      "description" : "EspecialidadMed",
      "exampleBoolean" : false
    },
    {
      "extension" : [{
        "url" : "http://hl7.org/fhir/tools/StructureDefinition/resource-information",
        "valueString" : "CodeSystem"
      }],
      "reference" : {
        "reference" : "CodeSystem/CSEspecialidadMed"
      },
      "name" : "EspecialidadMed",
      "description" : "EspecialidadMed",
      "exampleBoolean" : false
    },
    {
      "extension" : [{
        "url" : "http://hl7.org/fhir/tools/StructureDefinition/resource-information",
        "valueString" : "ValueSet"
      }],
      "reference" : {
        "reference" : "ValueSet/VSEstablecimientoDestino"
      },
      "name" : "Establecimiento Destino Codigo",
      "description" : "Establecimiento Destino Codigo ejemplos hechos en base a este documento con los [Códigos DEIS del establecimientos](https://datos.gob.cl/dataset/establecimientos-de-salud-vigentes)",
      "exampleBoolean" : false
    },
    {
      "extension" : [{
        "url" : "http://hl7.org/fhir/tools/StructureDefinition/resource-information",
        "valueString" : "CodeSystem"
      }],
      "reference" : {
        "reference" : "CodeSystem/CSEstablecimientoDestino"
      },
      "name" : "Establecimiento Destino Codigo",
      "description" : "Establecimiento Destino Codigo ejemplos hechos en base a este documento con los [Códigos DEIS del establecimientos](https://datos.gob.cl/dataset/establecimientos-de-salud-vigentes)",
      "exampleBoolean" : false
    },
    {
      "extension" : [{
        "url" : "http://hl7.org/fhir/tools/StructureDefinition/resource-information",
        "valueString" : "ValueSet"
      }],
      "reference" : {
        "reference" : "ValueSet/VSEstadoInterconsulta"
      },
      "name" : "Estado Interconsulta",
      "description" : "Estado Interconsulta",
      "exampleBoolean" : false
    },
    {
      "extension" : [{
        "url" : "http://hl7.org/fhir/tools/StructureDefinition/resource-information",
        "valueString" : "CodeSystem"
      }],
      "reference" : {
        "reference" : "CodeSystem/CSEstadoInterconsulta"
      },
      "name" : "Estado Interconsulta",
      "description" : "Estado Interconsulta",
      "exampleBoolean" : false
    },
    {
      "extension" : [{
        "url" : "http://hl7.org/fhir/tools/StructureDefinition/resource-information",
        "valueString" : "StructureDefinition:extension"
      }],
      "reference" : {
        "reference" : "StructureDefinition/ExtensionEstadoInterconsultaCodigoLE"
      },
      "name" : "Estado Interconsulta Codigo",
      "description" : "Estado Interconsulta Codigo",
      "exampleBoolean" : false
    },
    {
      "extension" : [{
        "url" : "http://hl7.org/fhir/tools/StructureDefinition/resource-information",
        "valueString" : "ValueSet"
      }],
      "reference" : {
        "reference" : "ValueSet/VSEstadoCivil"
      },
      "name" : "EstadoCivil",
      "description" : "EstadoCivil",
      "exampleBoolean" : false
    },
    {
      "extension" : [{
        "url" : "http://hl7.org/fhir/tools/StructureDefinition/resource-information",
        "valueString" : "CodeSystem"
      }],
      "reference" : {
        "reference" : "CodeSystem/CSEstadoCivil"
      },
      "name" : "EstadoCivil",
      "description" : "EstadoCivil",
      "exampleBoolean" : false
    },
    {
      "extension" : [{
        "url" : "http://hl7.org/fhir/tools/StructureDefinition/resource-information",
        "valueString" : "StructureDefinition:extension"
      }],
      "reference" : {
        "reference" : "StructureDefinition/ExtensionBoolAtencionPreferente"
      },
      "name" : "ExtBool Atención Preferente",
      "description" : "ExtBool ¿Hace uso de atención preferente?",
      "exampleBoolean" : false
    },
    {
      "extension" : [{
        "url" : "http://hl7.org/fhir/tools/StructureDefinition/resource-information",
        "valueString" : "StructureDefinition:extension"
      }],
      "reference" : {
        "reference" : "StructureDefinition/ExtensionPertinenciaAtencionBox"
      },
      "name" : "ExtBool Pertinencia Atencion Box",
      "description" : "ExtBool Pertinencia Atencion Box",
      "exampleBoolean" : false
    },
    {
      "extension" : [{
        "url" : "http://hl7.org/fhir/tools/StructureDefinition/resource-information",
        "valueString" : "StructureDefinition:extension"
      }],
      "reference" : {
        "reference" : "StructureDefinition/ExtensionBoolRequiereExamen"
      },
      "name" : "ExtBool Requiere Examen",
      "description" : "ExtBool Requiere Examen",
      "exampleBoolean" : false
    },
    {
      "extension" : [{
        "url" : "http://hl7.org/fhir/tools/StructureDefinition/resource-information",
        "valueString" : "StructureDefinition:extension"
      }],
      "reference" : {
        "reference" : "StructureDefinition/ExtensionBoolResolutividadAPS"
      },
      "name" : "ExtBool Resolutividad APS",
      "description" : "ExtBool Resolutividad APS",
      "exampleBoolean" : false
    },
    {
      "extension" : [{
        "url" : "http://hl7.org/fhir/tools/StructureDefinition/resource-information",
        "valueString" : "StructureDefinition:extension"
      }],
      "reference" : {
        "reference" : "StructureDefinition/ExtensionSolicitudExamenes"
      },
      "name" : "ExtBool Solicitud Examenes",
      "description" : "Extensión que indica si requiere solicitud examenes",
      "exampleBoolean" : false
    },
    {
      "extension" : [{
        "url" : "http://hl7.org/fhir/tools/StructureDefinition/resource-information",
        "valueString" : "StructureDefinition:extension"
      }],
      "reference" : {
        "reference" : "StructureDefinition/Contactado"
      },
      "name" : "Extension ContactadoLE",
      "description" : "Extension ContactadoLE",
      "exampleBoolean" : false
    },
    {
      "extension" : [{
        "url" : "http://hl7.org/fhir/tools/StructureDefinition/resource-information",
        "valueString" : "StructureDefinition:extension"
      }],
      "reference" : {
        "reference" : "StructureDefinition/ExtensionStringFundamentoPriorizacion"
      },
      "name" : "Extension String Fundamento Priorizacion",
      "description" : "Extensión para fundamenta la priorización de la interconsulta",
      "exampleBoolean" : false
    },
    {
      "extension" : [{
        "url" : "http://hl7.org/fhir/tools/StructureDefinition/resource-information",
        "valueString" : "StructureDefinition:extension"
      }],
      "reference" : {
        "reference" : "StructureDefinition/ExtensionMotivoNoPertinencia"
      },
      "name" : "ExtString Motivo No Pertinencia",
      "description" : "Extensión que declara un porque de la no pertinencia",
      "exampleBoolean" : false
    },
    {
      "extension" : [{
        "url" : "http://hl7.org/fhir/tools/StructureDefinition/resource-information",
        "valueString" : "ValueSet"
      }],
      "reference" : {
        "reference" : "ValueSet/VSIdentificadorPrestador"
      },
      "name" : "IdentificadorPrestador",
      "description" : "IdentificadorPrestador",
      "exampleBoolean" : false
    },
    {
      "extension" : [{
        "url" : "http://hl7.org/fhir/tools/StructureDefinition/resource-information",
        "valueString" : "ValueSet"
      }],
      "reference" : {
        "reference" : "ValueSet/VSIndicecomorbilidad"
      },
      "name" : "Indice Comorbilidad",
      "description" : "Indice Comorbilidad",
      "exampleBoolean" : false
    },
    {
      "extension" : [{
        "url" : "http://hl7.org/fhir/tools/StructureDefinition/resource-information",
        "valueString" : "CodeSystem"
      }],
      "reference" : {
        "reference" : "CodeSystem/CSIndicecomorbilidad"
      },
      "name" : "Indice Comorbilidad",
      "description" : "Indice Comorbilidad",
      "exampleBoolean" : false
    },
    {
      "extension" : [{
        "url" : "http://hl7.org/fhir/tools/StructureDefinition/resource-information",
        "valueString" : "StructureDefinition:resource"
      }],
      "reference" : {
        "reference" : "StructureDefinition/ObservationIndiceComorbilidadLE"
      },
      "name" : "Indice Comorbilidad LE",
      "description" : "Observation Iniciar Indice Comorbilidad LE, recurso que se utiliza para indicar el riesgo de un paciente según su índice de comorbilidad",
      "exampleBoolean" : false
    },
    {
      "extension" : [{
        "url" : "http://hl7.org/fhir/tools/StructureDefinition/resource-information",
        "valueString" : "StructureDefinition:extension"
      }],
      "reference" : {
        "reference" : "StructureDefinition/ExtensionMediodeContacto"
      },
      "name" : "Medio de Contacto",
      "description" : "Medio de Contacto",
      "exampleBoolean" : false
    },
    {
      "extension" : [{
        "url" : "http://hl7.org/fhir/tools/StructureDefinition/resource-information",
        "valueString" : "ValueSet"
      }],
      "reference" : {
        "reference" : "ValueSet/VSMediodeContacto"
      },
      "name" : "Medio Notificación",
      "description" : "Medio Notificación",
      "exampleBoolean" : false
    },
    {
      "extension" : [{
        "url" : "http://hl7.org/fhir/tools/StructureDefinition/resource-information",
        "valueString" : "CodeSystem"
      }],
      "reference" : {
        "reference" : "CodeSystem/CSMediodeContacto"
      },
      "name" : "Medio Notificación",
      "description" : "Medio Notificación",
      "exampleBoolean" : false
    },
    {
      "extension" : [{
        "url" : "http://hl7.org/fhir/tools/StructureDefinition/resource-information",
        "valueString" : "StructureDefinition:extension"
      }],
      "reference" : {
        "reference" : "StructureDefinition/Mencion"
      },
      "name" : "Mención profesional añadida al título profesional",
      "description" : "Mención profesional obtenida junto con el título, dato que se agrega en texto lible",
      "exampleBoolean" : false
    },
    {
      "extension" : [{
        "url" : "http://hl7.org/fhir/tools/StructureDefinition/resource-information",
        "valueString" : "StructureDefinition:resource"
      }],
      "reference" : {
        "reference" : "StructureDefinition/MessageHeaderLE"
      },
      "name" : "MessageHeader LE",
      "description" : "MessageHeaderLE",
      "exampleBoolean" : false
    },
    {
      "extension" : [{
        "url" : "http://hl7.org/fhir/tools/StructureDefinition/resource-information",
        "valueString" : "ValueSet"
      }],
      "reference" : {
        "reference" : "ValueSet/VSModalidadAtencionCodigo"
      },
      "name" : "Modalidad Atencion Codigo",
      "description" : "Modalidad Atencion Codigo",
      "exampleBoolean" : false
    },
    {
      "extension" : [{
        "url" : "http://hl7.org/fhir/tools/StructureDefinition/resource-information",
        "valueString" : "CodeSystem"
      }],
      "reference" : {
        "reference" : "CodeSystem/CSModalidadAtencionCodigo"
      },
      "name" : "Modalidad Atencion Codigo",
      "description" : "Modalidad Atencion Codigo",
      "exampleBoolean" : false
    },
    {
      "extension" : [{
        "url" : "http://hl7.org/fhir/tools/StructureDefinition/resource-information",
        "valueString" : "StructureDefinition:extension"
      }],
      "reference" : {
        "reference" : "StructureDefinition/ExtensionMotivoCierreInterconsulta"
      },
      "name" : "Motivo Cierre Interconsulta",
      "description" : "Motivo Cierre Interconsulta",
      "exampleBoolean" : false
    },
    {
      "extension" : [{
        "url" : "http://hl7.org/fhir/tools/StructureDefinition/resource-information",
        "valueString" : "ValueSet"
      }],
      "reference" : {
        "reference" : "ValueSet/VSMotivoCierreInterconsulta"
      },
      "name" : "Motivo Cierre Interconsulta",
      "description" : "Motivo Cierre Interconsulta",
      "exampleBoolean" : false
    },
    {
      "extension" : [{
        "url" : "http://hl7.org/fhir/tools/StructureDefinition/resource-information",
        "valueString" : "CodeSystem"
      }],
      "reference" : {
        "reference" : "CodeSystem/CSMotivoCierreInterconsulta"
      },
      "name" : "Motivo Cierre Interconsulta",
      "description" : "Motivo Cierre Interconsulta",
      "exampleBoolean" : false
    },
    {
      "extension" : [{
        "url" : "http://hl7.org/fhir/tools/StructureDefinition/resource-information",
        "valueString" : "Questionnaire"
      }],
      "reference" : {
        "reference" : "Questionnaire/MotivoDerivacion"
      },
      "name" : "Motivo Derivacion",
      "description" : "Permite describir el motivo de derivacion de un paciente",
      "exampleBoolean" : false
    },
    {
      "extension" : [{
        "url" : "http://hl7.org/fhir/tools/StructureDefinition/resource-information",
        "valueString" : "ValueSet"
      }],
      "reference" : {
        "reference" : "ValueSet/VSMotivoNoContactabilidad"
      },
      "name" : "Motivo No Contactabilidad",
      "description" : "Motivo No Contactabilidad",
      "exampleBoolean" : false
    },
    {
      "extension" : [{
        "url" : "http://hl7.org/fhir/tools/StructureDefinition/resource-information",
        "valueString" : "CodeSystem"
      }],
      "reference" : {
        "reference" : "CodeSystem/CSMotivoNoContactabilidad"
      },
      "name" : "Motivo No Contactabilidad",
      "description" : "Motivo No Contactabilidad",
      "exampleBoolean" : false
    },
    {
      "extension" : [{
        "url" : "http://hl7.org/fhir/tools/StructureDefinition/resource-information",
        "valueString" : "ValueSet"
      }],
      "reference" : {
        "reference" : "ValueSet/VSMotivoNoPertinenciaCodigo"
      },
      "name" : "Motivo No Pertinencia Codigo",
      "description" : "Motivo No Pertinencia Codigo",
      "exampleBoolean" : false
    },
    {
      "extension" : [{
        "url" : "http://hl7.org/fhir/tools/StructureDefinition/resource-information",
        "valueString" : "CodeSystem"
      }],
      "reference" : {
        "reference" : "CodeSystem/CSMotivoNoPertinenciaCodigo"
      },
      "name" : "Motivo No Pertinencia Codigo",
      "description" : "Motivo No Pertinencia Codigo",
      "exampleBoolean" : false
    },
    {
      "extension" : [{
        "url" : "http://hl7.org/fhir/tools/StructureDefinition/resource-information",
        "valueString" : "StructureDefinition:resource"
      }],
      "reference" : {
        "reference" : "StructureDefinition/ObservationAnamnesisLE"
      },
      "name" : "Observation Anamnesis LE",
      "description" : "Observation Anamnesis LE",
      "exampleBoolean" : false
    },
    {
      "extension" : [{
        "url" : "http://hl7.org/fhir/tools/StructureDefinition/resource-information",
        "valueString" : "StructureDefinition:resource"
      }],
      "reference" : {
        "reference" : "StructureDefinition/ObservationResultadoExamen"
      },
      "name" : "Observation Resultado Examen",
      "description" : "Resultado de examen anterior como antecedente",
      "exampleBoolean" : false
    },
    {
      "extension" : [{
        "url" : "http://hl7.org/fhir/tools/StructureDefinition/resource-information",
        "valueString" : "StructureDefinition:resource"
      }],
      "reference" : {
        "reference" : "StructureDefinition/OrganizationLE"
      },
      "name" : "Organization LE",
      "description" : "Organization LE según [Códigos DEIS del establecimientos](https://datos.gob.cl/dataset/establecimientos-de-salud-vigentes)",
      "exampleBoolean" : false
    },
    {
      "extension" : [{
        "url" : "http://hl7.org/fhir/tools/StructureDefinition/resource-information",
        "valueString" : "StructureDefinition:extension"
      }],
      "reference" : {
        "reference" : "StructureDefinition/ExtensionOrigenInterconsulta"
      },
      "name" : "Origen Interconsulta",
      "description" : "Origen Interconsulta",
      "exampleBoolean" : false
    },
    {
      "extension" : [{
        "url" : "http://hl7.org/fhir/tools/StructureDefinition/resource-information",
        "valueString" : "ValueSet"
      }],
      "reference" : {
        "reference" : "ValueSet/VSorigenInterconsulta"
      },
      "name" : "Origen Interconsulta",
      "description" : "Origen Interconsulta",
      "exampleBoolean" : false
    },
    {
      "extension" : [{
        "url" : "http://hl7.org/fhir/tools/StructureDefinition/resource-information",
        "valueString" : "CodeSystem"
      }],
      "reference" : {
        "reference" : "CodeSystem/CSorigenInterconsulta"
      },
      "name" : "Origen Interconsulta",
      "description" : "Origen Interconsulta",
      "exampleBoolean" : false
    },
    {
      "extension" : [{
        "url" : "http://hl7.org/fhir/tools/StructureDefinition/resource-information",
        "valueString" : "StructureDefinition:resource"
      }],
      "reference" : {
        "reference" : "StructureDefinition/PatientLE"
      },
      "name" : "Patient LE",
      "description" : "Paciente definido para el Registro Maestro de Pacientes",
      "exampleBoolean" : false
    },
    {
      "extension" : [{
        "url" : "http://hl7.org/fhir/tools/StructureDefinition/resource-information",
        "valueString" : "StructureDefinition:extension"
      }],
      "reference" : {
        "reference" : "StructureDefinition/PaisOrigenMPI"
      },
      "name" : "País de origen del paciente",
      "description" : "País de origen del paciente",
      "exampleBoolean" : false
    },
    {
      "extension" : [{
        "url" : "http://hl7.org/fhir/tools/StructureDefinition/resource-information",
        "valueString" : "StructureDefinition:extension"
      }],
      "reference" : {
        "reference" : "StructureDefinition/ExtensionPertinenciaInterconsulta"
      },
      "name" : "Pertinencia Interconsulta",
      "description" : "Pertinencia Interconsulta",
      "exampleBoolean" : false
    },
    {
      "extension" : [{
        "url" : "http://hl7.org/fhir/tools/StructureDefinition/resource-information",
        "valueString" : "ValueSet"
      }],
      "reference" : {
        "reference" : "ValueSet/VSPertinenciaInterconsulta"
      },
      "name" : "Pertinencia Interconsulta",
      "description" : "Pertinencia Interconsulta",
      "exampleBoolean" : false
    },
    {
      "extension" : [{
        "url" : "http://hl7.org/fhir/tools/StructureDefinition/resource-information",
        "valueString" : "CodeSystem"
      }],
      "reference" : {
        "reference" : "CodeSystem/CSPertinenciaInterconsulta"
      },
      "name" : "Pertinencia Interconsulta",
      "description" : "Pertinencia Interconsulta",
      "exampleBoolean" : false
    },
    {
      "extension" : [{
        "url" : "http://hl7.org/fhir/tools/StructureDefinition/resource-information",
        "valueString" : "StructureDefinition:resource"
      }],
      "reference" : {
        "reference" : "StructureDefinition/PractitionerRoleLE"
      },
      "name" : "PractitionerRole LE",
      "description" : "PractitionerRole LE, recurso que se utiliza para representar la información de roles, un profesional de la salud.",
      "exampleBoolean" : false
    },
    {
      "extension" : [{
        "url" : "http://hl7.org/fhir/tools/StructureDefinition/resource-information",
        "valueString" : "StructureDefinition:resource"
      }],
      "reference" : {
        "reference" : "StructureDefinition/PractitionerAdministrativoLE"
      },
      "name" : "Prestador Administrativo LE",
      "description" : "Prestador Administrativo definido para fines de requerimientos normativos y conjunto de datos deseables para el sector público de salud.",
      "exampleBoolean" : false
    },
    {
      "extension" : [{
        "url" : "http://hl7.org/fhir/tools/StructureDefinition/resource-information",
        "valueString" : "StructureDefinition:resource"
      }],
      "reference" : {
        "reference" : "StructureDefinition/PractitionerProfesionalLE"
      },
      "name" : "Prestador Profesional LE",
      "description" : "Prestador Profesional Individual definido para fines de requerimientos normativos y conjunto de datos deseables para el sector público de salud.",
      "exampleBoolean" : false
    },
    {
      "extension" : [{
        "url" : "http://hl7.org/fhir/tools/StructureDefinition/resource-information",
        "valueString" : "StructureDefinition:extension"
      }],
      "reference" : {
        "reference" : "StructureDefinition/PueblosAfrodescendiente"
      },
      "name" : "Pueblos Afrodescendiente",
      "description" : "Pueblos Afrodescendiente",
      "exampleBoolean" : false
    },
    {
      "extension" : [{
        "url" : "http://hl7.org/fhir/tools/StructureDefinition/resource-information",
        "valueString" : "StructureDefinition:extension"
      }],
      "reference" : {
        "reference" : "StructureDefinition/PueblosOriginarios"
      },
      "name" : "Pueblos Originarios",
      "description" : "Almacenar si el paciente pertenece a algun pueblo originario",
      "exampleBoolean" : false
    },
    {
      "extension" : [{
        "url" : "http://hl7.org/fhir/tools/StructureDefinition/resource-information",
        "valueString" : "ValueSet"
      }],
      "reference" : {
        "reference" : "ValueSet/PueblosOriginariosVS"
      },
      "name" : "Pueblos Originarios de Chile",
      "description" : "Pueblos Originarios de Chile",
      "exampleBoolean" : false
    },
    {
      "extension" : [{
        "url" : "http://hl7.org/fhir/tools/StructureDefinition/resource-information",
        "valueString" : "CodeSystem"
      }],
      "reference" : {
        "reference" : "CodeSystem/PueblosOriginariosCS"
      },
      "name" : "Pueblos Originarios de Chile",
      "description" : "Pueblos Originarios de Chile",
      "exampleBoolean" : false
    },
    {
      "extension" : [{
        "url" : "http://hl7.org/fhir/tools/StructureDefinition/resource-information",
        "valueString" : "StructureDefinition:extension"
      }],
      "reference" : {
        "reference" : "StructureDefinition/PueblosOriginariosPerteneciente"
      },
      "name" : "Pueblos Originarios Perteneciente",
      "description" : "Pueblos Originarios Perteneciente",
      "exampleBoolean" : false
    },
    {
      "extension" : [{
        "url" : "http://hl7.org/fhir/tools/StructureDefinition/resource-information",
        "valueString" : "StructureDefinition:resource"
      }],
      "reference" : {
        "reference" : "StructureDefinition/QuestionnaireResponseIniciarLE"
      },
      "name" : "QuestionnaireResponse Iniciar Motivo de la Derivación LE",
      "description" : "QuestionnaireResponse Iniciar para Motivo de Derivación LE",
      "exampleBoolean" : false
    },
    {
      "extension" : [{
        "url" : "http://hl7.org/fhir/tools/StructureDefinition/resource-information",
        "valueString" : "ValueSet"
      }],
      "reference" : {
        "reference" : "ValueSet/VSReligion"
      },
      "name" : "Religion",
      "description" : "Religion",
      "exampleBoolean" : false
    },
    {
      "extension" : [{
        "url" : "http://hl7.org/fhir/tools/StructureDefinition/resource-information",
        "valueString" : "CodeSystem"
      }],
      "reference" : {
        "reference" : "CodeSystem/CSReligion"
      },
      "name" : "Religion",
      "description" : "Religion",
      "exampleBoolean" : false
    },
    {
      "extension" : [{
        "url" : "http://hl7.org/fhir/tools/StructureDefinition/resource-information",
        "valueString" : "StructureDefinition:extension"
      }],
      "reference" : {
        "reference" : "StructureDefinition/Religion"
      },
      "name" : "Religión",
      "description" : "Religión",
      "exampleBoolean" : false
    },
    {
      "extension" : [{
        "url" : "http://hl7.org/fhir/tools/StructureDefinition/resource-information",
        "valueString" : "ValueSet"
      }],
      "reference" : {
        "reference" : "ValueSet/VSPractitionerTipoRolLE"
      },
      "name" : "Rol de profesionales",
      "description" : "Rol de profesionales(Practitioner) en algún evento, durante la intercosulta.",
      "exampleBoolean" : false
    },
    {
      "extension" : [{
        "url" : "http://hl7.org/fhir/tools/StructureDefinition/resource-information",
        "valueString" : "CodeSystem"
      }],
      "reference" : {
        "reference" : "CodeSystem/CSPractitionerTipoRolLE"
      },
      "name" : "Rol de profesionales",
      "description" : "CodeSystem con códigos definidos para representar cada rol de profesional o funcionario administrativo dentro de la interconsulta",
      "exampleBoolean" : false
    },
    {
      "extension" : [{
        "url" : "http://hl7.org/fhir/tools/StructureDefinition/resource-information",
        "valueString" : "StructureDefinition:resource"
      }],
      "reference" : {
        "reference" : "StructureDefinition/ServiceRequestLE"
      },
      "name" : "ServiceRequest LE",
      "description" : "ServiceRequest LE recurso utilizado para la representación de los datos de la interconsulta.",
      "exampleBoolean" : false
    },
    {
      "extension" : [{
        "url" : "http://hl7.org/fhir/tools/StructureDefinition/resource-information",
        "valueString" : "ValueSet"
      }],
      "reference" : {
        "reference" : "ValueSet/VSServicioRequerido"
      },
      "name" : "Servicio Requerido",
      "description" : "Servicio Requerido",
      "exampleBoolean" : false
    },
    {
      "extension" : [{
        "url" : "http://hl7.org/fhir/tools/StructureDefinition/resource-information",
        "valueString" : "StructureDefinition:extension"
      }],
      "reference" : {
        "reference" : "StructureDefinition/SituacionCalle"
      },
      "name" : "Situacion Calle",
      "description" : "Situacion Calle",
      "exampleBoolean" : false
    },
    {
      "extension" : [{
        "url" : "http://hl7.org/fhir/tools/StructureDefinition/resource-information",
        "valueString" : "StructureDefinition:resource"
      }],
      "reference" : {
        "reference" : "StructureDefinition/ServiceRequestExamenLE"
      },
      "name" : "Solicitud de Examen LE",
      "description" : "ServiceRequestExamen LE recurso utilizado para la representación de la solicitud de examen",
      "exampleBoolean" : false
    },
    {
      "extension" : [{
        "url" : "http://hl7.org/fhir/tools/StructureDefinition/resource-information",
        "valueString" : "StructureDefinition:resource"
      }],
      "reference" : {
        "reference" : "StructureDefinition/MedicationRequestLE"
      },
      "name" : "Solicitude de Medicamento LE",
      "description" : "Perfil para la prescripción de un medicamento al paciente",
      "exampleBoolean" : false
    },
    {
      "extension" : [{
        "url" : "http://hl7.org/fhir/tools/StructureDefinition/resource-information",
        "valueString" : "StructureDefinition:extension"
      }],
      "reference" : {
        "reference" : "StructureDefinition/ExtensionSubEspecialidadMedicaDestinoCodigo"
      },
      "name" : "SubEspecialidad Médica Destino Código",
      "description" : "SubEspecialidad Médica Destino Código",
      "exampleBoolean" : false
    },
    {
      "extension" : [{
        "url" : "http://hl7.org/fhir/tools/StructureDefinition/resource-information",
        "valueString" : "ValueSet"
      }],
      "reference" : {
        "reference" : "ValueSet/VSTerminologiasDiag"
      },
      "name" : "TerminologiasDiag",
      "description" : "TerminologiasDiag",
      "exampleBoolean" : false
    },
    {
      "extension" : [{
        "url" : "http://hl7.org/fhir/tools/StructureDefinition/resource-information",
        "valueString" : "ValueSet"
      }],
      "reference" : {
        "reference" : "ValueSet/VSTipoConsulta"
      },
      "name" : "Tipo Consulta",
      "description" : "Tipo Consulta",
      "exampleBoolean" : false
    },
    {
      "extension" : [{
        "url" : "http://hl7.org/fhir/tools/StructureDefinition/resource-information",
        "valueString" : "CodeSystem"
      }],
      "reference" : {
        "reference" : "CodeSystem/CSTipoConsulta"
      },
      "name" : "Tipo Consulta",
      "description" : "Tipo Consulta",
      "exampleBoolean" : false
    },
    {
      "extension" : [{
        "url" : "http://hl7.org/fhir/tools/StructureDefinition/resource-information",
        "valueString" : "ValueSet"
      }],
      "reference" : {
        "reference" : "ValueSet/VSTipoEventoLE"
      },
      "name" : "Tipo de Evento",
      "description" : "Tipo de evento en la interconsulta",
      "exampleBoolean" : false
    },
    {
      "extension" : [{
        "url" : "http://hl7.org/fhir/tools/StructureDefinition/resource-information",
        "valueString" : "CodeSystem"
      }],
      "reference" : {
        "reference" : "CodeSystem/CSTipoEventoLE"
      },
      "name" : "Tipo de Evento",
      "description" : "CodeSystem con códigos definidos para representar cada evento en la interconsulta",
      "exampleBoolean" : false
    },
    {
      "extension" : [{
        "url" : "http://hl7.org/fhir/tools/StructureDefinition/resource-information",
        "valueString" : "ValueSet"
      }],
      "reference" : {
        "reference" : "ValueSet/TipoDeObservacion"
      },
      "name" : "Tipo de Observación",
      "description" : "Estas son algunas de las observaciones que se pueden realizar en un encuentro, que permiten dar antecedentes a la interconsulta.",
      "exampleBoolean" : false
    },
    {
      "extension" : [{
        "url" : "http://hl7.org/fhir/tools/StructureDefinition/resource-information",
        "valueString" : "CodeSystem"
      }],
      "reference" : {
        "reference" : "CodeSystem/CSTipoObservacionMinsal"
      },
      "name" : "Tipo de Observación",
      "description" : "Son todos los tipos de observaciones dadas por el Ministerio De Salud",
      "exampleBoolean" : false
    },
    {
      "extension" : [{
        "url" : "http://hl7.org/fhir/tools/StructureDefinition/resource-information",
        "valueString" : "ValueSet"
      }],
      "reference" : {
        "reference" : "ValueSet/VSTituloProfesional"
      },
      "name" : "TituloProfesional",
      "description" : "TituloProfesional",
      "exampleBoolean" : false
    },
    {
      "extension" : [{
        "url" : "http://hl7.org/fhir/tools/StructureDefinition/resource-information",
        "valueString" : "CodeSystem"
      }],
      "reference" : {
        "reference" : "CodeSystem/CSTituloProfesional"
      },
      "name" : "TituloProfesional",
      "description" : "TituloProfesional",
      "exampleBoolean" : false
    }],
    "page" : {
      "extension" : [{
        "url" : "http://hl7.org/fhir/tools/StructureDefinition/ig-page-name",
        "valueUrl" : "toc.html"
      }],
      "nameUrl" : "toc.html",
      "title" : "Table of Contents",
      "generation" : "html",
      "page" : [{
        "extension" : [{
          "url" : "http://hl7.org/fhir/tools/StructureDefinition/ig-page-name",
          "valueUrl" : "index.html"
        }],
        "nameUrl" : "index.html",
        "title" : "Index",
        "generation" : "markdown"
      },
      {
        "extension" : [{
          "url" : "http://hl7.org/fhir/tools/StructureDefinition/ig-page-name",
          "valueUrl" : "workflow.html"
        }],
        "nameUrl" : "workflow.html",
        "title" : "Workflow",
        "generation" : "markdown"
      },
      {
        "extension" : [{
          "url" : "http://hl7.org/fhir/tools/StructureDefinition/ig-page-name",
          "valueUrl" : "eventos_interoperabilidad_CNE.html"
        }],
        "nameUrl" : "eventos_interoperabilidad_CNE.html",
        "title" : "Eventos Interoperabilidad CNE",
        "generation" : "markdown"
      },
      {
        "extension" : [{
          "url" : "http://hl7.org/fhir/tools/StructureDefinition/ig-page-name",
          "valueUrl" : "rol_de_actores.html"
        }],
        "nameUrl" : "rol_de_actores.html",
        "title" : "Rol De Actores",
        "generation" : "markdown"
      },
      {
        "extension" : [{
          "url" : "http://hl7.org/fhir/tools/StructureDefinition/ig-page-name",
          "valueUrl" : "historias_de_usuario_segun_rol.html"
        }],
        "nameUrl" : "historias_de_usuario_segun_rol.html",
        "title" : "Historias De Usuario Segun Rol",
        "generation" : "markdown"
      },
      {
        "extension" : [{
          "url" : "http://hl7.org/fhir/tools/StructureDefinition/ig-page-name",
          "valueUrl" : "Eventos.html"
        }],
        "nameUrl" : "Eventos.html",
        "title" : "Eventos",
        "generation" : "markdown"
      },
      {
        "extension" : [{
          "url" : "http://hl7.org/fhir/tools/StructureDefinition/ig-page-name",
          "valueUrl" : "Transacciones.html"
        }],
        "nameUrl" : "Transacciones.html",
        "title" : "Transacciones",
        "generation" : "markdown"
      },
      {
        "extension" : [{
          "url" : "http://hl7.org/fhir/tools/StructureDefinition/ig-page-name",
          "valueUrl" : "artifacts.html"
        }],
        "nameUrl" : "artifacts.html",
        "title" : "Artifacts",
        "generation" : "html"
      },
      {
        "extension" : [{
          "url" : "http://hl7.org/fhir/tools/StructureDefinition/ig-page-name",
          "valueUrl" : "Mensajeria.html"
        }],
        "nameUrl" : "Mensajeria.html",
        "title" : "Mensajeria",
        "generation" : "markdown"
      },
      {
        "extension" : [{
          "url" : "http://hl7.org/fhir/tools/StructureDefinition/ig-page-name",
          "valueUrl" : "historial_de_cambios.html"
        }],
        "nameUrl" : "historial_de_cambios.html",
        "title" : "Historial De Cambios",
        "generation" : "markdown"
      }]
    },
    "parameter" : [{
      "code" : "path-resource",
      "value" : "input/capabilities"
    },
    {
      "code" : "path-resource",
      "value" : "input/examples"
    },
    {
      "code" : "path-resource",
      "value" : "input/extensions"
    },
    {
      "code" : "path-resource",
      "value" : "input/models"
    },
    {
      "code" : "path-resource",
      "value" : "input/operations"
    },
    {
      "code" : "path-resource",
      "value" : "input/profiles"
    },
    {
      "code" : "path-resource",
      "value" : "input/resources"
    },
    {
      "code" : "path-resource",
      "value" : "input/vocabulary"
    },
    {
      "code" : "path-resource",
      "value" : "input/maps"
    },
    {
      "code" : "path-resource",
      "value" : "input/testing"
    },
    {
      "code" : "path-resource",
      "value" : "input/history"
    },
    {
      "code" : "path-resource",
      "value" : "fsh-generated/resources"
    },
    {
      "code" : "path-pages",
      "value" : "template/config"
    },
    {
      "code" : "path-pages",
      "value" : "input/images"
    },
    {
      "code" : "path-tx-cache",
      "value" : "input-cache/txcache"
    }]
  }
}