{
  "resourceType" : "Observation",
  "id" : "EjemploObservationCuidador",
  "meta" : {
    "profile" : ["https://interoperabilidad.minsal.cl/fhir/ig/tei/StructureDefinition/ObservationIniciarCuidadorLE"]
  },
  "text" : {
    "status" : "generated",
    "div" : "<div xmlns=\"http://www.w3.org/1999/xhtml\"><p class=\"res-header-id\"><b>Generated Narrative: Observation EjemploObservationCuidador</b></p><a name=\"EjemploObservationCuidador\"> </a><a name=\"hcEjemploObservationCuidador\"> </a><a name=\"EjemploObservationCuidador-es-CL\"> </a><p><b>status</b>: Final</p><p><b>code</b>: <span title=\"Codes:{http://loinc.org 95385-1}\">Cuidador de una persona con dolencias relacionadas con la edad o enfermedades crónicas.</span></p><p><b>subject</b>: <a href=\"Patient-EjemploPatientLE.html\">María Josefina Gonzalez (official) Male, DoB: 1974-12-25 ( Rol Único Nacional:\u00a090000000-6\u00a0(use:\u00a0official,\u00a0))</a></p><p><b>value</b>: true</p></div>"
  },
  "status" : "final",
  "code" : {
    "coding" : [{
      "system" : "http://loinc.org",
      "code" : "95385-1",
      "display" : "Caregiver for person with age-related complaints, chronic diseases or frailty"
    }],
    "text" : "Cuidador de una persona con dolencias relacionadas con la edad o enfermedades crónicas."
  },
  "subject" : {
    "reference" : "Patient/EjemploPatientLE"
  },
  "valueBoolean" : true
}