{
  "resourceType" : "ValueSet",
  "id" : "PueblosOriginariosVS",
  "text" : {
    "status" : "generated",
    "div" : "<div xmlns=\"http://www.w3.org/1999/xhtml\"><p class=\"res-header-id\"><b>Generated Narrative: ValueSet PueblosOriginariosVS</b></p><a name=\"PueblosOriginariosVS\"> </a><a name=\"hcPueblosOriginariosVS\"> </a><a name=\"PueblosOriginariosVS-es-CL\"> </a><ul><li>Include all codes defined in <a href=\"CodeSystem-PueblosOriginariosCS.html\"><code>https://interoperabilidad.minsal.cl/fhir/ig/tei/CodeSystem/PueblosOriginariosCS</code></a></li></ul></div>"
  },
  "url" : "https://interoperabilidad.minsal.cl/fhir/ig/tei/ValueSet/PueblosOriginariosVS",
  "version" : "0.2.1",
  "name" : "PueblosOriginariosVS",
  "title" : "Pueblos Originarios de Chile",
  "status" : "draft",
  "experimental" : true,
  "date" : "2024-07-29T12:02:43-04:00",
  "publisher" : "Unidad de Interoperabilidad - MINSAL",
  "contact" : [{
    "name" : "Unidad de Interoperabilidad - MINSAL",
    "telecom" : [{
      "system" : "url",
      "value" : "https://interoperabilidad.minsal.cl"
    }]
  }],
  "description" : "Pueblos Originarios de Chile",
  "jurisdiction" : [{
    "coding" : [{
      "system" : "urn:iso:std:iso:3166",
      "code" : "CL",
      "display" : "Chile"
    }]
  }],
  "compose" : {
    "include" : [{
      "system" : "https://interoperabilidad.minsal.cl/fhir/ig/tei/CodeSystem/PueblosOriginariosCS"
    }]
  }
}