{
  "resourceType" : "ValueSet",
  "id" : "VSDerivadoParaCodigo",
  "text" : {
    "status" : "generated",
    "div" : "<div xmlns=\"http://www.w3.org/1999/xhtml\"><p class=\"res-header-id\"><b>Generated Narrative: ValueSet VSDerivadoParaCodigo</b></p><a name=\"VSDerivadoParaCodigo\"> </a><a name=\"hcVSDerivadoParaCodigo\"> </a><a name=\"VSDerivadoParaCodigo-es-CL\"> </a><ul><li>Include all codes defined in <a href=\"CodeSystem-CSDerivadoParaCodigo.html\"><code>https://interoperabilidad.minsal.cl/fhir/ig/tei/CodeSystem/CSDerivadoParaCodigo</code></a></li></ul></div>"
  },
  "url" : "https://interoperabilidad.minsal.cl/fhir/ig/tei/ValueSet/VSDerivadoParaCodigo",
  "version" : "0.2.1",
  "name" : "VSDerivadoParaCodigo",
  "title" : "Derivado Para",
  "status" : "active",
  "experimental" : false,
  "date" : "2023-01-15",
  "publisher" : "Unidad de Interoperabilidad - MINSAL",
  "contact" : [{
    "name" : "Unidad de Interoperabilidad - MINSAL",
    "telecom" : [{
      "system" : "url",
      "value" : "https://interoperabilidad.minsal.cl"
    }]
  }],
  "description" : "Derivado Para",
  "jurisdiction" : [{
    "coding" : [{
      "system" : "urn:iso:std:iso:3166",
      "code" : "CL",
      "display" : "Chile"
    }]
  }],
  "compose" : {
    "include" : [{
      "system" : "https://interoperabilidad.minsal.cl/fhir/ig/tei/CodeSystem/CSDerivadoParaCodigo"
    }]
  }
}