<?xml version="1.0" encoding="UTF-8"?>

<CodeSystem xmlns="http://hl7.org/fhir">
  <id value="CSTiposEstabPubHosp"/>
  <text>
    <status value="generated"/><div xmlns="http://www.w3.org/1999/xhtml"><p>This case-sensitive code system <code>https://interoperabilidad.minsal.cl/fhir/ig/mfr/CodeSystem/CSTiposEstabPubHosp</code> defines the following codes:</p><table class="codes"><tr><td style="white-space:nowrap"><b>Code</b></td><td><b>Display</b></td></tr><tr><td style="white-space:nowrap">1<a name="CSTiposEstabPubHosp-1"> </a></td><td>Hospitales</td></tr><tr><td style="white-space:nowrap">2<a name="CSTiposEstabPubHosp-2"> </a></td><td>Institutos</td></tr></table></div>
  </text>
  <url value="https://interoperabilidad.minsal.cl/fhir/ig/mfr/CodeSystem/CSTiposEstabPubHosp"/>
  <version value="0.1.1"/>
  <name value="CSTiposEstabPubHosp"/>
  <title value="Códigos para tipos de establecimientos públicos Hospitales"/>
  <status value="active"/>
  <experimental value="true"/>
  <date value="2024-01-29T00:00:00-03:00"/>
  <publisher value="Unidad de Interoperabilidad - MINSAL"/>
  <contact>
    <name value="Unidad de Interoperabilidad - MINSAL"/>
    <telecom>
      <system value="url"/>
      <value value="https://interoperabilidad.minsal.cl"/>
    </telecom>
  </contact>
  <description value="Códigos para lo tipos de establecimientos públicos Hospitales según Norma 820"/>
  <jurisdiction>
    <coding>
      <system value="urn:iso:std:iso:3166"/>
      <code value="CL"/>
      <display value="Chile"/>
    </coding>
  </jurisdiction>
  <caseSensitive value="true"/>
  <content value="complete"/>
  <count value="2"/>
  <concept>
    <code value="1"/>
    <display value="Hospitales"/>
  </concept>
  <concept>
    <code value="2"/>
    <display value="Institutos"/>
  </concept>
</CodeSystem>