<?xml version="1.0" encoding="UTF-8"?>

<CodeSystem xmlns="http://hl7.org/fhir">
  <id value="CSModalidadAtencion"/>
  <text>
    <status value="generated"/><div xmlns="http://www.w3.org/1999/xhtml"><p>This case-sensitive code system <code>https://interoperabilidad.minsal.cl/fhir/ig/mfr/CodeSystem/CSModalidadAtencion</code> defines the following codes:</p><table class="codes"><tr><td style="white-space:nowrap"><b>Code</b></td><td><b>Display</b></td></tr><tr><td style="white-space:nowrap">1<a name="CSModalidadAtencion-1"> </a></td><td>Abierta Ambulatoria</td></tr><tr><td style="white-space:nowrap">2<a name="CSModalidadAtencion-2"> </a></td><td>Cerrada Hospitalaria</td></tr><tr><td style="white-space:nowrap">3<a name="CSModalidadAtencion-3"> </a></td><td>Abierta y Cerrada</td></tr><tr><td style="white-space:nowrap">99<a name="CSModalidadAtencion-99"> </a></td><td>No Aplica</td></tr></table></div>
  </text>
  <url value="https://interoperabilidad.minsal.cl/fhir/ig/mfr/CodeSystem/CSModalidadAtencion"/>
  <version value="0.1.4"/>
  <name value="CSModalidadAtencion"/>
  <title value="Modalidad atención prestador"/>
  <status value="active"/>
  <experimental value="true"/>
  <date value="2024-01-29T00:00:00-03:00"/>
  <publisher value="Unidad de Interoperabilidad - MINSAL"/>
  <contact>
    <name value="Unidad de Interoperabilidad - MINSAL"/>
    <telecom>
      <system value="url"/>
      <value value="https://interoperabilidad.minsal.cl"/>
    </telecom>
  </contact>
  <description value="Modalidad atención"/>
  <jurisdiction>
    <coding>
      <system value="urn:iso:std:iso:3166"/>
      <code value="CL"/>
      <display value="Chile"/>
    </coding>
  </jurisdiction>
  <caseSensitive value="true"/>
  <content value="complete"/>
  <count value="4"/>
  <concept>
    <code value="1"/>
    <display value="Abierta Ambulatoria"/>
  </concept>
  <concept>
    <code value="2"/>
    <display value="Cerrada Hospitalaria"/>
  </concept>
  <concept>
    <code value="3"/>
    <display value="Abierta y Cerrada"/>
  </concept>
  <concept>
    <code value="99"/>
    <display value="No Aplica"/>
  </concept>
</CodeSystem>