{
  "resourceType" : "CodeSystem",
  "id" : "indicacion-hospitalizacion",
  "text" : {
    "status" : "generated",
    "div" : "<div xmlns=\"http://www.w3.org/1999/xhtml\"><p class=\"res-header-id\"><b>Generated Narrative: CodeSystem indicacion-hospitalizacion</b></p><a name=\"indicacion-hospitalizacion\"> </a><a name=\"hcindicacion-hospitalizacion\"> </a><a name=\"indicacion-hospitalizacion-es-CL\"> </a><p>This case-insensitive code system <code>https://interoperabilidad.minsal.cl/fhir/ig/urgencia/CodeSystem/indicacion-hospitalizacion</code> defines the following codes:</p><table class=\"codes\"><tr><td style=\"white-space:nowrap\"><b>Code</b></td><td><b>Display</b></td></tr><tr><td style=\"white-space:nowrap\">1<a name=\"indicacion-hospitalizacion-1\"> </a></td><td>Hospitalización mismo establecimiento</td></tr><tr><td style=\"white-space:nowrap\">2<a name=\"indicacion-hospitalizacion-2\"> </a></td><td>Hospitalización domiciliaria</td></tr><tr><td style=\"white-space:nowrap\">3<a name=\"indicacion-hospitalizacion-3\"> </a></td><td>Rechaza hospitalización</td></tr><tr><td style=\"white-space:nowrap\">4<a name=\"indicacion-hospitalizacion-4\"> </a></td><td>Hospitalización administrativa</td></tr></table></div>"
  },
  "url" : "https://interoperabilidad.minsal.cl/fhir/ig/urgencia/CodeSystem/indicacion-hospitalizacion",
  "version" : "0.1.0",
  "name" : "CSIndicacionHospitalizacion",
  "title" : "Indicación Hospitalización",
  "status" : "draft",
  "experimental" : false,
  "date" : "2024-12-13T10:10:51-03:00",
  "publisher" : "Unidad de Interoperabilidad - MINSAL",
  "contact" : [{
    "name" : "Unidad de Interoperabilidad - MINSAL",
    "telecom" : [{
      "system" : "url",
      "value" : "https://interoperabilidad.minsal.cl"
    }]
  },
  {
    "name" : "Roberto Araneda",
    "telecom" : [{
      "system" : "email",
      "value" : "roberto.araneda@chiledata.cl",
      "use" : "work"
    }]
  },
  {
    "name" : "John Díaz",
    "telecom" : [{
      "system" : "email",
      "value" : "john.diaz@chiledata.cl",
      "use" : "work"
    }]
  }],
  "description" : "Códigos asociados al destino de hospitalización dados por parte del profesional médico al usuario posterior a su atención de urgencia.",
  "jurisdiction" : [{
    "coding" : [{
      "system" : "urn:iso:std:iso:3166",
      "code" : "CL",
      "display" : "Chile"
    }]
  }],
  "caseSensitive" : false,
  "content" : "complete",
  "count" : 4,
  "concept" : [{
    "code" : "1",
    "display" : "Hospitalización mismo establecimiento"
  },
  {
    "code" : "2",
    "display" : "Hospitalización domiciliaria"
  },
  {
    "code" : "3",
    "display" : "Rechaza hospitalización"
  },
  {
    "code" : "4",
    "display" : "Hospitalización administrativa"
  }]
}