<?xml version="1.0" encoding="UTF-8"?>

<Condition xmlns="http://hl7.org/fhir">
  <id value="e27704ff-fa1a-4750-9d23-36ce567f35b0"/>
  <meta>
    <profile value="https://interoperabilidad.minsal.cl/fhir/ig/urgencia/StructureDefinition/CondicionHipotesisDiagnostica"/>
  </meta>
  <text>
    <status value="generated"/><div xmlns="http://www.w3.org/1999/xhtml"><p class="res-header-id"><b>Generated Narrative: Condition e27704ff-fa1a-4750-9d23-36ce567f35b0</b></p><a name="e27704ff-fa1a-4750-9d23-36ce567f35b0"> </a><a name="hce27704ff-fa1a-4750-9d23-36ce567f35b0"> </a><a name="e27704ff-fa1a-4750-9d23-36ce567f35b0-es-CL"> </a><p><b>clinicalStatus</b>: <span title="Codes:{http://terminology.hl7.org/CodeSystem/condition-clinical active}">Active</span></p><p><b>verificationStatus</b>: <span title="Codes:{http://terminology.hl7.org/CodeSystem/condition-ver-status provisional}">Provisional</span></p><p><b>category</b>: <span title="Codes:{http://terminology.hl7.org/CodeSystem/condition-category encounter-diagnosis}">Encounter Diagnosis</span></p><p><b>code</b>: <span title="Codes:{http://hl7.org/fhir/sid/icd-10 K35}">Acute appendicitis</span></p><p><b>subject</b>: <a href="Patient-6ec6dc25-4b65-4165-a545-9b796f60b997.html">Maria Josefína Perez Gonzalez(official) Female, DoB: 1974-12-25 ( Rol Único Nacional: 90000000-6 (use: official, ))</a></p><p><b>encounter</b>: <a href="Encounter-d1391b7b-302a-49f8-a908-8116599e137e.html">Encounter: extension = FONASA,false; identifier = 126402-0025; status = in-progress; class = emergency (ActCode#EMER); priority = Atención Prioritaria; period = 2024-10-25 13:18:00-0400 --&gt; (ongoing); reasonCode = </a></p><p><b>recorder</b>: <a href="Practitioner-190cd208-48b1-4920-a283-6bc37cbde13a.html">Practitioner Luis Gonzalez (official)</a></p><p><b>note</b>: Paciente con dolor abdominal agudo, compatible con apendicitis aguda.</p></div>
  </text>
  <clinicalStatus>
    <coding>
      <system value="http://terminology.hl7.org/CodeSystem/condition-clinical"/>
      <code value="active"/>
    </coding>
  </clinicalStatus>
  <verificationStatus>
    <coding>
      <system value="http://terminology.hl7.org/CodeSystem/condition-ver-status"/>
      <code value="provisional"/>
    </coding>
  </verificationStatus>
  <category>
    <coding>
      <system value="http://terminology.hl7.org/CodeSystem/condition-category"/>
      <code value="encounter-diagnosis"/>
    </coding>
  </category>
  <code>
    <coding>
      <system value="http://hl7.org/fhir/sid/icd-10"/>
      <code value="K35"/>
      <display value="Acute appendicitis"/>
    </coding>
  </code>
  <subject>
    <reference value="Patient/6ec6dc25-4b65-4165-a545-9b796f60b997"/>
  </subject>
  <encounter>
    <reference value="Encounter/d1391b7b-302a-49f8-a908-8116599e137e"/>
  </encounter>
  <recorder>
    <reference value="Practitioner/190cd208-48b1-4920-a283-6bc37cbde13a"/>
  </recorder>
  <note>
    <text value="Paciente con dolor abdominal agudo, compatible con apendicitis aguda."/>
  </note>
</Condition>