<?xml version="1.0" encoding="UTF-8"?>

<Practitioner xmlns="http://hl7.org/fhir">
  <id value="Ej1PractitionerUrgencia"/>
  <meta>
    <profile value="https://interoperabilidad.minsal.cl/fhir/ig/urgencia/StructureDefinition/PrestadorProfesional"/>
  </meta>
  <text>
    <status value="generated"/><div xmlns="http://www.w3.org/1999/xhtml"><p class="res-header-id"><b>Generated Narrative: Practitioner Ej1PractitionerUrgencia</b></p><a name="Ej1PractitionerUrgencia"> </a><a name="hcEj1PractitionerUrgencia"> </a><a name="Ej1PractitionerUrgencia-es-CL"> </a><p><b>identifier</b>: RUN/12345678-9 (use: official, )</p><p><b>name</b>: Juan Carlos Perez Gonzalez(Official)</p><p><b>birthDate</b>: 1980-01-01</p><h3>Qualifications</h3><table class="grid"><tr><td style="display: none">-</td><td><b>Identifier</b></td><td><b>Code</b></td></tr><tr><td style="display: none">*</td><td>cert</td><td><span title="Codes:{https://interoperabilidad.minsal.cl/fhir/ig/urgencia/CodeSystem/TituloProfesional 1}">MÉDICO CIRUJANO</span></td></tr></table></div>
  </text>
  <identifier>
    <use value="official"/>
    <type>
      <coding>
        <system value="https://hl7chile.cl/fhir/ig/clcore/CodeSystem/CSTipoIdentificador"/>
        <code value="01"/>
      </coding>
    </type>
    <system value="http://www.registrocivil.cl"/>
    <value value="12345678-9"/>
  </identifier>
  <name>
    <use value="official"/>
    <text value="Juan Carlos Perez Gonzalez"/>
    <family value="Perez">
      <extension url="https://hl7chile.cl/fhir/ig/clcore/StructureDefinition/SegundoApellido">
        <valueString value="Gonzalez"/>
      </extension>
    </family>
    <given value="Juan"/>
    <given value="Carlos"/>
  </name>
  <birthDate value="1980-01-01"/>
  <qualification>
    <identifier>
      <value value="cert"/>
    </identifier>
    <code>
      <coding>
        <system value="https://interoperabilidad.minsal.cl/fhir/ig/urgencia/CodeSystem/TituloProfesional"/>
        <code value="1"/>
        <display value="MÉDICO CIRUJANO"/>
      </coding>
    </code>
  </qualification>
</Practitioner>