"Id","Path","Slice Name","Alias(s)","Label","Min","Max","Must Support?","Is Modifier?","Is Summary?","Type(s)","Short","Definition","Comments","Requirements","Default Value","Meaning When Missing","Fixed Value","Pattern","Example","Minimum Value","Maximum Value","Maximum Length","Binding Strength","Binding Description","Binding Value Set","Code","Slicing Discriminator","Slicing Description","Slicing Ordered","Slicing Rules","Base Path","Base Min","Base Max","Condition(s)","Constraint(s)","Mapping: RIM Mapping","Mapping: FiveWs Pattern Mapping","Mapping: HL7 v2 Mapping"
"RelatedPerson","RelatedPerson","","","",0,*,"","","","null {[]} {[]}
","A person that is related to a patient, but who is not a direct target of care","Information about a person that is involved in the care for a patient, but who is not the target of healthcare, nor has a formal responsibility in the care process.","","","","","","","","","",,,,,"",,,,"RelatedPerson",0,*,"","dom-2:If the resource is contained in another resource, it SHALL NOT contain nested Resources {contained.contained.empty()}
dom-3:If the resource is contained in another resource, it SHALL be referred to from elsewhere in the resource or SHALL refer to the containing resource {contained.where((('#'+id in (%resource.descendants().reference | %resource.descendants().as(canonical) | %resource.descendants().as(uri) | %resource.descendants().as(url))) or descendants().where(reference = '#').exists() or descendants().where(as(canonical) = '#').exists() or descendants().where(as(canonical) = '#').exists()).not()).trace('unmatched', id).empty()}dom-4:If a resource is contained in another resource, it SHALL NOT have a meta.versionId or a meta.lastUpdated {contained.meta.versionId.empty() and contained.meta.lastUpdated.empty()}dom-5:If a resource is contained in another resource, it SHALL NOT have a security label {contained.meta.security.empty()}dom-6:A resource should have narrative for robust management {text.`div`.exists()}","Entity. Role, or Act","role"
"RelatedPerson.id","RelatedPerson.id","","","",0,1,"","","Y","id {[]} {[]}
","Logical id of this artifact","The logical id of the resource, as used in the URL for the resource. Once assigned, this value never changes.","The only time that a resource does not have an id is when it is being submitted to the server using a create operation.","","","","","","","","",,,,,"",,,,"Resource.id",0,1,"",""
"RelatedPerson.meta","RelatedPerson.meta","","","",0,1,"","","Y","Meta {[]} {[]}
","Metadata about the resource","The metadata about the resource. This is content that is maintained by the infrastructure. Changes to the content might not always be associated with version changes to the resource.","","","","","","","","","",,,,,"",,,,"Resource.meta",0,1,"","ele-1:All FHIR elements must have a @value or children {hasValue() or (children().count() > id.count())}
"
"RelatedPerson.implicitRules","RelatedPerson.implicitRules","","","",0,1,"","Y","Y","uri {[]} {[]}
","A set of rules under which this content was created","A reference to a set of rules that were followed when the resource was constructed, and which must be understood when processing the content. Often, this is a reference to an implementation guide that defines the special rules along with other profiles etc.","Asserting this rule set restricts the content to be only understood by a limited set of trading partners. This inherently limits the usefulness of the data in the long term. However, the existing health eco-system is highly fractured, and not yet ready to define, collect, and exchange data in a generally computable sense. Wherever possible, implementers and/or specification writers should avoid using this element. Often, when used, the URL is a reference to an implementation guide that defines these special rules as part of it's narrative along with other profiles, value sets, etc.","","","","","","","","",,,,,"",,,,"Resource.implicitRules",0,1,"","ele-1:All FHIR elements must have a @value or children {hasValue() or (children().count() > id.count())}
"
"RelatedPerson.language","RelatedPerson.language","","","",0,1,"","","","code {[]} {[]}
","Language of the resource content","The base language in which the resource is written.","Language is provided to support indexing and accessibility (typically, services such as text to speech use the language tag). The html language tag in the narrative applies  to the narrative. The language tag on the resource may be used to specify the language of other presentations generated from the data in the resource. Not all the content has to be in the base language. The Resource.language should not be assumed to apply to the narrative automatically. If a language is specified, it should it also be specified on the div element in the html (see rules in HTML5 for information about the relationship between xml:lang and the html lang attribute).","","","","","","","","",,"preferred","A human language.","http://hl7.org/fhir/ValueSet/languages","",,,,"Resource.language",0,1,"","ele-1:All FHIR elements must have a @value or children {hasValue() or (children().count() > id.count())}
"
"RelatedPerson.text","RelatedPerson.text","","narrative
htmlxhtmldisplay","",0,1,"","","","Narrative {[]} {[]}
","Text summary of the resource, for human interpretation","A human-readable narrative that contains a summary of the resource and can be used to represent the content of the resource to a human. The narrative need not encode all the structured data, but is required to contain sufficient detail to make it ""clinically safe"" for a human to just read the narrative. Resource definitions may define what content should be represented in the narrative to ensure clinical safety.","Contained resources do not have narrative. Resources that are not contained SHOULD have a narrative. In some cases, a resource may only have text with little or no additional discrete data (as long as all minOccurs=1 elements are satisfied).  This may be necessary for data from legacy systems where information is captured as a ""text blob"" or where text is additionally entered raw or narrated and encoded information is added later.","","","","","","","","",,,,,"",,,,"DomainResource.text",0,1,"","ele-1:All FHIR elements must have a @value or children {hasValue() or (children().count() > id.count())}
","Act.text?"
"RelatedPerson.contained","RelatedPerson.contained","","inline resources
anonymous resourcescontained resources","",0,*,"","","","Resource {[]} {[]}
","Contained, inline Resources","These resources do not have an independent existence apart from the resource that contains them - they cannot be identified independently, and nor can they have their own independent transaction scope.","This should never be done when the content can be identified properly, as once identification is lost, it is extremely difficult (and context dependent) to restore it again. Contained resources may have profiles and tags In their meta elements, but SHALL NOT have security labels.","","","","","","","","",,,,,"",,,,"DomainResource.contained",0,*,"","","N/A"
"RelatedPerson.extension","RelatedPerson.extension","","extensions
user content","",0,*,"","","","Extension {[]} {[]}
","Additional content defined by implementations","May be used to represent additional information that is not part of the basic definition of the resource. To make the use of extensions safe and manageable, there is a strict set of governance  applied to the definition and use of extensions. Though any implementer can define an extension, there is a set of requirements that SHALL be met as part of the definition of the extension.","There can be no stigma associated with the use of extensions by any application, project, or standard - regardless of the institution or jurisdiction that uses or defines the extensions.  The use of extensions is what allows the FHIR specification to retain a core level of simplicity for everyone.","","","","","","","","",,,,,"",,,,"DomainResource.extension",0,*,"","ele-1:All FHIR elements must have a @value or children {hasValue() or (children().count() > id.count())}
ext-1:Must have either extensions or value[x], not both {extension.exists() != value.exists()}","N/A"
"RelatedPerson.modifierExtension","RelatedPerson.modifierExtension","","extensions
user content","",0,*,"","Y","","Extension {[]} {[]}
","Extensions that cannot be ignored","May be used to represent additional information that is not part of the basic definition of the resource and that modifies the understanding of the element that contains it and/or the understanding of the containing element's descendants. Usually modifier elements provide negation or qualification. To make the use of extensions safe and manageable, there is a strict set of governance applied to the definition and use of extensions. Though any implementer is allowed to define an extension, there is a set of requirements that SHALL be met as part of the definition of the extension. Applications processing a resource are required to check for modifier extensions.

Modifier extensions SHALL NOT change the meaning of any elements on Resource or DomainResource (including cannot change the meaning of modifierExtension itself).","There can be no stigma associated with the use of extensions by any application, project, or standard - regardless of the institution or jurisdiction that uses or defines the extensions.  The use of extensions is what allows the FHIR specification to retain a core level of simplicity for everyone.","Modifier extensions allow for extensions that *cannot* be safely ignored to be clearly distinguished from the vast majority of extensions which can be safely ignored.  This promotes interoperability by eliminating the need for implementers to prohibit the presence of extensions. For further information, see the [definition of modifier extensions](http://hl7.org/fhir/R4/extensibility.html#modifierExtension).","","","","","","","",,,,,"",,,,"DomainResource.modifierExtension",0,*,"","ele-1:All FHIR elements must have a @value or children {hasValue() or (children().count() > id.count())}
ext-1:Must have either extensions or value[x], not both {extension.exists() != value.exists()}","N/A"
"RelatedPerson.identifier","RelatedPerson.identifier","","","",0,*,"","","Y","Identifier {[]} {[]}
","A human identifier for this person","Identifier for a person within a particular scope.","","People are known by a variety of ids. Some institutions maintain several, and most collect identifiers for exchange with other organizations concerning the patient. Examples are national person identifier and local identifier.","","","","","","","",,,,,"",,,,"RelatedPerson.identifier",0,*,"","ele-1:All FHIR elements must have a @value or children {hasValue() or (children().count() > id.count())}
",".id","FiveWs.identifier","NK1-33"
"RelatedPerson.active","RelatedPerson.active","","","",0,1,"","Y","Y","boolean {[]} {[]}
","Whether this related person's record is in active use","Whether this related person record is in active use.","This element is labeled as a modifier because it may be used to mark that the resource was created in error.","Need to be able to mark a related person record as not to be used, such as if it was created in error.","","This resource is generally assumed to be active if no value is provided for the active element","","","","","",,,,,"",,,,"RelatedPerson.active",0,1,"","ele-1:All FHIR elements must have a @value or children {hasValue() or (children().count() > id.count())}
",".statusCode","FiveWs.status"
"RelatedPerson.patient","RelatedPerson.patient","","","",1,1,"","","Y","Reference {[]} {[CanonicalType[https://interoperabilidad.minsal.cl/fhir/ig/urgencia/StructureDefinition/PatientUrg]]}
","Paciente al que acompaña","The patient this person is related to.","","We need to know which patient this RelatedPerson is related to.","","","","","","","",,,,,"",,,,"RelatedPerson.patient",1,1,"","ele-1:All FHIR elements must have a @value or children {hasValue() or (children().count() > id.count())}
","scoper[classCode=PSN|ANM and determinerCode='INSTANCE']/playedRole[classCode='PAT']/id","PID-3"
"RelatedPerson.relationship","RelatedPerson.relationship","","","",1,1,"Y","","Y","CodeableConcept {[]} {[]}
","Relación con el paciente","Tipo de relación que tiene el acompañante con el paciente.","","We need to know the relationship with the patient since it influences the interpretation of the information attributed to this person.","","","","","","","",,"required","","https://interoperabilidad.minsal.cl/fhir/ig/urgencia/ValueSet/RelacionAcompanante","",,,,"RelatedPerson.relationship",0,*,"","ele-1:All FHIR elements must have a @value or children {hasValue() or (children().count() > id.count())}
","code","FiveWs.class","NK1-3"
"RelatedPerson.name","RelatedPerson.name","","","",1,1,"Y","","Y","HumanName {[]} {[]}
","Nombre del acompañante.","Nombre de la persona que acompaña al paciente en la atención de urgencia.","","Related persons need to be identified by name, but it is uncommon to need details about multiple other names for that person.","","","","","","","",,,,,"",,,,"RelatedPerson.name",0,*,"","ele-1:All FHIR elements must have a @value or children {hasValue() or (children().count() > id.count())}
","name","NK1-2"
"RelatedPerson.name.id","RelatedPerson.name.id","","","",0,1,"","","","string {[]} {[]}
","Unique id for inter-element referencing","Unique id for the element within a resource (for internal references). This may be any string value that does not contain spaces.","","","","","","","","","",,,,,"",,,,"Element.id",0,1,"","","n/a"
"RelatedPerson.name.extension","RelatedPerson.name.extension","","extensions
user content","",0,*,"","","","Extension {[]} {[]}
","Additional content defined by implementations","May be used to represent additional information that is not part of the basic definition of the element. To make the use of extensions safe and manageable, there is a strict set of governance  applied to the definition and use of extensions. Though any implementer can define an extension, there is a set of requirements that SHALL be met as part of the definition of the extension.","There can be no stigma associated with the use of extensions by any application, project, or standard - regardless of the institution or jurisdiction that uses or defines the extensions.  The use of extensions is what allows the FHIR specification to retain a core level of simplicity for everyone.","","","","","","","","",,,,,"","value:url}
","Extensions are always sliced by (at least) url",,"open","Element.extension",0,*,"","ele-1:All FHIR elements must have a @value or children {hasValue() or (children().count() > id.count())}
ext-1:Must have either extensions or value[x], not both {extension.exists() != value.exists()}","n/a"
"RelatedPerson.name.use","RelatedPerson.name.use","","","",0,1,"","Y","Y","code {[]} {[]}
","usual | official | temp | nickname | anonymous | old | maiden","Identifies the purpose for this name.","Applications can assume that a name is current unless it explicitly says that it is temporary or old.","Allows the appropriate name for a particular context of use to be selected from among a set of names.","","","","","","","",,"required","The use of a human name.","http://hl7.org/fhir/ValueSet/name-use|4.0.1","",,,,"HumanName.use",0,1,"","ele-1:All FHIR elements must have a @value or children {hasValue() or (children().count() > id.count())}
","unique(./use)","XPN.7, but often indicated by which field contains the name"
"RelatedPerson.name.text","RelatedPerson.name.text","","","",0,1,"","","Y","string {[]} {[]}
","Text representation of the full name","Specifies the entire name as it should be displayed e.g. on an application UI. This may be provided instead of or as well as the specific parts.","Can provide both a text representation and parts. Applications updating a name SHALL ensure that when both text and parts are present,  no content is included in the text that isn't found in a part.","A renderable, unencoded form.","","","","","","","",,,,,"",,,,"HumanName.text",0,1,"","ele-1:All FHIR elements must have a @value or children {hasValue() or (children().count() > id.count())}
","./formatted","implied by XPN.11"
"RelatedPerson.name.family","RelatedPerson.name.family","","surname
","",1,1,"Y","","Y","string {[]} {[]}
","Primer Apellido del acompañante","The part of a name that links to the genealogy. In some cultures (e.g. Eritrea) the family name of a son is the first name of his father.","Family Name may be decomposed into specific parts using extensions (de, nl, es related cultures).","","","","","","","","",,,,,"",,,,"HumanName.family",0,1,"","ele-1:All FHIR elements must have a @value or children {hasValue() or (children().count() > id.count())}
","./part[partType = FAM]","XPN.1/FN.1"
"RelatedPerson.name.family.id","RelatedPerson.name.family.id","","","",0,1,"","","","string {[]} {[]}
","xml:id (or equivalent in JSON)","unique id for the element within a resource (for internal references)","","","","","","","","","",,,,,"",,,,"Element.id",0,1,"",""
"RelatedPerson.name.family.extension","RelatedPerson.name.family.extension","","","",0,*,"","","","Extension {[]} {[]}
","Extension","An Extension","","","","","","","","","",,,,,"","value:url}
","",,"open","Element.extension",0,*,"","ele-1:All FHIR elements must have a @value or children {hasValue() or (children().count() > id.count())}
ext-1:Must have either extensions or value[x], not both {extension.exists() != value.exists()}"
"RelatedPerson.name.family.extension:segundoApellido","RelatedPerson.name.family.extension","segundoApellido","","",0,1,"Y","","","Extension {[CanonicalType[https://hl7chile.cl/fhir/ig/clcore/StructureDefinition/SegundoApellido]]} {[]}
","Segundo Apellido del acompañante","Segundo Apellido","","","","","","","","","",,,,,"",,,,"Element.extension",0,*,"ele-1
","ele-1:All FHIR elements must have a @value or children {hasValue() or (children().count() > id.count())}
ext-1:Must have either extensions or value[x], not both {extension.exists() != value.exists()}"
"RelatedPerson.name.family.value","RelatedPerson.name.family.value","","","",0,1,"","","","string {[]} {[]}
","Primitive value for string","The actual value","","","","","","","","","",1048576,,,,"",,,,"string.value",0,1,"",""
"RelatedPerson.name.given","RelatedPerson.name.given","","first name
middle name","",1,*,"Y","","Y","string {[]} {[]}
","Nombre del acompañante","Given name.","If only initials are recorded, they may be used in place of the full name parts. Initials may be separated into multiple given names but often aren't due to paractical limitations.  This element is not called ""first name"" since given names do not always come first.","","","","","","","","",,,,,"",,,,"HumanName.given",0,*,"","ele-1:All FHIR elements must have a @value or children {hasValue() or (children().count() > id.count())}
","./part[partType = GIV]","XPN.2 + XPN.3"
"RelatedPerson.name.prefix","RelatedPerson.name.prefix","","","",0,*,"","","Y","string {[]} {[]}
","Parts that come before the name","Part of the name that is acquired as a title due to academic, legal, employment or nobility status, etc. and that appears at the start of the name.","","","","","","","","","",,,,,"",,,,"HumanName.prefix",0,*,"","ele-1:All FHIR elements must have a @value or children {hasValue() or (children().count() > id.count())}
","./part[partType = PFX]","XPN.5"
"RelatedPerson.name.suffix","RelatedPerson.name.suffix","","","",0,*,"","","Y","string {[]} {[]}
","Parts that come after the name","Part of the name that is acquired as a title due to academic, legal, employment or nobility status, etc. and that appears at the end of the name.","","","","","","","","","",,,,,"",,,,"HumanName.suffix",0,*,"","ele-1:All FHIR elements must have a @value or children {hasValue() or (children().count() > id.count())}
","./part[partType = SFX]","XPN/4"
"RelatedPerson.name.period","RelatedPerson.name.period","","","",0,1,"","","Y","Period {[]} {[]}
","Time period when name was/is in use","Indicates the period of time when this name was valid for the named person.","","Allows names to be placed in historical context.","","","","","","","",,,,,"",,,,"HumanName.period",0,1,"","ele-1:All FHIR elements must have a @value or children {hasValue() or (children().count() > id.count())}
","./usablePeriod[type=""IVL<TS>""]","XPN.13 + XPN.14"
"RelatedPerson.telecom","RelatedPerson.telecom","","","",0,*,"","","Y","ContactPoint {[]} {[]}
","Información de contacto del acompañante","A contact detail for the person, e.g. a telephone number or an email address.","Person may have multiple ways to be contacted with different uses or applicable periods.  May need to have options for contacting the person urgently, and also to help with identification.","People have (primary) ways to contact them in some way such as phone, email.","","","","","","","",,,,,"",,,,"RelatedPerson.telecom",0,*,"","ele-1:All FHIR elements must have a @value or children {hasValue() or (children().count() > id.count())}
","telecom","NK1-5 / NK1-6 / NK1-40"
"RelatedPerson.telecom.id","RelatedPerson.telecom.id","","","",0,1,"","","","string {[]} {[]}
","Unique id for inter-element referencing","Unique id for the element within a resource (for internal references). This may be any string value that does not contain spaces.","","","","","","","","","",,,,,"",,,,"Element.id",0,1,"","","n/a"
"RelatedPerson.telecom.extension","RelatedPerson.telecom.extension","","extensions
user content","",0,*,"","","","Extension {[]} {[]}
","Additional content defined by implementations","May be used to represent additional information that is not part of the basic definition of the element. To make the use of extensions safe and manageable, there is a strict set of governance  applied to the definition and use of extensions. Though any implementer can define an extension, there is a set of requirements that SHALL be met as part of the definition of the extension.","There can be no stigma associated with the use of extensions by any application, project, or standard - regardless of the institution or jurisdiction that uses or defines the extensions.  The use of extensions is what allows the FHIR specification to retain a core level of simplicity for everyone.","","","","","","","","",,,,,"","value:url}
","Extensions are always sliced by (at least) url",,"open","Element.extension",0,*,"","ele-1:All FHIR elements must have a @value or children {hasValue() or (children().count() > id.count())}
ext-1:Must have either extensions or value[x], not both {extension.exists() != value.exists()}","n/a"
"RelatedPerson.telecom.system","RelatedPerson.telecom.system","","","",0,1,"Y","","Y","code {[]} {[]}
","phone | fax | email | pager | url | sms | other","Telecommunications form for contact point - what communications system is required to make use of the contact.","","","","","","","","","",,"required","Telecommunications form for contact point.","http://hl7.org/fhir/ValueSet/contact-point-system|4.0.1","",,,,"ContactPoint.system",0,1,"cpt-2
","ele-1:All FHIR elements must have a @value or children {hasValue() or (children().count() > id.count())}
","./scheme","XTN.3"
"RelatedPerson.telecom.value","RelatedPerson.telecom.value","","","",0,1,"Y","","Y","string {[]} {[]}
","Dato de contacto del acompañante","The actual contact point details, in a form that is meaningful to the designated communication system (i.e. phone number or email address).","Additional text data such as phone extension numbers, or notes about use of the contact are sometimes included in the value.","Need to support legacy numbers that are not in a tightly controlled format.","","","","","","","",,,,,"",,,,"ContactPoint.value",0,1,"","ele-1:All FHIR elements must have a @value or children {hasValue() or (children().count() > id.count())}
","./url","XTN.1 (or XTN.12)"
"RelatedPerson.telecom.use","RelatedPerson.telecom.use","","","",0,1,"Y","Y","Y","code {[]} {[]}
","home | work | temp | old | mobile - purpose of this contact point","Identifies the purpose for the contact point.","Applications can assume that a contact is current unless it explicitly says that it is temporary or old.","Need to track the way a person uses this contact, so a user can choose which is appropriate for their purpose.","","","","","","","",,"required","Use of contact point.","http://hl7.org/fhir/ValueSet/contact-point-use|4.0.1","",,,,"ContactPoint.use",0,1,"","ele-1:All FHIR elements must have a @value or children {hasValue() or (children().count() > id.count())}
","unique(./use)","XTN.2 - but often indicated by field"
"RelatedPerson.telecom.rank","RelatedPerson.telecom.rank","","","",0,1,"","","Y","positiveInt {[]} {[]}
","Specify preferred order of use (1 = highest)","Specifies a preferred order in which to use a set of contacts. ContactPoints with lower rank values are more preferred than those with higher rank values.","Note that rank does not necessarily follow the order in which the contacts are represented in the instance.","","","","","","","","",,,,,"",,,,"ContactPoint.rank",0,1,"","ele-1:All FHIR elements must have a @value or children {hasValue() or (children().count() > id.count())}
","n/a","n/a"
"RelatedPerson.telecom.period","RelatedPerson.telecom.period","","","",0,1,"","","Y","Period {[]} {[]}
","Time period when the contact point was/is in use","Time period when the contact point was/is in use.","","","","","","","","","",,,,,"",,,,"ContactPoint.period",0,1,"","ele-1:All FHIR elements must have a @value or children {hasValue() or (children().count() > id.count())}
","./usablePeriod[type=""IVL<TS>""]","N/A"
"RelatedPerson.gender","RelatedPerson.gender","","","",0,1,"","","Y","code {[]} {[]}
","male | female | other | unknown","Administrative Gender - the gender that the person is considered to have for administration and record keeping purposes.","","Needed for identification of the person, in combination with (at least) name and birth date.","","","","","","","",,"required","The gender of a person used for administrative purposes.","http://hl7.org/fhir/ValueSet/administrative-gender|4.0.1","",,,,"RelatedPerson.gender",0,1,"","ele-1:All FHIR elements must have a @value or children {hasValue() or (children().count() > id.count())}
","administrativeGender","NK1-15"
"RelatedPerson.birthDate","RelatedPerson.birthDate","","","",0,1,"","","Y","date {[]} {[]}
","The date on which the related person was born","The date on which the related person was born.","","","","","","","","","",,,,,"",,,,"RelatedPerson.birthDate",0,1,"","ele-1:All FHIR elements must have a @value or children {hasValue() or (children().count() > id.count())}
","player.birthTime"
"RelatedPerson.address","RelatedPerson.address","","","",0,*,"","","Y","Address {[]} {[]}
","Address where the related person can be contacted or visited","Address where the related person can be contacted or visited.","","Need to keep track where the related person can be contacted per postal mail or visited.","","","","","","","",,,,,"",,,,"RelatedPerson.address",0,*,"","ele-1:All FHIR elements must have a @value or children {hasValue() or (children().count() > id.count())}
","addr","NK1-4"
"RelatedPerson.photo","RelatedPerson.photo","","","",0,*,"","","","Attachment {[]} {[]}
","Image of the person","Image of the person.","","Many EHR systems have the capability to capture an image of persons. Fits with newer social media usage too.","","","","","","","",,,,,"",,,,"RelatedPerson.photo",0,*,"","ele-1:All FHIR elements must have a @value or children {hasValue() or (children().count() > id.count())}
","player[classCode='PSN' and determinerCode='INSTANCE']/desc","OBX-5 - needs a profile"
"RelatedPerson.period","RelatedPerson.period","","","",0,1,"","","","Period {[]} {[]}
","Period of time that this relationship is considered valid","The period of time during which this relationship is or was active. If there are no dates defined, then the interval is unknown.","","","","","","","","","",,,,,"",,,,"RelatedPerson.period",0,1,"","ele-1:All FHIR elements must have a @value or children {hasValue() or (children().count() > id.count())}
",".effectiveTime","FiveWs.done[x]"
"RelatedPerson.communication","RelatedPerson.communication","","","",0,*,"","","","BackboneElement {[]} {[]}
","A language which may be used to communicate with about the patient's health","A language which may be used to communicate with about the patient's health.","If no language is specified, this *implies* that the default local language is spoken.  If you need to convey proficiency for multiple modes, then you need multiple RelatedPerson.Communication associations.   If the RelatedPerson does not speak the default local language, then the Interpreter Required Standard can be used to explicitly declare that an interpreter is required.","If a related person does not speak the local language, interpreters may be required, so languages spoken and proficiency is an important things to keep track of both for patient and other persons of interest.","","","","","","","",,,,,"",,,,"RelatedPerson.communication",0,*,"","ele-1:All FHIR elements must have a @value or children {hasValue() or (children().count() > id.count())}
","LanguageCommunication"
"RelatedPerson.communication.id","RelatedPerson.communication.id","","","",0,1,"","","","string {[]} {[]}
","Unique id for inter-element referencing","Unique id for the element within a resource (for internal references). This may be any string value that does not contain spaces.","","","","","","","","","",,,,,"",,,,"Element.id",0,1,"","","n/a"
"RelatedPerson.communication.extension","RelatedPerson.communication.extension","","extensions
user content","",0,*,"","","","Extension {[]} {[]}
","Additional content defined by implementations","May be used to represent additional information that is not part of the basic definition of the element. To make the use of extensions safe and manageable, there is a strict set of governance  applied to the definition and use of extensions. Though any implementer can define an extension, there is a set of requirements that SHALL be met as part of the definition of the extension.","There can be no stigma associated with the use of extensions by any application, project, or standard - regardless of the institution or jurisdiction that uses or defines the extensions.  The use of extensions is what allows the FHIR specification to retain a core level of simplicity for everyone.","","","","","","","","",,,,,"",,,,"Element.extension",0,*,"","ele-1:All FHIR elements must have a @value or children {hasValue() or (children().count() > id.count())}
ext-1:Must have either extensions or value[x], not both {extension.exists() != value.exists()}","n/a"
"RelatedPerson.communication.modifierExtension","RelatedPerson.communication.modifierExtension","","extensions
user contentmodifiers","",0,*,"","Y","Y","Extension {[]} {[]}
","Extensions that cannot be ignored even if unrecognized","May be used to represent additional information that is not part of the basic definition of the element and that modifies the understanding of the element in which it is contained and/or the understanding of the containing element's descendants. Usually modifier elements provide negation or qualification. To make the use of extensions safe and manageable, there is a strict set of governance applied to the definition and use of extensions. Though any implementer can define an extension, there is a set of requirements that SHALL be met as part of the definition of the extension. Applications processing a resource are required to check for modifier extensions.

Modifier extensions SHALL NOT change the meaning of any elements on Resource or DomainResource (including cannot change the meaning of modifierExtension itself).","There can be no stigma associated with the use of extensions by any application, project, or standard - regardless of the institution or jurisdiction that uses or defines the extensions.  The use of extensions is what allows the FHIR specification to retain a core level of simplicity for everyone.","Modifier extensions allow for extensions that *cannot* be safely ignored to be clearly distinguished from the vast majority of extensions which can be safely ignored.  This promotes interoperability by eliminating the need for implementers to prohibit the presence of extensions. For further information, see the [definition of modifier extensions](http://hl7.org/fhir/R4/extensibility.html#modifierExtension).","","","","","","","",,,,,"",,,,"BackboneElement.modifierExtension",0,*,"","ele-1:All FHIR elements must have a @value or children {hasValue() or (children().count() > id.count())}
ext-1:Must have either extensions or value[x], not both {extension.exists() != value.exists()}","N/A"
"RelatedPerson.communication.language","RelatedPerson.communication.language","","","",1,1,"","","","CodeableConcept {[]} {[]}
","The language which can be used to communicate with the patient about his or her health","The ISO-639-1 alpha 2 code in lower case for the language, optionally followed by a hyphen and the ISO-3166-1 alpha 2 code for the region in upper case; e.g. ""en"" for English, or ""en-US"" for American English versus ""en-EN"" for England English.","The structure aa-BB with this exact casing is one the most widely used notations for locale. However not all systems actually code this but instead have it as free text. Hence CodeableConcept instead of code as the data type.","Most systems in multilingual countries will want to convey language. Not all systems actually need the regional dialect.","","","","","","","",,"preferred","A human language.","http://hl7.org/fhir/ValueSet/languages","",,,,"RelatedPerson.communication.language",1,1,"","ele-1:All FHIR elements must have a @value or children {hasValue() or (children().count() > id.count())}
","player[classCode=PSN|ANM and determinerCode=INSTANCE]/languageCommunication/code"
"RelatedPerson.communication.preferred","RelatedPerson.communication.preferred","","","",0,1,"","","","boolean {[]} {[]}
","Language preference indicator","Indicates whether or not the patient prefers this language (over other languages he masters up a certain level).","This language is specifically identified for communicating healthcare information.","People that master multiple languages up to certain level may prefer one or more, i.e. feel more confident in communicating in a particular language making other languages sort of a fall back method.","","","","","","","",,,,,"",,,,"RelatedPerson.communication.preferred",0,1,"","ele-1:All FHIR elements must have a @value or children {hasValue() or (children().count() > id.count())}
","preferenceInd"
