{
  "package": "hl7.fhir.cl.minsal.urgencia",
  "version": "0.1.0",
  "fhirVersion": "4.0.1",
  "jurisdiction": "CL",
  "extensions": [
    {
      "url": "https://interoperabilidad.minsal.cl/fhir/ig/urgencia/StructureDefinition/Abandono",
      "title": "Abandono",
      "types": [
        "Coding"
      ]
    },
    {
      "url": "https://interoperabilidad.minsal.cl/fhir/ig/urgencia/StructureDefinition/Acompanante",
      "title": "Acompañante",
      "types": [
        "boolean"
      ]
    },
    {
      "url": "https://interoperabilidad.minsal.cl/fhir/ig/urgencia/StructureDefinition/ConsultaPorAccidente",
      "title": "Consulta por Accidente",
      "types": [
        "boolean"
      ]
    },
    {
      "url": "https://interoperabilidad.minsal.cl/fhir/ig/urgencia/StructureDefinition/Fallecido",
      "title": "Fallecido",
      "types": [
        "Coding",
        "Coding",
        "base64Binary",
        "boolean",
        "canonical",
        "code",
        "date",
        "dateTime",
        "decimal",
        "id",
        "instant",
        "integer",
        "markdown",
        "oid",
        "positiveInt",
        "string",
        "time",
        "unsignedInt",
        "uri",
        "url",
        "uuid",
        "Address",
        "Age",
        "Annotation",
        "Attachment",
        "CodeableConcept",
        "Coding",
        "ContactPoint",
        "Count",
        "Distance",
        "Duration",
        "HumanName",
        "Identifier",
        "Money",
        "Period",
        "Quantity",
        "Range",
        "Ratio",
        "Reference",
        "SampledData",
        "Signature",
        "Timing",
        "ContactDetail",
        "Contributor",
        "DataRequirement",
        "Expression",
        "ParameterDefinition",
        "RelatedArtifact",
        "TriggerDefinition",
        "UsageContext",
        "Dosage",
        "Meta"
      ]
    },
    {
      "url": "https://interoperabilidad.minsal.cl/fhir/ig/urgencia/StructureDefinition/HospitalizacionReciente",
      "title": "Hospitalizacion Reciente",
      "types": [
        "boolean"
      ]
    },
    {
      "url": "https://interoperabilidad.minsal.cl/fhir/ig/urgencia/StructureDefinition/IndicacionAlta",
      "title": "Indicación Alta",
      "types": [
        "Coding",
        "dateTime",
        "base64Binary",
        "boolean",
        "canonical",
        "code",
        "date",
        "dateTime",
        "decimal",
        "id",
        "instant",
        "integer",
        "markdown",
        "oid",
        "positiveInt",
        "string",
        "time",
        "unsignedInt",
        "uri",
        "url",
        "uuid",
        "Address",
        "Age",
        "Annotation",
        "Attachment",
        "CodeableConcept",
        "Coding",
        "ContactPoint",
        "Count",
        "Distance",
        "Duration",
        "HumanName",
        "Identifier",
        "Money",
        "Period",
        "Quantity",
        "Range",
        "Ratio",
        "Reference",
        "SampledData",
        "Signature",
        "Timing",
        "ContactDetail",
        "Contributor",
        "DataRequirement",
        "Expression",
        "ParameterDefinition",
        "RelatedArtifact",
        "TriggerDefinition",
        "UsageContext",
        "Dosage",
        "Meta"
      ]
    },
    {
      "url": "https://interoperabilidad.minsal.cl/fhir/ig/urgencia/StructureDefinition/IndicacionDerivacion",
      "title": "Indicación Derivación",
      "types": [
        "Coding",
        "dateTime",
        "base64Binary",
        "boolean",
        "canonical",
        "code",
        "date",
        "dateTime",
        "decimal",
        "id",
        "instant",
        "integer",
        "markdown",
        "oid",
        "positiveInt",
        "string",
        "time",
        "unsignedInt",
        "uri",
        "url",
        "uuid",
        "Address",
        "Age",
        "Annotation",
        "Attachment",
        "CodeableConcept",
        "Coding",
        "ContactPoint",
        "Count",
        "Distance",
        "Duration",
        "HumanName",
        "Identifier",
        "Money",
        "Period",
        "Quantity",
        "Range",
        "Ratio",
        "Reference",
        "SampledData",
        "Signature",
        "Timing",
        "ContactDetail",
        "Contributor",
        "DataRequirement",
        "Expression",
        "ParameterDefinition",
        "RelatedArtifact",
        "TriggerDefinition",
        "UsageContext",
        "Dosage",
        "Meta"
      ]
    },
    {
      "url": "https://interoperabilidad.minsal.cl/fhir/ig/urgencia/StructureDefinition/IndicacionHospitalizacion",
      "title": "Indicación Hospitalización",
      "types": [
        "Coding",
        "Coding",
        "dateTime",
        "base64Binary",
        "boolean",
        "canonical",
        "code",
        "date",
        "dateTime",
        "decimal",
        "id",
        "instant",
        "integer",
        "markdown",
        "oid",
        "positiveInt",
        "string",
        "time",
        "unsignedInt",
        "uri",
        "url",
        "uuid",
        "Address",
        "Age",
        "Annotation",
        "Attachment",
        "CodeableConcept",
        "Coding",
        "ContactPoint",
        "Count",
        "Distance",
        "Duration",
        "HumanName",
        "Identifier",
        "Money",
        "Period",
        "Quantity",
        "Range",
        "Ratio",
        "Reference",
        "SampledData",
        "Signature",
        "Timing",
        "ContactDetail",
        "Contributor",
        "DataRequirement",
        "Expression",
        "ParameterDefinition",
        "RelatedArtifact",
        "TriggerDefinition",
        "UsageContext",
        "Dosage",
        "Meta"
      ]
    },
    {
      "url": "https://interoperabilidad.minsal.cl/fhir/ig/urgencia/StructureDefinition/LesionAutoinfligida",
      "title": "Lesion Autoinfligida",
      "types": [
        "Coding"
      ]
    },
    {
      "url": "https://interoperabilidad.minsal.cl/fhir/ig/urgencia/StructureDefinition/LeyPrevisional",
      "title": "Ley Previsional",
      "types": [
        "CodeableConcept"
      ]
    },
    {
      "url": "https://interoperabilidad.minsal.cl/fhir/ig/urgencia/StructureDefinition/MedicoLegal",
      "title": "Medico Legal",
      "types": [
        "boolean",
        "boolean",
        "boolean",
        "boolean",
        "boolean",
        "base64Binary",
        "boolean",
        "canonical",
        "code",
        "date",
        "dateTime",
        "decimal",
        "id",
        "instant",
        "integer",
        "markdown",
        "oid",
        "positiveInt",
        "string",
        "time",
        "unsignedInt",
        "uri",
        "url",
        "uuid",
        "Address",
        "Age",
        "Annotation",
        "Attachment",
        "CodeableConcept",
        "Coding",
        "ContactPoint",
        "Count",
        "Distance",
        "Duration",
        "HumanName",
        "Identifier",
        "Money",
        "Period",
        "Quantity",
        "Range",
        "Ratio",
        "Reference",
        "SampledData",
        "Signature",
        "Timing",
        "ContactDetail",
        "Contributor",
        "DataRequirement",
        "Expression",
        "ParameterDefinition",
        "RelatedArtifact",
        "TriggerDefinition",
        "UsageContext",
        "Dosage",
        "Meta"
      ]
    },
    {
      "url": "https://interoperabilidad.minsal.cl/fhir/ig/urgencia/StructureDefinition/MedioDeLlegada",
      "title": "Medio de Llegada",
      "types": [
        "CodeableConcept"
      ]
    },
    {
      "url": "https://interoperabilidad.minsal.cl/fhir/ig/urgencia/StructureDefinition/PaisOrigenMPI",
      "title": "País de origen del paciente",
      "types": [
        "CodeableConcept",
        "string",
        "Extension",
        "Coding",
        "string",
        "Extension",
        "uri",
        "string",
        "code",
        "string",
        "boolean",
        "string"
      ]
    },
    {
      "url": "https://interoperabilidad.minsal.cl/fhir/ig/urgencia/StructureDefinition/Prevision",
      "title": "Previsión",
      "types": [
        "CodeableConcept"
      ]
    },
    {
      "url": "https://interoperabilidad.minsal.cl/fhir/ig/urgencia/StructureDefinition/PueblosAfrodescendiente",
      "title": "Pueblos Afrodescendiente",
      "types": [
        "boolean"
      ]
    },
    {
      "url": "https://interoperabilidad.minsal.cl/fhir/ig/urgencia/StructureDefinition/PueblosOriginarios",
      "title": "Pueblos Originarios",
      "types": [
        "CodeableConcept",
        "string",
        "Extension",
        "Coding",
        "string",
        "Extension",
        "uri",
        "string",
        "code",
        "string",
        "boolean",
        "string"
      ]
    },
    {
      "url": "https://interoperabilidad.minsal.cl/fhir/ig/urgencia/StructureDefinition/PueblosOriginariosPerteneciente",
      "title": "Pueblos Originarios Perteneciente",
      "types": [
        "boolean"
      ]
    },
    {
      "url": "https://interoperabilidad.minsal.cl/fhir/ig/urgencia/StructureDefinition/ReconsultaUrgencia",
      "title": "Reconsulta Urgencia",
      "types": [
        "boolean"
      ]
    },
    {
      "url": "https://interoperabilidad.minsal.cl/fhir/ig/urgencia/StructureDefinition/Religion",
      "title": "Religión",
      "types": [
        "CodeableConcept",
        "string",
        "Extension",
        "Coding",
        "string",
        "Extension",
        "uri",
        "string",
        "code",
        "string",
        "boolean",
        "string"
      ]
    },
    {
      "url": "https://interoperabilidad.minsal.cl/fhir/ig/urgencia/StructureDefinition/ServicioDeSalud",
      "title": "Servicio de Salud",
      "types": [
        "CodeableConcept"
      ]
    },
    {
      "url": "https://interoperabilidad.minsal.cl/fhir/ig/urgencia/StructureDefinition/TipoViaResidencia",
      "title": "Tipo Via Residencia",
      "types": [
        "CodeableConcept"
      ]
    }
  ],
  "profiles": {
    "RelatedPerson": [
      {
        "url": "https://interoperabilidad.minsal.cl/fhir/ig/urgencia/StructureDefinition/AcompananteUrg",
        "title": "Acompañante Urgencia"
      }
    ],
    "AllergyIntolerance": [
      {
        "url": "https://interoperabilidad.minsal.cl/fhir/ig/urgencia/StructureDefinition/AlergiaIntolerancia",
        "title": "Alergias e Intolerancia"
      }
    ],
    "Bundle": [
      {
        "url": "https://interoperabilidad.minsal.cl/fhir/ig/urgencia/StructureDefinition/BundleAdmision",
        "title": "Bundle Admision"
      },
      {
        "url": "https://interoperabilidad.minsal.cl/fhir/ig/urgencia/StructureDefinition/BundleAtencion",
        "title": "Bundle Atención"
      },
      {
        "url": "https://interoperabilidad.minsal.cl/fhir/ig/urgencia/StructureDefinition/BundleCategorizacion",
        "title": "Bundle Categorizacion"
      },
      {
        "url": "https://interoperabilidad.minsal.cl/fhir/ig/urgencia/StructureDefinition/BundleEgreso",
        "title": "Bundle Egreso"
      }
    ],
    "Condition": [
      {
        "url": "https://interoperabilidad.minsal.cl/fhir/ig/urgencia/StructureDefinition/CondicionDiagnosticoEgreso",
        "title": "Condicion Diagnóstico Egreso"
      },
      {
        "url": "https://interoperabilidad.minsal.cl/fhir/ig/urgencia/StructureDefinition/CondicionHipotesisDiagnostica",
        "title": "Condición Hipótesis Diagnóstica"
      },
      {
        "url": "https://interoperabilidad.minsal.cl/fhir/ig/urgencia/StructureDefinition/CondicionMorbilidades",
        "title": "Condicion Morbilidades"
      }
    ],
    "Encounter": [
      {
        "url": "https://interoperabilidad.minsal.cl/fhir/ig/urgencia/StructureDefinition/EncounterUrg",
        "title": "Encuentro Urgencia"
      }
    ],
    "Organization": [
      {
        "url": "https://interoperabilidad.minsal.cl/fhir/ig/urgencia/StructureDefinition/EstablecimientoUrg",
        "title": "Establecimiento Urgencia"
      }
    ],
    "Observation": [
      {
        "url": "https://interoperabilidad.minsal.cl/fhir/ig/urgencia/StructureDefinition/indicacion-term-urg",
        "title": "Observación Indicaciones"
      },
      {
        "url": "https://interoperabilidad.minsal.cl/fhir/ig/urgencia/StructureDefinition/observacion-evol-clin",
        "title": "Observación Evolución Clínica"
      }
    ],
    "Patient": [
      {
        "url": "https://interoperabilidad.minsal.cl/fhir/ig/urgencia/StructureDefinition/PatientUrg",
        "title": "Paciente Urgencia"
      }
    ],
    "Practitioner": [
      {
        "url": "https://interoperabilidad.minsal.cl/fhir/ig/urgencia/StructureDefinition/PrestadorAdministrativo",
        "title": "Prestador Administrativo"
      },
      {
        "url": "https://interoperabilidad.minsal.cl/fhir/ig/urgencia/StructureDefinition/PrestadorProfesional",
        "title": "Prestador Profesional"
      }
    ]
  },
  "usage": {
    "http://hl7.org/fhir/StructureDefinition/elementdefinition-bestpractice": [
      "StructureDefinition.snapshot.element.constraint"
    ],
    "http://hl7.org/fhir/StructureDefinition/elementdefinition-bestpractice-explanation": [
      "StructureDefinition.snapshot.element.constraint"
    ],
    "http://hl7.org/fhir/StructureDefinition/elementdefinition-bindingName": [
      "StructureDefinition.snapshot.element.binding"
    ],
    "http://hl7.org/fhir/StructureDefinition/elementdefinition-maxValueSet": [
      "StructureDefinition.snapshot.element.binding"
    ],
    "http://hl7.org/fhir/StructureDefinition/elementdefinition-translatable": [
      "StructureDefinition.snapshot.element"
    ],
    "http://hl7.org/fhir/StructureDefinition/elementdefinition-type-must-support": [
      "StructureDefinition.snapshot.element.type"
    ],
    "http://hl7.org/fhir/StructureDefinition/geolocation": [
      "Patient.address",
      "Practitioner.address"
    ],
    "http://hl7.org/fhir/StructureDefinition/regex": [
      "StructureDefinition.snapshot.element.type"
    ],
    "http://hl7.org/fhir/StructureDefinition/structuredefinition-display-hint": [
      "StructureDefinition.snapshot.element"
    ],
    "http://hl7.org/fhir/StructureDefinition/structuredefinition-fhir-type": [
      "StructureDefinition.snapshot.element.type"
    ],
    "http://hl7.org/fhir/StructureDefinition/structuredefinition-fmm": [
      "StructureDefinition"
    ],
    "http://hl7.org/fhir/StructureDefinition/structuredefinition-hierarchy": [
      "StructureDefinition.snapshot.element.type"
    ],
    "http://hl7.org/fhir/StructureDefinition/structuredefinition-standards-status": [
      "StructureDefinition"
    ],
    "http://hl7.org/fhir/tools/StructureDefinition/ig-internal-dependency": [
      "ImplementationGuide.definition"
    ],
    "http://hl7.org/fhir/tools/StructureDefinition/ig-page-name": [
      "ImplementationGuide.definition.page",
      "ImplementationGuide.definition.page.page"
    ],
    "http://hl7.org/fhir/tools/StructureDefinition/ig-parameter": [
      "ImplementationGuide.definition"
    ],
    "http://hl7.org/fhir/tools/StructureDefinition/implementationguide-dependency-comment": [
      "ImplementationGuide.dependsOn"
    ],
    "http://hl7.org/fhir/tools/StructureDefinition/resource-information": [
      "ImplementationGuide.definition.resource"
    ],
    "https://hl7chile.cl/fhir/ig/clcore/StructureDefinition/CodigoPaises": [
      "Bundle.entry.resource",
      "Bundle.entry.resource.identifier.type",
      "Patient",
      "Patient.address.country",
      "Patient.identifier.type",
      "Practitioner",
      "Practitioner.address.country"
    ],
    "https://hl7chile.cl/fhir/ig/clcore/StructureDefinition/ComunasCl": [
      "Bundle.entry.resource.address.city",
      "Patient.address.city",
      "Practitioner.address.city"
    ],
    "https://hl7chile.cl/fhir/ig/clcore/StructureDefinition/IdContacto": [
      "Patient.contact"
    ],
    "https://hl7chile.cl/fhir/ig/clcore/StructureDefinition/IdentidadDeGenero": [
      "Bundle.entry.resource",
      "Patient",
      "Practitioner"
    ],
    "https://hl7chile.cl/fhir/ig/clcore/StructureDefinition/ProvinciasCl": [
      "Bundle.entry.resource.address.district",
      "Patient.address.district",
      "Practitioner.address.district"
    ],
    "https://hl7chile.cl/fhir/ig/clcore/StructureDefinition/RegionesCl": [
      "Bundle.entry.resource.address.state",
      "Patient.address.state",
      "Practitioner.address.state"
    ],
    "https://hl7chile.cl/fhir/ig/clcore/StructureDefinition/SegundoApellido": [
      "Bundle.entry.resource.name.family",
      "Patient.contact.name.family",
      "Patient.name.family",
      "Practitioner.name.family",
      "RelatedPerson.name.family"
    ],
    "https://hl7chile.cl/fhir/ig/clcore/StructureDefinition/SexoBiologico": [
      "Patient",
      "Practitioner"
    ],
    "https://interoperabilidad.minsal.cl/fhir/ig/urgencia/StructureDefinition/Abandono": [
      "Encounter.hospitalization.dischargeDisposition"
    ],
    "https://interoperabilidad.minsal.cl/fhir/ig/urgencia/StructureDefinition/Acompanante": [
      "Bundle.entry.resource",
      "Encounter"
    ],
    "https://interoperabilidad.minsal.cl/fhir/ig/urgencia/StructureDefinition/ConsultaPorAccidente": [
      "Bundle.entry.resource.hospitalization",
      "Encounter.hospitalization"
    ],
    "https://interoperabilidad.minsal.cl/fhir/ig/urgencia/StructureDefinition/Fallecido": [
      "Encounter.hospitalization.dischargeDisposition"
    ],
    "https://interoperabilidad.minsal.cl/fhir/ig/urgencia/StructureDefinition/HospitalizacionReciente": [
      "Bundle.entry.resource",
      "Encounter"
    ],
    "https://interoperabilidad.minsal.cl/fhir/ig/urgencia/StructureDefinition/IndicacionAlta": [
      "Encounter.hospitalization.dischargeDisposition"
    ],
    "https://interoperabilidad.minsal.cl/fhir/ig/urgencia/StructureDefinition/IndicacionDerivacion": [
      "Encounter.hospitalization.dischargeDisposition"
    ],
    "https://interoperabilidad.minsal.cl/fhir/ig/urgencia/StructureDefinition/IndicacionHospitalizacion": [
      "Bundle.entry.resource.hospitalization.dischargeDisposition",
      "Encounter.hospitalization.dischargeDisposition"
    ],
    "https://interoperabilidad.minsal.cl/fhir/ig/urgencia/StructureDefinition/LesionAutoinfligida": [
      "Bundle.entry.resource",
      "Encounter"
    ],
    "https://interoperabilidad.minsal.cl/fhir/ig/urgencia/StructureDefinition/LeyPrevisional": [
      "Encounter"
    ],
    "https://interoperabilidad.minsal.cl/fhir/ig/urgencia/StructureDefinition/MedicoLegal": [
      "Encounter"
    ],
    "https://interoperabilidad.minsal.cl/fhir/ig/urgencia/StructureDefinition/MedioDeLlegada": [
      "Bundle.entry.resource.hospitalization",
      "Encounter.hospitalization"
    ],
    "https://interoperabilidad.minsal.cl/fhir/ig/urgencia/StructureDefinition/PaisOrigenMPI": [
      "Bundle.entry.resource",
      "Patient"
    ],
    "https://interoperabilidad.minsal.cl/fhir/ig/urgencia/StructureDefinition/Prevision": [
      "Bundle.entry.resource",
      "Encounter"
    ],
    "https://interoperabilidad.minsal.cl/fhir/ig/urgencia/StructureDefinition/PueblosAfrodescendiente": [
      "Bundle.entry.resource",
      "Patient"
    ],
    "https://interoperabilidad.minsal.cl/fhir/ig/urgencia/StructureDefinition/PueblosOriginarios": [
      "Bundle.entry.resource",
      "Patient"
    ],
    "https://interoperabilidad.minsal.cl/fhir/ig/urgencia/StructureDefinition/PueblosOriginariosPerteneciente": [
      "Bundle.entry.resource",
      "Patient"
    ],
    "https://interoperabilidad.minsal.cl/fhir/ig/urgencia/StructureDefinition/ReconsultaUrgencia": [
      "Encounter"
    ],
    "https://interoperabilidad.minsal.cl/fhir/ig/urgencia/StructureDefinition/Religion": [
      "Patient"
    ],
    "https://interoperabilidad.minsal.cl/fhir/ig/urgencia/StructureDefinition/ServicioDeSalud": [
      "Bundle.entry.resource",
      "Organization"
    ],
    "https://interoperabilidad.minsal.cl/fhir/ig/urgencia/StructureDefinition/TipoViaResidencia": [
      "Patient.address"
    ]
  }
}