{
  "resourceType" : "ValueSet",
  "id" : "PueblosOriginariosVS",
  "text" : {
    "status" : "generated",
    "div" : "<div xmlns=\"http://www.w3.org/1999/xhtml\"><p class=\"res-header-id\"><b>Generated Narrative: ValueSet PueblosOriginariosVS</b></p><a name=\"PueblosOriginariosVS\"> </a><a name=\"hcPueblosOriginariosVS\"> </a><a name=\"PueblosOriginariosVS-en-US\"> </a><ul><li>Include all codes defined in <a href=\"CodeSystem-PueblosOriginariosCS.html\"><code>http://proceso-urgencia.minsal.cl/CodeSystem/PueblosOriginariosCS</code></a></li></ul></div>"
  },
  "url" : "http://proceso-urgencia.minsal.cl/ValueSet/PueblosOriginariosVS",
  "version" : "0.1.0",
  "name" : "PueblosOriginariosVS",
  "title" : "Pueblos Originarios de Chile",
  "status" : "draft",
  "experimental" : true,
  "date" : "2024-08-29T09:57:29-04:00",
  "publisher" : "ChileData",
  "contact" : [{
    "name" : "ChileData",
    "telecom" : [{
      "system" : "url",
      "value" : "http://chiledata.cl"
    }]
  },
  {
    "name" : "Roberto Araneda",
    "telecom" : [{
      "system" : "email",
      "value" : "roberto.araneda@chiledata.cl",
      "use" : "work"
    }]
  },
  {
    "name" : "John Díaz",
    "telecom" : [{
      "system" : "email",
      "value" : "john.diaz@chiledata.cl",
      "use" : "work"
    }]
  }],
  "description" : "Pueblos Originarios de Chile",
  "compose" : {
    "include" : [{
      "system" : "http://proceso-urgencia.minsal.cl/CodeSystem/PueblosOriginariosCS"
    }]
  }
}