<?xml version="1.0" encoding="UTF-8"?>

<ValueSet xmlns="http://hl7.org/fhir">
  <id value="TipoParticipanteEncuentroUrgencia"/>
  <text>
    <status value="generated"/><div xmlns="http://www.w3.org/1999/xhtml"><p class="res-header-id"><b>Generated Narrative: ValueSet TipoParticipanteEncuentroUrgencia</b></p><a name="TipoParticipanteEncuentroUrgencia"> </a><a name="hcTipoParticipanteEncuentroUrgencia"> </a><a name="TipoParticipanteEncuentroUrgencia-es-CL"> </a><p>This value set includes codes based on the following rules:</p><ul><li>Include all codes defined in <a href="CodeSystem-TipoParticipanteUrgencia.html"><code>https://interoperabilidad.minsal.cl/fhir/ig/urgencia/CodeSystem/TipoParticipanteUrgencia</code></a></li><li>Import all the codes that are contained in <a href="http://hl7.org/fhir/R4/valueset-encounter-participant-type.html">Participant type</a></li></ul></div>
  </text>
  <url value="https://interoperabilidad.minsal.cl/fhir/ig/urgencia/ValueSet/TipoParticipanteEncuentroUrgencia"/>
  <version value="0.1.0"/>
  <name value="VSTipoParticipanteEncuentroUrgencia"/>
  <title value="Tipo Participante Encuentro Urgencia"/>
  <status value="draft"/>
  <experimental value="false"/>
  <date value="2024-11-07T14:38:19-03:00"/>
  <publisher value="Unidad de Interoperabilidad - MINSAL"/>
  <contact>
    <name value="Unidad de Interoperabilidad - MINSAL"/>
    <telecom>
      <system value="url"/>
      <value value="https://interoperabilidad.minsal.cl"/>
    </telecom>
  </contact>
  <contact>
    <name value="Roberto Araneda"/>
    <telecom>
      <system value="email"/>
      <value value="roberto.araneda@chiledata.cl"/>
      <use value="work"/>
    </telecom>
  </contact>
  <contact>
    <name value="John Díaz"/>
    <telecom>
      <system value="email"/>
      <value value="john.diaz@chiledata.cl"/>
      <use value="work"/>
    </telecom>
  </contact>
  <description value="Códigos de los tipos de participante de un Encounter"/>
  <jurisdiction>
    <coding>
      <system value="urn:iso:std:iso:3166"/>
      <code value="CL"/>
      <display value="Chile"/>
    </coding>
  </jurisdiction>
  <compose>
    <include>
      <system value="https://interoperabilidad.minsal.cl/fhir/ig/urgencia/CodeSystem/TipoParticipanteUrgencia"/>
    </include>
    <include>
      <valueSet value="http://hl7.org/fhir/ValueSet/encounter-participant-type"/>
    </include>
  </compose>
</ValueSet>