{"resourceType":"CodeSystem","id":"relacion-acompanante","text":{"status":"generated","div":"<div xmlns=\"http://www.w3.org/1999/xhtml\"><p class=\"res-header-id\"><b>Generated Narrative: CodeSystem relacion-acompanante</b></p><a name=\"relacion-acompanante\"> </a><a name=\"hcrelacion-acompanante\"> </a><a name=\"relacion-acompanante-en-US\"> </a><p>This case-insensitive code system <code>http://proceso-urgencia.minsal.cl/CodeSystem/relacion-acompanante</code> defines the following codes:</p><table class=\"codes\"><tr><td style=\"white-space:nowrap\"><b>Code</b></td><td><b>Display</b></td></tr><tr><td style=\"white-space:nowrap\">1<a name=\"relacion-acompanante-1\"> </a></td><td>Compañero de trabajo</td></tr><tr><td style=\"white-space:nowrap\">2<a name=\"relacion-acompanante-2\"> </a></td><td>Pareja o cónyuge</td></tr><tr><td style=\"white-space:nowrap\">3<a name=\"relacion-acompanante-3\"> </a></td><td>Familiar</td></tr><tr><td style=\"white-space:nowrap\">4<a name=\"relacion-acompanante-4\"> </a></td><td>Tutor(a) o Cuidador(a)</td></tr><tr><td style=\"white-space:nowrap\">5<a name=\"relacion-acompanante-5\"> </a></td><td>Vecino(a)</td></tr><tr><td style=\"white-space:nowrap\">98<a name=\"relacion-acompanante-98\"> </a></td><td>No responde</td></tr></table></div>"},"url":"http://proceso-urgencia.minsal.cl/CodeSystem/relacion-acompanante","version":"0.1.0","name":"CSRelacionAcompanante","title":"CSRelacionAcompanante","status":"draft","experimental":false,"date":"2024-08-27T17:49:18-04:00","publisher":"ChileData","contact":[{"name":"ChileData","telecom":[{"system":"url","value":"http://chiledata.cl"}]},{"name":"Roberto Araneda","telecom":[{"system":"email","value":"roberto.araneda@chiledata.cl","use":"work"}]},{"name":"John Díaz","telecom":[{"system":"email","value":"john.diaz@chiledata.cl","use":"work"}]}],"description":"Códigos de relación de acompañante","caseSensitive":false,"content":"complete","count":6,"concept":[{"code":"1","display":"Compañero de trabajo"},{"code":"2","display":"Pareja o cónyuge"},{"code":"3","display":"Familiar"},{"code":"4","display":"Tutor(a) o Cuidador(a)"},{"code":"5","display":"Vecino(a)"},{"code":"98","display":"No responde"}]}