{"resourceType":"CodeSystem","id":"tipo-egreso","text":{"status":"generated","div":"<div xmlns=\"http://www.w3.org/1999/xhtml\"><p class=\"res-header-id\"><b>Generated Narrative: CodeSystem tipo-egreso</b></p><a name=\"tipo-egreso\"> </a><a name=\"hctipo-egreso\"> </a><a name=\"tipo-egreso-es-CL\"> </a><p>This case-sensitive code system <code>https://interoperabilidad.minsal.cl/fhir/ig/urgencia/CodeSystem/tipo-egreso</code> defines the following codes:</p><table class=\"codes\"><tr><td style=\"white-space:nowrap\"><b>Code</b></td><td><b>Display</b></td></tr><tr><td style=\"white-space:nowrap\">1<a name=\"tipo-egreso-1\"> </a></td><td>Hospitalización</td></tr><tr><td style=\"white-space:nowrap\">2<a name=\"tipo-egreso-2\"> </a></td><td>Traslado a otra Unidad Hospitalaria</td></tr><tr><td style=\"white-space:nowrap\">3<a name=\"tipo-egreso-3\"> </a></td><td>Alta</td></tr><tr><td style=\"white-space:nowrap\">4<a name=\"tipo-egreso-4\"> </a></td><td>Derivación o traslado a otro centro</td></tr><tr><td style=\"white-space:nowrap\">5<a name=\"tipo-egreso-5\"> </a></td><td>Abandono</td></tr><tr><td style=\"white-space:nowrap\">6<a name=\"tipo-egreso-6\"> </a></td><td>Fallecido</td></tr></table></div>"},"url":"https://interoperabilidad.minsal.cl/fhir/ig/urgencia/CodeSystem/tipo-egreso","version":"0.1.1","name":"CSTipoEgreso","title":"Tipo Egreso","status":"active","experimental":false,"date":"2024-12-17T10:22:12-03:00","publisher":"Unidad de Interoperabilidad - MINSAL","contact":[{"name":"Unidad de Interoperabilidad - MINSAL","telecom":[{"system":"url","value":"https://interoperabilidad.minsal.cl"}]},{"name":"Roberto Araneda","telecom":[{"system":"email","value":"roberto.araneda@chiledata.cl","use":"work"}]},{"name":"John Díaz","telecom":[{"system":"email","value":"john.diaz@chiledata.cl","use":"work"}]}],"description":"Corresponde a códigos asociados a la decisión del médico u odontólogo del destino que debe seguir el usuario en virtud de su evaluación y situación clínica antes de cerrar el proceso de urgencia. ","jurisdiction":[{"coding":[{"system":"urn:iso:std:iso:3166","code":"CL","display":"Chile"}]}],"caseSensitive":true,"content":"complete","count":6,"concept":[{"code":"1","display":"Hospitalización"},{"code":"2","display":"Traslado a otra Unidad Hospitalaria"},{"code":"3","display":"Alta"},{"code":"4","display":"Derivación o traslado a otro centro"},{"code":"5","display":"Abandono"},{"code":"6","display":"Fallecido"}]}