{"resourceType":"CodeSystem","id":"tipo-sistema-categorizacion","text":{"status":"generated","div":"<div xmlns=\"http://www.w3.org/1999/xhtml\"><p class=\"res-header-id\"><b>Generated Narrative: CodeSystem tipo-sistema-categorizacion</b></p><a name=\"tipo-sistema-categorizacion\"> </a><a name=\"hctipo-sistema-categorizacion\"> </a><a name=\"tipo-sistema-categorizacion-es-CL\"> </a><p>This case-insensitive code system <code>https://interoperabilidad.minsal.cl/fhir/ig/urgencia/CodeSystem/tipo-sistema-categorizacion</code> defines the following codes:</p><table class=\"codes\"><tr><td style=\"white-space:nowrap\"><b>Code</b></td><td><b>Display</b></td></tr><tr><td style=\"white-space:nowrap\">1<a name=\"tipo-sistema-categorizacion-1\"> </a></td><td>Sistema de Categorización Discrecional</td></tr><tr><td style=\"white-space:nowrap\">2<a name=\"tipo-sistema-categorizacion-2\"> </a></td><td>Indice de Severidad de Emergencia (Emergency Severity Index: ESI)</td></tr><tr><td style=\"white-space:nowrap\">3<a name=\"tipo-sistema-categorizacion-3\"> </a></td><td>Sistema de categorización estructurado UGO</td></tr></table></div>"},"url":"https://interoperabilidad.minsal.cl/fhir/ig/urgencia/CodeSystem/tipo-sistema-categorizacion","version":"0.1.0","name":"CSTipoSistemaCategorizacion","title":"CSTipoSistemaCategorización","status":"draft","experimental":false,"date":"2024-11-07T14:38:19-03:00","publisher":"Unidad de Interoperabilidad - MINSAL","contact":[{"name":"Unidad de Interoperabilidad - MINSAL","telecom":[{"system":"url","value":"https://interoperabilidad.minsal.cl"}]},{"name":"Roberto Araneda","telecom":[{"system":"email","value":"roberto.araneda@chiledata.cl","use":"work"}]},{"name":"John Díaz","telecom":[{"system":"email","value":"john.diaz@chiledata.cl","use":"work"}]}],"description":"Códigos tipo de sistema de categorización","jurisdiction":[{"coding":[{"system":"urn:iso:std:iso:3166","code":"CL","display":"Chile"}]}],"caseSensitive":false,"content":"complete","count":3,"concept":[{"code":"1","display":"Sistema de Categorización Discrecional"},{"code":"2","display":"Indice de Severidad de Emergencia (Emergency Severity Index: ESI)"},{"code":"3","display":"Sistema de categorización estructurado UGO"}]}