{"resourceType":"CodeSystem","id":"destino-fallecido","text":{"status":"generated","div":"<div xmlns=\"http://www.w3.org/1999/xhtml\"><p class=\"res-header-id\"><b>Generated Narrative: CodeSystem destino-fallecido</b></p><a name=\"destino-fallecido\"> </a><a name=\"hcdestino-fallecido\"> </a><a name=\"destino-fallecido-en-US\"> </a><p>This case-insensitive code system <code>http://proceso-urgencia.minsal.cl/CodeSystem/destino-fallecido</code> defines the following codes:</p><table class=\"codes\"><tr><td style=\"white-space:nowrap\"><b>Code</b></td><td><b>Display</b></td></tr><tr><td style=\"white-space:nowrap\">1<a name=\"destino-fallecido-1\"> </a></td><td>A disposición de los familiares</td></tr><tr><td style=\"white-space:nowrap\">2<a name=\"destino-fallecido-2\"> </a></td><td>Servicio mortuorio hospitalario</td></tr><tr><td style=\"white-space:nowrap\">3<a name=\"destino-fallecido-3\"> </a></td><td>Derivación al SML</td></tr></table></div>"},"url":"http://proceso-urgencia.minsal.cl/CodeSystem/destino-fallecido","version":"0.1.0","name":"CSDestinoFallecido","title":"Destino Fallecido","status":"draft","experimental":false,"date":"2024-08-27T17:49:18-04:00","publisher":"ChileData","contact":[{"name":"ChileData","telecom":[{"system":"url","value":"http://chiledata.cl"}]},{"name":"Roberto Araneda","telecom":[{"system":"email","value":"roberto.araneda@chiledata.cl","use":"work"}]},{"name":"John Díaz","telecom":[{"system":"email","value":"john.diaz@chiledata.cl","use":"work"}]}],"description":"Códigos asociados a la situación final de los usuarios fallecidos durante la atención de urgencia.","caseSensitive":false,"content":"complete","count":3,"concept":[{"code":"1","display":"A disposición de los familiares"},{"code":"2","display":"Servicio mortuorio hospitalario"},{"code":"3","display":"Derivación al SML"}]}