{"resourceType":"CodeSystem","id":"indicacion-alta","text":{"status":"generated","div":"<div xmlns=\"http://www.w3.org/1999/xhtml\"><p class=\"res-header-id\"><b>Generated Narrative: CodeSystem indicacion-alta</b></p><a name=\"indicacion-alta\"> </a><a name=\"hcindicacion-alta\"> </a><a name=\"indicacion-alta-es-CL\"> </a><p>This case-insensitive code system <code>https://interoperabilidad.minsal.cl/fhir/ig/urgencia/CodeSystem/indicacion-alta</code> defines the following codes:</p><table class=\"codes\"><tr><td style=\"white-space:nowrap\"><b>Code</b></td><td><b>Display</b></td></tr><tr><td style=\"white-space:nowrap\">1<a name=\"indicacion-alta-1\"> </a></td><td>Alta a domicilio</td></tr><tr><td style=\"white-space:nowrap\">2<a name=\"indicacion-alta-2\"> </a></td><td>Alta a residencia (Servicio Mejor Niñez, SENAME, ELEAM, Hospital de Día</td></tr><tr><td style=\"white-space:nowrap\">3<a name=\"indicacion-alta-3\"> </a></td><td>Alta con escolta policial (Carabineros, PDI, Gendarmería)</td></tr><tr><td style=\"white-space:nowrap\">4<a name=\"indicacion-alta-4\"> </a></td><td>Otra</td></tr></table></div>"},"url":"https://interoperabilidad.minsal.cl/fhir/ig/urgencia/CodeSystem/indicacion-alta","version":"0.1.0","name":"CSIndicacionAlta","title":"Indicación Alta","status":"draft","experimental":false,"date":"2024-12-13T10:10:51-03:00","publisher":"Unidad de Interoperabilidad - MINSAL","contact":[{"name":"Unidad de Interoperabilidad - MINSAL","telecom":[{"system":"url","value":"https://interoperabilidad.minsal.cl"}]},{"name":"Roberto Araneda","telecom":[{"system":"email","value":"roberto.araneda@chiledata.cl","use":"work"}]},{"name":"John Díaz","telecom":[{"system":"email","value":"john.diaz@chiledata.cl","use":"work"}]}],"description":"Códigos asociados al destino de alta dados por parte del profesional médico al usuario posterior a su atención de urgencia.","jurisdiction":[{"coding":[{"system":"urn:iso:std:iso:3166","code":"CL","display":"Chile"}]}],"caseSensitive":false,"content":"complete","count":4,"concept":[{"code":"1","display":"Alta a domicilio"},{"code":"2","display":"Alta a residencia (Servicio Mejor Niñez, SENAME, ELEAM, Hospital de Día"},{"code":"3","display":"Alta con escolta policial (Carabineros, PDI, Gendarmería)"},{"code":"4","display":"Otra"}]}