{"resourceType":"CodeSystem","id":"servicio-salud","text":{"status":"generated","div":"<div xmlns=\"http://www.w3.org/1999/xhtml\"><p class=\"res-header-id\"><b>Generated Narrative: CodeSystem servicio-salud</b></p><a name=\"servicio-salud\"> </a><a name=\"hcservicio-salud\"> </a><a name=\"servicio-salud-en-US\"> </a><p>This case-insensitive code system <code>http://proceso-urgencia.minsal.cl/CodeSystem/servicio-salud</code> defines the following codes:</p><table class=\"codes\"><tr><td style=\"white-space:nowrap\"><b>Code</b></td><td><b>Display</b></td></tr><tr><td style=\"white-space:nowrap\">1<a name=\"servicio-salud-1\"> </a></td><td>Servicio de Salud Arica y Parinacota</td></tr><tr><td style=\"white-space:nowrap\">2<a name=\"servicio-salud-2\"> </a></td><td>Servicio de Salud Iquique</td></tr><tr><td style=\"white-space:nowrap\">3<a name=\"servicio-salud-3\"> </a></td><td>Servicio de Salud Antofagasta</td></tr><tr><td style=\"white-space:nowrap\">4<a name=\"servicio-salud-4\"> </a></td><td>Servicio de Salud Atacama</td></tr><tr><td style=\"white-space:nowrap\">5<a name=\"servicio-salud-5\"> </a></td><td>Servicio de Salud Coquimbo</td></tr><tr><td style=\"white-space:nowrap\">6<a name=\"servicio-salud-6\"> </a></td><td>Servicio de Salud Valparaíso San Antonio</td></tr><tr><td style=\"white-space:nowrap\">7<a name=\"servicio-salud-7\"> </a></td><td>Servicio de Salud Viña del Mar Quillota</td></tr><tr><td style=\"white-space:nowrap\">8<a name=\"servicio-salud-8\"> </a></td><td>Servicio de Salud Aconcagua</td></tr><tr><td style=\"white-space:nowrap\">9<a name=\"servicio-salud-9\"> </a></td><td>Servicio de Salud Metropolitano Norte</td></tr><tr><td style=\"white-space:nowrap\">10<a name=\"servicio-salud-10\"> </a></td><td>Servicio de Salud Metropolitano Occidente</td></tr><tr><td style=\"white-space:nowrap\">11<a name=\"servicio-salud-11\"> </a></td><td>Servicio de Salud Metropolitano Central</td></tr><tr><td style=\"white-space:nowrap\">12<a name=\"servicio-salud-12\"> </a></td><td>Servicio de Salud Metropolitano Oriente</td></tr><tr><td style=\"white-space:nowrap\">13<a name=\"servicio-salud-13\"> </a></td><td>Servicio de Salud Metropolitano Sur</td></tr><tr><td style=\"white-space:nowrap\">14<a name=\"servicio-salud-14\"> </a></td><td>Servicio de Salud Metropolitano Sur Oriente</td></tr><tr><td style=\"white-space:nowrap\">15<a name=\"servicio-salud-15\"> </a></td><td>Servicio de Salud Del Libertador B. O'Higgins</td></tr><tr><td style=\"white-space:nowrap\">16<a name=\"servicio-salud-16\"> </a></td><td>Servicio de Salud Del Maule</td></tr><tr><td style=\"white-space:nowrap\">17<a name=\"servicio-salud-17\"> </a></td><td>Servicio de Salud Ñuble</td></tr><tr><td style=\"white-space:nowrap\">18<a name=\"servicio-salud-18\"> </a></td><td>Servicio de Salud Concepción</td></tr><tr><td style=\"white-space:nowrap\">19<a name=\"servicio-salud-19\"> </a></td><td>Servicio de Salud Talcahuano</td></tr><tr><td style=\"white-space:nowrap\">20<a name=\"servicio-salud-20\"> </a></td><td>Servicio de Salud Biobío</td></tr><tr><td style=\"white-space:nowrap\">21<a name=\"servicio-salud-21\"> </a></td><td>Servicio de Salud Araucanía Sur</td></tr><tr><td style=\"white-space:nowrap\">22<a name=\"servicio-salud-22\"> </a></td><td>Servicio de Salud Valdivia</td></tr><tr><td style=\"white-space:nowrap\">23<a name=\"servicio-salud-23\"> </a></td><td>Servicio de Salud Osorno</td></tr><tr><td style=\"white-space:nowrap\">24<a name=\"servicio-salud-24\"> </a></td><td>Servicio de Salud Del Reloncaví</td></tr><tr><td style=\"white-space:nowrap\">25<a name=\"servicio-salud-25\"> </a></td><td>Servicio de Salud Aisén</td></tr><tr><td style=\"white-space:nowrap\">26<a name=\"servicio-salud-26\"> </a></td><td>Servicio de Salud Magallanes</td></tr><tr><td style=\"white-space:nowrap\">28<a name=\"servicio-salud-28\"> </a></td><td>Servicio de Salud Arauco</td></tr><tr><td style=\"white-space:nowrap\">29<a name=\"servicio-salud-29\"> </a></td><td>Servicio de Salud Araucanía Norte</td></tr><tr><td style=\"white-space:nowrap\">33<a name=\"servicio-salud-33\"> </a></td><td>Servicio de Salud Chiloé</td></tr></table></div>"},"url":"http://proceso-urgencia.minsal.cl/CodeSystem/servicio-salud","version":"0.1.0","name":"CSServicioSalud","title":"Servicios de Salud","status":"draft","experimental":false,"date":"2024-08-27T17:49:18-04:00","publisher":"ChileData","contact":[{"name":"ChileData","telecom":[{"system":"url","value":"http://chiledata.cl"}]},{"name":"Roberto Araneda","telecom":[{"system":"email","value":"roberto.araneda@chiledata.cl","use":"work"}]},{"name":"John Díaz","telecom":[{"system":"email","value":"john.diaz@chiledata.cl","use":"work"}]}],"description":"Códigos de Servicios de Salud de Chile según norma 820","caseSensitive":false,"content":"complete","count":29,"concept":[{"code":"1","display":"Servicio de Salud Arica y Parinacota"},{"code":"2","display":"Servicio de Salud Iquique"},{"code":"3","display":"Servicio de Salud Antofagasta"},{"code":"4","display":"Servicio de Salud Atacama"},{"code":"5","display":"Servicio de Salud Coquimbo"},{"code":"6","display":"Servicio de Salud Valparaíso San Antonio"},{"code":"7","display":"Servicio de Salud Viña del Mar Quillota"},{"code":"8","display":"Servicio de Salud Aconcagua"},{"code":"9","display":"Servicio de Salud Metropolitano Norte"},{"code":"10","display":"Servicio de Salud Metropolitano Occidente"},{"code":"11","display":"Servicio de Salud Metropolitano Central"},{"code":"12","display":"Servicio de Salud Metropolitano Oriente"},{"code":"13","display":"Servicio de Salud Metropolitano Sur"},{"code":"14","display":"Servicio de Salud Metropolitano Sur Oriente"},{"code":"15","display":"Servicio de Salud Del Libertador B. O'Higgins"},{"code":"16","display":"Servicio de Salud Del Maule"},{"code":"17","display":"Servicio de Salud Ñuble"},{"code":"18","display":"Servicio de Salud Concepción"},{"code":"19","display":"Servicio de Salud Talcahuano"},{"code":"20","display":"Servicio de Salud Biobío"},{"code":"21","display":"Servicio de Salud Araucanía Sur"},{"code":"22","display":"Servicio de Salud Valdivia"},{"code":"23","display":"Servicio de Salud Osorno"},{"code":"24","display":"Servicio de Salud Del Reloncaví"},{"code":"25","display":"Servicio de Salud Aisén"},{"code":"26","display":"Servicio de Salud Magallanes"},{"code":"28","display":"Servicio de Salud Arauco"},{"code":"29","display":"Servicio de Salud Araucanía Norte"},{"code":"33","display":"Servicio de Salud Chiloé"}]}