{"resourceType":"CodeSystem","id":"unidad-hospitalaria-destino","text":{"status":"generated","div":"<div xmlns=\"http://www.w3.org/1999/xhtml\"><p class=\"res-header-id\"><b>Generated Narrative: CodeSystem unidad-hospitalaria-destino</b></p><a name=\"unidad-hospitalaria-destino\"> </a><a name=\"hcunidad-hospitalaria-destino\"> </a><a name=\"unidad-hospitalaria-destino-es-CL\"> </a><p>This case-sensitive code system <code>https://interoperabilidad.minsal.cl/fhir/ig/urgencia/CodeSystem/unidad-hospitalaria-destino</code> defines the following codes:</p><table class=\"codes\"><tr><td style=\"white-space:nowrap\"><b>Code</b></td><td><b>Display</b></td></tr><tr><td style=\"white-space:nowrap\">401<a name=\"unidad-hospitalaria-destino-401\"> </a></td><td>Área Médica Adulto Cuidados Básicos</td></tr><tr><td style=\"white-space:nowrap\">402<a name=\"unidad-hospitalaria-destino-402\"> </a></td><td>Área Médica Adulto Cuidados Medios</td></tr><tr><td style=\"white-space:nowrap\">403<a name=\"unidad-hospitalaria-destino-403\"> </a></td><td>Área Médico-Quirúrgico Cuidados Básicos</td></tr><tr><td style=\"white-space:nowrap\">404<a name=\"unidad-hospitalaria-destino-404\"> </a></td><td>Área Médico-Quirúrgico Cuidados Medios</td></tr><tr><td style=\"white-space:nowrap\">405<a name=\"unidad-hospitalaria-destino-405\"> </a></td><td>Área Cuidados Intensivos Adultos</td></tr><tr><td style=\"white-space:nowrap\">406<a name=\"unidad-hospitalaria-destino-406\"> </a></td><td>Área Cuidados Intermedios Adultos</td></tr><tr><td style=\"white-space:nowrap\">407<a name=\"unidad-hospitalaria-destino-407\"> </a></td><td>Área Médica Pediátrica Cuidados Básicos</td></tr><tr><td style=\"white-space:nowrap\">408<a name=\"unidad-hospitalaria-destino-408\"> </a></td><td>Área Médica Pediátrica Cuidados Medios</td></tr><tr><td style=\"white-space:nowrap\">409<a name=\"unidad-hospitalaria-destino-409\"> </a></td><td>Área Médico-Quirúrgico Pediátrica Cuidados Básicos</td></tr><tr><td style=\"white-space:nowrap\">410<a name=\"unidad-hospitalaria-destino-410\"> </a></td><td>Área Médico-Quirúrgico Pediátrica Cuidados Medios</td></tr><tr><td style=\"white-space:nowrap\">411<a name=\"unidad-hospitalaria-destino-411\"> </a></td><td>Área Cuidados Intensivos Pediátricos</td></tr><tr><td style=\"white-space:nowrap\">412<a name=\"unidad-hospitalaria-destino-412\"> </a></td><td>Área Cuidados Intermedios Pediátricos</td></tr><tr><td style=\"white-space:nowrap\">413<a name=\"unidad-hospitalaria-destino-413\"> </a></td><td>Área Neonatología Cuidados Básicos</td></tr><tr><td style=\"white-space:nowrap\">414<a name=\"unidad-hospitalaria-destino-414\"> </a></td><td>Área Neonatología Cuidados Intensivos</td></tr><tr><td style=\"white-space:nowrap\">415<a name=\"unidad-hospitalaria-destino-415\"> </a></td><td>Área Neonatología Cuidados Intermedios</td></tr><tr><td style=\"white-space:nowrap\">416<a name=\"unidad-hospitalaria-destino-416\"> </a></td><td>Área Obstetricia</td></tr><tr><td style=\"white-space:nowrap\">330<a name=\"unidad-hospitalaria-destino-330\"> </a></td><td>Área Pensionado</td></tr><tr><td style=\"white-space:nowrap\">418<a name=\"unidad-hospitalaria-destino-418\"> </a></td><td>Área Psiquiatría Adulto Corta estadía</td></tr><tr><td style=\"white-space:nowrap\">419<a name=\"unidad-hospitalaria-destino-419\"> </a></td><td>Área Psiquiatría Adulto Mediana estadía</td></tr><tr><td style=\"white-space:nowrap\">420<a name=\"unidad-hospitalaria-destino-420\"> </a></td><td>Área Psiquiatría Adulto Larga estadía</td></tr><tr><td style=\"white-space:nowrap\">421<a name=\"unidad-hospitalaria-destino-421\"> </a></td><td>Área Psiquiatría Infanto-adolescente corta estadía</td></tr><tr><td style=\"white-space:nowrap\">422<a name=\"unidad-hospitalaria-destino-422\"> </a></td><td>Área Psiquiatría Infanto-adolescente mediana estadía</td></tr><tr><td style=\"white-space:nowrap\">423<a name=\"unidad-hospitalaria-destino-423\"> </a></td><td>Área Psiquiatría Forense Adulto evaluación e inicio tto.</td></tr><tr><td style=\"white-space:nowrap\">424<a name=\"unidad-hospitalaria-destino-424\"> </a></td><td>Área Psiquiatría Forense Adulto tratamiento</td></tr><tr><td style=\"white-space:nowrap\">425<a name=\"unidad-hospitalaria-destino-425\"> </a></td><td>Área Psiquiatría Forense Infanto Adolescente evaluación e inicio tto.</td></tr><tr><td style=\"white-space:nowrap\">426<a name=\"unidad-hospitalaria-destino-426\"> </a></td><td>Área Psiquiatría Forense Infanto Adolescente tratamiento</td></tr><tr><td style=\"white-space:nowrap\">427<a name=\"unidad-hospitalaria-destino-427\"> </a></td><td>Área Sociosanitaria Adulto</td></tr><tr><td style=\"white-space:nowrap\">428<a name=\"unidad-hospitalaria-destino-428\"> </a></td><td>Área de Hospitalización de Cuidados Intensivos en Psiquiatría Adulto</td></tr><tr><td style=\"white-space:nowrap\">429<a name=\"unidad-hospitalaria-destino-429\"> </a></td><td>Área de Hospitalización de Cuidados Intensivos en Psiquiatría Infanto Adolescente</td></tr></table></div>"},"url":"https://interoperabilidad.minsal.cl/fhir/ig/urgencia/CodeSystem/unidad-hospitalaria-destino","version":"0.1.1","name":"CSUnidadHospitalariaDestino","title":"Unidad Hospitalaria Destino","status":"active","experimental":false,"date":"2024-12-17T10:22:12-03:00","publisher":"Unidad de Interoperabilidad - MINSAL","contact":[{"name":"Unidad de Interoperabilidad - MINSAL","telecom":[{"system":"url","value":"https://interoperabilidad.minsal.cl"}]},{"name":"Roberto Araneda","telecom":[{"system":"email","value":"roberto.araneda@chiledata.cl","use":"work"}]},{"name":"John Díaz","telecom":[{"system":"email","value":"john.diaz@chiledata.cl","use":"work"}]}],"description":"Códigos asociados a Unidad Funcional de destino si es que el paciente requiere hospitalización en el mismo establecimiento.","jurisdiction":[{"coding":[{"system":"urn:iso:std:iso:3166","code":"CL","display":"Chile"}]}],"caseSensitive":true,"content":"complete","count":29,"concept":[{"code":"401","display":"Área Médica Adulto Cuidados Básicos"},{"code":"402","display":"Área Médica Adulto Cuidados Medios"},{"code":"403","display":"Área Médico-Quirúrgico Cuidados Básicos"},{"code":"404","display":"Área Médico-Quirúrgico Cuidados Medios"},{"code":"405","display":"Área Cuidados Intensivos Adultos"},{"code":"406","display":"Área Cuidados Intermedios Adultos"},{"code":"407","display":"Área Médica Pediátrica Cuidados Básicos"},{"code":"408","display":"Área Médica Pediátrica Cuidados Medios"},{"code":"409","display":"Área Médico-Quirúrgico Pediátrica Cuidados Básicos"},{"code":"410","display":"Área Médico-Quirúrgico Pediátrica Cuidados Medios"},{"code":"411","display":"Área Cuidados Intensivos Pediátricos"},{"code":"412","display":"Área Cuidados Intermedios Pediátricos"},{"code":"413","display":"Área Neonatología Cuidados Básicos"},{"code":"414","display":"Área Neonatología Cuidados Intensivos"},{"code":"415","display":"Área Neonatología Cuidados Intermedios"},{"code":"416","display":"Área Obstetricia"},{"code":"330","display":"Área Pensionado"},{"code":"418","display":"Área Psiquiatría Adulto Corta estadía"},{"code":"419","display":"Área Psiquiatría Adulto Mediana estadía"},{"code":"420","display":"Área Psiquiatría Adulto Larga estadía"},{"code":"421","display":"Área Psiquiatría Infanto-adolescente corta estadía"},{"code":"422","display":"Área Psiquiatría Infanto-adolescente mediana estadía"},{"code":"423","display":"Área Psiquiatría Forense Adulto evaluación e inicio tto."},{"code":"424","display":"Área Psiquiatría Forense Adulto tratamiento"},{"code":"425","display":"Área Psiquiatría Forense Infanto Adolescente evaluación e inicio tto."},{"code":"426","display":"Área Psiquiatría Forense Infanto Adolescente tratamiento"},{"code":"427","display":"Área Sociosanitaria Adulto"},{"code":"428","display":"Área de Hospitalización de Cuidados Intensivos en Psiquiatría Adulto"},{"code":"429","display":"Área de Hospitalización de Cuidados Intensivos en Psiquiatría Infanto Adolescente"}]}