{"resourceType":"CodeSystem","id":"indicacion-traslado-otro-centro","text":{"status":"generated","div":"<div xmlns=\"http://www.w3.org/1999/xhtml\"><p class=\"res-header-id\"><b>Generated Narrative: CodeSystem indicacion-traslado-otro-centro</b></p><a name=\"indicacion-traslado-otro-centro\"> </a><a name=\"hcindicacion-traslado-otro-centro\"> </a><a name=\"indicacion-traslado-otro-centro-es-CL\"> </a><p>This case-sensitive code system <code>https://interoperabilidad.minsal.cl/fhir/ig/urgencia/CodeSystem/indicacion-traslado-otro-centro</code> defines the following codes:</p><table class=\"codes\"><tr><td style=\"white-space:nowrap\"><b>Code</b></td><td><b>Display</b></td></tr><tr><td style=\"white-space:nowrap\">1<a name=\"indicacion-traslado-otro-centro-1\"> </a></td><td>Traslado a otro centro asistencial o establecimiento sanitario (Perteneciente al SNSS)</td></tr><tr><td style=\"white-space:nowrap\">2<a name=\"indicacion-traslado-otro-centro-2\"> </a></td><td>Traslado a otro centro asistencial o establecimiento de particulares (No perteneciente al SNSS, establecimiento privado)</td></tr></table></div>"},"url":"https://interoperabilidad.minsal.cl/fhir/ig/urgencia/CodeSystem/indicacion-traslado-otro-centro","version":"0.1.1","name":"CSIndicacionTrasladoOtroCentro","title":"Indicación Traslado Otro Centro","status":"active","experimental":false,"date":"2024-12-17T10:22:12-03:00","publisher":"Unidad de Interoperabilidad - MINSAL","contact":[{"name":"Unidad de Interoperabilidad - MINSAL","telecom":[{"system":"url","value":"https://interoperabilidad.minsal.cl"}]},{"name":"Roberto Araneda","telecom":[{"system":"email","value":"roberto.araneda@chiledata.cl","use":"work"}]},{"name":"John Díaz","telecom":[{"system":"email","value":"john.diaz@chiledata.cl","use":"work"}]}],"description":"Códigos correspondientes a la derivación  o traslado del usuario a otro centro asistencial de salud, el cual puede ser o no perteneciente al Servicio Nacional de Salud.","jurisdiction":[{"coding":[{"system":"urn:iso:std:iso:3166","code":"CL","display":"Chile"}]}],"caseSensitive":true,"content":"complete","count":2,"concept":[{"code":"1","display":"Traslado a otro centro asistencial o establecimiento sanitario (Perteneciente al SNSS)"},{"code":"2","display":"Traslado a otro centro asistencial o establecimiento de particulares (No perteneciente al SNSS, establecimiento privado)"}]}