{"resourceType":"CodeSystem","id":"especialidad-odontologica","text":{"status":"generated","div":"<div xmlns=\"http://www.w3.org/1999/xhtml\"><p class=\"res-header-id\"><b>Generated Narrative: CodeSystem especialidad-odontologica</b></p><a name=\"especialidad-odontologica\"> </a><a name=\"hcespecialidad-odontologica\"> </a><a name=\"especialidad-odontologica-es-CL\"> </a><p>This case-sensitive code system <code>https://interoperabilidad.minsal.cl/fhir/ig/urgencia/CodeSystem/especialidad-odontologica</code> defines the following codes:</p><table class=\"codes\"><tr><td style=\"white-space:nowrap\"><b>Code</b></td><td><b>Display</b></td></tr><tr><td style=\"white-space:nowrap\">1<a name=\"especialidad-odontologica-1\"> </a></td><td>Cirugía y Traumatología Buco Maxilofacial</td></tr><tr><td style=\"white-space:nowrap\">2<a name=\"especialidad-odontologica-2\"> </a></td><td>Cirugía Bucal</td></tr><tr><td style=\"white-space:nowrap\">3<a name=\"especialidad-odontologica-3\"> </a></td><td>Endodoncia</td></tr><tr><td style=\"white-space:nowrap\">4<a name=\"especialidad-odontologica-4\"> </a></td><td>Imagenología Oral y Maxilofacial</td></tr><tr><td style=\"white-space:nowrap\">5<a name=\"especialidad-odontologica-5\"> </a></td><td>Implantología Buco Maxilofacial</td></tr><tr><td style=\"white-space:nowrap\">6<a name=\"especialidad-odontologica-6\"> </a></td><td>Odontología legal</td></tr><tr><td style=\"white-space:nowrap\">7<a name=\"especialidad-odontologica-7\"> </a></td><td>Odontopediatría</td></tr><tr><td style=\"white-space:nowrap\">8<a name=\"especialidad-odontologica-8\"> </a></td><td>Ortodoncia y Ortopedia Dento Máxilo Facial</td></tr><tr><td style=\"white-space:nowrap\">9<a name=\"especialidad-odontologica-9\"> </a></td><td>Patología Oral</td></tr><tr><td style=\"white-space:nowrap\">10<a name=\"especialidad-odontologica-10\"> </a></td><td>Periodoncia</td></tr><tr><td style=\"white-space:nowrap\">11<a name=\"especialidad-odontologica-11\"> </a></td><td>Rehabilitación Oral</td></tr><tr><td style=\"white-space:nowrap\">12<a name=\"especialidad-odontologica-12\"> </a></td><td>Salud Pública</td></tr><tr><td style=\"white-space:nowrap\">13<a name=\"especialidad-odontologica-13\"> </a></td><td>Somato-Prótesis</td></tr><tr><td style=\"white-space:nowrap\">14<a name=\"especialidad-odontologica-14\"> </a></td><td>Trastornos Temporomandibulares Y Dolor Orofacial</td></tr></table></div>"},"url":"https://interoperabilidad.minsal.cl/fhir/ig/urgencia/CodeSystem/especialidad-odontologica","version":"0.1.1","name":"CSEspecialidadOdontologica","title":"Especialidad Odontológica","status":"active","experimental":false,"date":"2024-12-17T10:22:12-03:00","publisher":"Unidad de Interoperabilidad - MINSAL","contact":[{"name":"Unidad de Interoperabilidad - MINSAL","telecom":[{"system":"url","value":"https://interoperabilidad.minsal.cl"}]},{"name":"Roberto Araneda","telecom":[{"system":"email","value":"roberto.araneda@chiledata.cl","use":"work"}]},{"name":"John Díaz","telecom":[{"system":"email","value":"john.diaz@chiledata.cl","use":"work"}]}],"description":"Especialidades odontológicas","jurisdiction":[{"coding":[{"system":"urn:iso:std:iso:3166","code":"CL","display":"Chile"}]}],"caseSensitive":true,"content":"complete","count":14,"concept":[{"code":"1","display":"Cirugía y Traumatología Buco Maxilofacial"},{"code":"2","display":"Cirugía Bucal"},{"code":"3","display":"Endodoncia"},{"code":"4","display":"Imagenología Oral y Maxilofacial"},{"code":"5","display":"Implantología Buco Maxilofacial"},{"code":"6","display":"Odontología legal"},{"code":"7","display":"Odontopediatría"},{"code":"8","display":"Ortodoncia y Ortopedia Dento Máxilo Facial"},{"code":"9","display":"Patología Oral"},{"code":"10","display":"Periodoncia"},{"code":"11","display":"Rehabilitación Oral"},{"code":"12","display":"Salud Pública"},{"code":"13","display":"Somato-Prótesis"},{"code":"14","display":"Trastornos Temporomandibulares Y Dolor Orofacial"}]}