{"resourceType":"ValueSet","id":"RelacionAcompanante","text":{"status":"generated","div":"<div xmlns=\"http://www.w3.org/1999/xhtml\"><p class=\"res-header-id\"><b>Generated Narrative: ValueSet RelacionAcompanante</b></p><a name=\"RelacionAcompanante\"> </a><a name=\"hcRelacionAcompanante\"> </a><a name=\"RelacionAcompanante-es-CL\"> </a><ul><li>Include all codes defined in <a href=\"CodeSystem-RelacionAcompanante.html\"><code>https://interoperabilidad.minsal.cl/fhir/ig/urgencia/CodeSystem/RelacionAcompanante</code></a></li></ul></div>"},"url":"https://interoperabilidad.minsal.cl/fhir/ig/urgencia/ValueSet/RelacionAcompanante","version":"0.1.0","name":"VSRelacionAcompanante","title":"Relación Acompañante","status":"draft","experimental":false,"date":"2024-11-07T14:38:19-03:00","publisher":"Unidad de Interoperabilidad - MINSAL","contact":[{"name":"Unidad de Interoperabilidad - MINSAL","telecom":[{"system":"url","value":"https://interoperabilidad.minsal.cl"}]},{"name":"Roberto Araneda","telecom":[{"system":"email","value":"roberto.araneda@chiledata.cl","use":"work"}]},{"name":"John Díaz","telecom":[{"system":"email","value":"john.diaz@chiledata.cl","use":"work"}]}],"description":"Conjunto de códigos que representan la relación del acompañante con el paciente.","jurisdiction":[{"coding":[{"system":"urn:iso:std:iso:3166","code":"CL","display":"Chile"}]}],"compose":{"include":[{"system":"https://interoperabilidad.minsal.cl/fhir/ig/urgencia/CodeSystem/RelacionAcompanante"}]}}