{"resourceType":"ValueSet","id":"lesion-autoinflingida","text":{"status":"generated","div":"<div xmlns=\"http://www.w3.org/1999/xhtml\"><p class=\"res-header-id\"><b>Generated Narrative: ValueSet lesion-autoinflingida</b></p><a name=\"lesion-autoinflingida\"> </a><a name=\"hclesion-autoinflingida\"> </a><a name=\"lesion-autoinflingida-en-US\"> </a><ul><li>Include all codes defined in <a href=\"CodeSystem-lesion-autoinflingida.html\"><code>http://proceso-urgencia.minsal.cl/CodeSystem/lesion-autoinflingida</code></a></li></ul></div>"},"url":"http://proceso-urgencia.minsal.cl/ValueSet/lesion-autoinflingida","version":"0.1.0","name":"VSLesionAutoinflingida","title":"Lesión Autoinflingida","status":"draft","experimental":false,"date":"2024-08-29T09:57:29-04:00","publisher":"ChileData","contact":[{"name":"ChileData","telecom":[{"system":"url","value":"http://chiledata.cl"}]},{"name":"Roberto Araneda","telecom":[{"system":"email","value":"roberto.araneda@chiledata.cl","use":"work"}]},{"name":"John Díaz","telecom":[{"system":"email","value":"john.diaz@chiledata.cl","use":"work"}]}],"description":"Códigos de lesión autoinflingida","compose":{"include":[{"system":"http://proceso-urgencia.minsal.cl/CodeSystem/lesion-autoinflingida"}]}}