{"resourceType":"ValueSet","id":"tipo-via-residencia","text":{"status":"generated","div":"<div xmlns=\"http://www.w3.org/1999/xhtml\"><p class=\"res-header-id\"><b>Generated Narrative: ValueSet tipo-via-residencia</b></p><a name=\"tipo-via-residencia\"> </a><a name=\"hctipo-via-residencia\"> </a><a name=\"tipo-via-residencia-en-US\"> </a><ul><li>Include all codes defined in <a href=\"CodeSystem-tipo-via-residencia.html\"><code>http://proceso-urgencia.minsal.cl/CodeSystem/tipo-via-residencia</code></a></li></ul></div>"},"url":"http://proceso-urgencia.minsal.cl/ValueSet/tipo-via-residencia","version":"0.1.0","name":"VSTipoViaResidencia","title":"VSTipoViaResidencia","status":"draft","experimental":false,"date":"2024-08-27T17:49:18-04:00","publisher":"ChileData","contact":[{"name":"ChileData","telecom":[{"system":"url","value":"http://chiledata.cl"}]},{"name":"Roberto Araneda","telecom":[{"system":"email","value":"roberto.araneda@chiledata.cl","use":"work"}]},{"name":"John Díaz","telecom":[{"system":"email","value":"john.diaz@chiledata.cl","use":"work"}]}],"description":"Códigos de tipo de vía de residencia Norma 820","compose":{"include":[{"system":"http://proceso-urgencia.minsal.cl/CodeSystem/tipo-via-residencia"}]}}