{"resourceType":"ValueSet","id":"tipo-solicitud","text":{"status":"generated","div":"<div xmlns=\"http://www.w3.org/1999/xhtml\"><p class=\"res-header-id\"><b>Generated Narrative: ValueSet tipo-solicitud</b></p><a name=\"tipo-solicitud\"> </a><a name=\"hctipo-solicitud\"> </a><a name=\"tipo-solicitud-en-US\"> </a><ul><li>Include all codes defined in <a href=\"CodeSystem-tipo-solicitud.html\"><code>http://proceso-urgencia.minsal.cl/CodeSystem/tipo-solicitud</code></a></li></ul></div>"},"url":"http://proceso-urgencia.minsal.cl/ValueSet/tipo-solicitud","version":"0.1.0","name":"VSTipoSolicitud","title":"Tipo de Solicitud","status":"draft","experimental":false,"date":"2024-08-27T17:49:18-04:00","publisher":"ChileData","contact":[{"name":"ChileData","telecom":[{"system":"url","value":"http://chiledata.cl"}]},{"name":"Roberto Araneda","telecom":[{"system":"email","value":"roberto.araneda@chiledata.cl","use":"work"}]},{"name":"John Díaz","telecom":[{"system":"email","value":"john.diaz@chiledata.cl","use":"work"}]}],"description":"Set de códigos para el tipo de solicitud realizados durante un encuentro de atención de urgencia","compose":{"include":[{"system":"http://proceso-urgencia.minsal.cl/CodeSystem/tipo-solicitud"}]}}