{"resourceType":"ValueSet","id":"MedioDeLlegada","text":{"status":"generated","div":"<div xmlns=\"http://www.w3.org/1999/xhtml\"><p class=\"res-header-id\"><b>Generated Narrative: ValueSet MedioDeLlegada</b></p><a name=\"MedioDeLlegada\"> </a><a name=\"hcMedioDeLlegada\"> </a><a name=\"MedioDeLlegada-es-CL\"> </a><ul><li>Include all codes defined in <a href=\"CodeSystem-MedioDeLlegada.html\"><code>https://interoperabilidad.minsal.cl/fhir/ig/urgencia/CodeSystem/MedioDeLlegada</code></a></li></ul></div>"},"url":"https://interoperabilidad.minsal.cl/fhir/ig/urgencia/ValueSet/MedioDeLlegada","version":"0.1.0","name":"VSMedioDeLlegada","title":"Medio de Llegada","status":"draft","experimental":false,"date":"2024-11-07T14:38:19-03:00","publisher":"Unidad de Interoperabilidad - MINSAL","contact":[{"name":"Unidad de Interoperabilidad - MINSAL","telecom":[{"system":"url","value":"https://interoperabilidad.minsal.cl"}]},{"name":"Roberto Araneda","telecom":[{"system":"email","value":"roberto.araneda@chiledata.cl","use":"work"}]},{"name":"John Díaz","telecom":[{"system":"email","value":"john.diaz@chiledata.cl","use":"work"}]}],"description":"Set de códigos que corresponden a las posibles formas de llegada de un paciente a un servicio de atención de urgencia","jurisdiction":[{"coding":[{"system":"urn:iso:std:iso:3166","code":"CL","display":"Chile"}]}],"compose":{"include":[{"system":"https://interoperabilidad.minsal.cl/fhir/ig/urgencia/CodeSystem/MedioDeLlegada"}]}}