{"resourceType":"ValueSet","id":"titulo-profesional-medico","text":{"status":"generated","div":"<div xmlns=\"http://www.w3.org/1999/xhtml\"><p class=\"res-header-id\"><b>Generated Narrative: ValueSet titulo-profesional-medico</b></p><a name=\"titulo-profesional-medico\"> </a><a name=\"hctitulo-profesional-medico\"> </a><a name=\"titulo-profesional-medico-en-US\"> </a><ul><li>Include these codes as defined in <a href=\"CodeSystem-titulo-profesional.html\"><code>http://proceso-urgencia.minsal.cl/CodeSystem/titulo-profesional</code></a><table class=\"none\"><tr><td style=\"white-space:nowrap\"><b>Code</b></td><td><b>Display</b></td></tr><tr><td><a href=\"CodeSystem-titulo-profesional.html#titulo-profesional-1\">1</a></td><td style=\"color: #cccccc\">MÉDICO CIRUJANO</td></tr><tr><td><a href=\"CodeSystem-titulo-profesional.html#titulo-profesional-2\">2</a></td><td style=\"color: #cccccc\">CIRUJANO DENTISTA</td></tr></table></li></ul></div>"},"url":"http://proceso-urgencia.minsal.cl/ValueSet/titulo-profesional-medico","version":"0.1.0","name":"VSTituloProfesionalMedico","title":"Título Profesional Médico","status":"draft","experimental":false,"date":"2024-08-27T17:49:18-04:00","publisher":"ChileData","contact":[{"name":"ChileData","telecom":[{"system":"url","value":"http://chiledata.cl"}]},{"name":"Roberto Araneda","telecom":[{"system":"email","value":"roberto.araneda@chiledata.cl","use":"work"}]},{"name":"John Díaz","telecom":[{"system":"email","value":"john.diaz@chiledata.cl","use":"work"}]}],"description":"Códigos de los títulos profesionales médicos u odontólogo de un profesional de la salud que participa de la atención de un paciente","compose":{"include":[{"system":"http://proceso-urgencia.minsal.cl/CodeSystem/titulo-profesional","concept":[{"code":"1"},{"code":"2"}]}]}}