{"resourceType":"ValueSet","id":"abandono","text":{"status":"generated","div":"<div xmlns=\"http://www.w3.org/1999/xhtml\"><p class=\"res-header-id\"><b>Generated Narrative: ValueSet abandono</b></p><a name=\"abandono\"> </a><a name=\"hcabandono\"> </a><a name=\"abandono-es-CL\"> </a><ul><li>Include all codes defined in <a href=\"CodeSystem-abandono.html\"><code>https://interoperabilidad.minsal.cl/fhir/ig/urgencia/CodeSystem/abandono</code></a></li></ul></div>"},"url":"https://interoperabilidad.minsal.cl/fhir/ig/urgencia/ValueSet/abandono","version":"0.1.0","name":"VSAbandono","title":"Abandono","status":"active","experimental":false,"date":"2024-12-16T14:50:05-03:00","publisher":"Unidad de Interoperabilidad - MINSAL","contact":[{"name":"Unidad de Interoperabilidad - MINSAL","telecom":[{"system":"url","value":"https://interoperabilidad.minsal.cl"}]},{"name":"Roberto Araneda","telecom":[{"system":"email","value":"roberto.araneda@chiledata.cl","use":"work"}]},{"name":"John Díaz","telecom":[{"system":"email","value":"john.diaz@chiledata.cl","use":"work"}]}],"description":"Códigos asociados al tipo de abandono del paciente desde urgencia.","jurisdiction":[{"coding":[{"system":"urn:iso:std:iso:3166","code":"CL","display":"Chile"}]}],"compose":{"include":[{"system":"https://interoperabilidad.minsal.cl/fhir/ig/urgencia/CodeSystem/abandono"}]}}