{"resourceType":"ValueSet","id":"lesion-autoinflingida","text":{"status":"generated","div":"<div xmlns=\"http://www.w3.org/1999/xhtml\"><p class=\"res-header-id\"><b>Generated Narrative: ValueSet lesion-autoinflingida</b></p><a name=\"lesion-autoinflingida\"> </a><a name=\"hclesion-autoinflingida\"> </a><a name=\"lesion-autoinflingida-es-CL\"> </a><ul><li>Include all codes defined in <a href=\"CodeSystem-lesion-autoinflingida.html\"><code>https://interoperabilidad.minsal.cl/fhir/ig/urgencia/CodeSystem/lesion-autoinflingida</code></a></li></ul></div>"},"url":"https://interoperabilidad.minsal.cl/fhir/ig/urgencia/ValueSet/lesion-autoinflingida","version":"0.1.0","name":"VSLesionAutoinflingida","title":"Lesión Autoinflingida","status":"draft","experimental":false,"date":"2024-12-13T10:10:51-03:00","publisher":"Unidad de Interoperabilidad - MINSAL","contact":[{"name":"Unidad de Interoperabilidad - MINSAL","telecom":[{"system":"url","value":"https://interoperabilidad.minsal.cl"}]},{"name":"Roberto Araneda","telecom":[{"system":"email","value":"roberto.araneda@chiledata.cl","use":"work"}]},{"name":"John Díaz","telecom":[{"system":"email","value":"john.diaz@chiledata.cl","use":"work"}]}],"description":"Códigos de lesión autoinflingida","jurisdiction":[{"coding":[{"system":"urn:iso:std:iso:3166","code":"CL","display":"Chile"}]}],"compose":{"include":[{"system":"https://interoperabilidad.minsal.cl/fhir/ig/urgencia/CodeSystem/lesion-autoinflingida"}]}}