{"resourceType":"ValueSet","id":"indicacion-alta","text":{"status":"generated","div":"<div xmlns=\"http://www.w3.org/1999/xhtml\"><p class=\"res-header-id\"><b>Generated Narrative: ValueSet indicacion-alta</b></p><a name=\"indicacion-alta\"> </a><a name=\"hcindicacion-alta\"> </a><a name=\"indicacion-alta-es-CL\"> </a><ul><li>Include all codes defined in <a href=\"CodeSystem-indicacion-alta.html\"><code>https://interoperabilidad.minsal.cl/fhir/ig/urgencia/CodeSystem/indicacion-alta</code></a></li></ul></div>"},"url":"https://interoperabilidad.minsal.cl/fhir/ig/urgencia/ValueSet/indicacion-alta","version":"0.1.0","name":"VSIndicacionAlta","title":"Indicación de Alta","status":"draft","experimental":false,"date":"2024-12-13T10:10:51-03:00","publisher":"Unidad de Interoperabilidad - MINSAL","contact":[{"name":"Unidad de Interoperabilidad - MINSAL","telecom":[{"system":"url","value":"https://interoperabilidad.minsal.cl"}]},{"name":"Roberto Araneda","telecom":[{"system":"email","value":"roberto.araneda@chiledata.cl","use":"work"}]},{"name":"John Díaz","telecom":[{"system":"email","value":"john.diaz@chiledata.cl","use":"work"}]}],"description":"Códigos asociados al destino de alta dados por parte del profesional médico al usuario posterior a su atención de urgencia.","jurisdiction":[{"coding":[{"system":"urn:iso:std:iso:3166","code":"CL","display":"Chile"}]}],"compose":{"include":[{"system":"https://interoperabilidad.minsal.cl/fhir/ig/urgencia/CodeSystem/indicacion-alta"}]}}