{"resourceType":"ValueSet","id":"codigo-paises","text":{"status":"generated","div":"<div xmlns=\"http://www.w3.org/1999/xhtml\"><p class=\"res-header-id\"><b>Generated Narrative: ValueSet codigo-paises</b></p><a name=\"codigo-paises\"> </a><a name=\"hccodigo-paises\"> </a><a name=\"codigo-paises-en-US\"> </a><ul><li>Include all codes defined in <a href=\"CodeSystem-codigo-paises.html\"><code>http://proceso-urgencia.minsal.cl/CodeSystem/codigo-paises</code></a></li></ul></div>"},"url":"http://proceso-urgencia.minsal.cl/ValueSet/codigo-paises","version":"0.1.0","name":"VSCodigoPaises","title":"VSCodigoPaises","status":"draft","experimental":false,"date":"2024-08-27T17:49:18-04:00","publisher":"ChileData","contact":[{"name":"ChileData","telecom":[{"system":"url","value":"http://chiledata.cl"}]},{"name":"Roberto Araneda","telecom":[{"system":"email","value":"roberto.araneda@chiledata.cl","use":"work"}]},{"name":"John Díaz","telecom":[{"system":"email","value":"john.diaz@chiledata.cl","use":"work"}]}],"description":"Códigos de países según ISO 3166 (Norma 820)","compose":{"include":[{"system":"http://proceso-urgencia.minsal.cl/CodeSystem/codigo-paises"}]}}