{"resourceType":"ValueSet","id":"sexo-biologico","text":{"status":"generated","div":"<div xmlns=\"http://www.w3.org/1999/xhtml\"><p class=\"res-header-id\"><b>Generated Narrative: ValueSet sexo-biologico</b></p><a name=\"sexo-biologico\"> </a><a name=\"hcsexo-biologico\"> </a><a name=\"sexo-biologico-en-US\"> </a><ul><li>Include all codes defined in <a href=\"CodeSystem-sexo-biologico.html\"><code>http://proceso-urgencia.minsal.cl/CodeSystem/sexo-biologico</code></a></li></ul></div>"},"url":"http://proceso-urgencia.minsal.cl/ValueSet/sexo-biologico","version":"0.1.0","name":"VSSexoBiologico","title":"VSSexoBiologico","status":"draft","experimental":false,"date":"2024-08-27T17:49:18-04:00","publisher":"ChileData","contact":[{"name":"ChileData","telecom":[{"system":"url","value":"http://chiledata.cl"}]},{"name":"Roberto Araneda","telecom":[{"system":"email","value":"roberto.araneda@chiledata.cl","use":"work"}]},{"name":"John Díaz","telecom":[{"system":"email","value":"john.diaz@chiledata.cl","use":"work"}]}],"description":"Sexo biológico de la persona.","compose":{"include":[{"system":"http://proceso-urgencia.minsal.cl/CodeSystem/sexo-biologico"}]}}